{"label":"65-admin-lint","cwd":"H:\\codex\\林家餐厅小程序\\family-kitchen-c01","node":"v24.19.0","pnpmCli":"C:\\Users\\Administrator\\AppData\\Local\\pnpm\\store\\v11\\links\\@\\pnpm\\9.12.0\\49d8fa80e8205096741f5238215a507a7cc04fc3d20ff2b1c8b726b65d71c883\\node_modules\\pnpm\\bin\\pnpm.cjs","args":["--filter","@family-kitchen/admin","lint"],"started":"2026-09-03T16:21:42.013Z","timeoutSeconds":120,"sourceChanged":false,"databaseName":"c01_baseline_audit","localServicePorts":[33300,33301,33316,33319]}

> @family-kitchen/admin@0.1.0 lint H:\codex\林家餐厅小程序\family-kitchen-c01\admin
> eslint . --max-warnings 0


H:\codex\林家餐厅小程序\family-kitchen-c01\admin\eslint.config.mjs
   1:13  warning  Delete `␍`  prettier/prettier
   2:33  warning  Delete `␍`  prettier/prettier
   3:37  warning  Delete `␍`  prettier/prettier
   4:57  warning  Delete `␍`  prettier/prettier
   5:58  warning  Delete `␍`  prettier/prettier
   6:1   warning  Delete `␍`  prettier/prettier
   7:17  warning  Delete `␍`  prettier/prettier
   8:4   warning  Delete `␍`  prettier/prettier
   9:87  warning  Delete `␍`  prettier/prettier
  10:5   warning  Delete `␍`  prettier/prettier
  11:30  warning  Delete `␍`  prettier/prettier
  12:38  warning  Delete `␍`  prettier/prettier
  13:20  warning  Delete `␍`  prettier/prettier
  14:18  warning  Delete `␍`  prettier/prettier
  15:4   warning  Delete `␍`  prettier/prettier
  16:13  warning  Delete `␍`  prettier/prettier
  17:47  warning  Delete `␍`  prettier/prettier
  18:52  warning  Delete `␍`  prettier/prettier
  19:7   warning  Delete `␍`  prettier/prettier
  20:5   warning  Delete `␍`  prettier/prettier
  21:3   warning  Delete `␍`  prettier/prettier

H:\codex\林家餐厅小程序\family-kitchen-c01\admin\src\App.vue
   1:25  warning  Delete `␍`  prettier/prettier
   2:49  warning  Delete `␍`  prettier/prettier
   3:54  warning  Delete `␍`  prettier/prettier
   4:10  warning  Delete `␍`  prettier/prettier
   5:1   warning  Delete `␍`  prettier/prettier
   6:11  warning  Delete `␍`  prettier/prettier
   7:38  warning  Delete `␍`  prettier/prettier
   8:19  warning  Delete `␍`  prettier/prettier
   9:24  warning  Delete `␍`  prettier/prettier
  10:12  warning  Delete `␍`  prettier/prettier

H:\codex\林家餐厅小程序\family-kitchen-c01\admin\src\api\admin.ts
    1:55  warning  Delete `␍`  prettier/prettier
    2:1   warning  Delete `␍`  prettier/prettier
    3:64  warning  Delete `␍`  prettier/prettier
    4:11  warning  Delete `␍`  prettier/prettier
    5:64  warning  Delete `␍`  prettier/prettier
    6:1   warning  Delete `␍`  prettier/prettier
    7:32  warning  Delete `␍`  prettier/prettier
    8:22  warning  Delete `␍`  prettier/prettier
    9:25  warning  Delete `␍`  prettier/prettier
   10:32  warning  Delete `␍`  prettier/prettier
   11:20  warning  Delete `␍`  prettier/prettier
   12:24  warning  Delete `␍`  prettier/prettier
   13:28  warning  Delete `␍`  prettier/prettier
   14:34  warning  Delete `␍`  prettier/prettier
   15:22  warning  Delete `␍`  prettier/prettier
   16:2   warning  Delete `␍`  prettier/prettier
   17:1   warning  Delete `␍`  prettier/prettier
   18:64  warning  Delete `␍`  prettier/prettier
   19:26  warning  Delete `␍`  prettier/prettier
   20:64  warning  Delete `␍`  prettier/prettier
   21:1   warning  Delete `␍`  prettier/prettier
   22:29  warning  Delete `␍`  prettier/prettier
   23:14  warning  Delete `␍`  prettier/prettier
   24:20  warning  Delete `␍`  prettier/prettier
   25:28  warning  Delete `␍`  prettier/prettier
   26:25  warning  Delete `␍`  prettier/prettier
   27:2   warning  Delete `␍`  prettier/prettier
   28:1   warning  Delete `␍`  prettier/prettier
   29:64  warning  Delete `␍`  prettier/prettier
   30:10  warning  Delete `␍`  prettier/prettier
   31:64  warning  Delete `␍`  prettier/prettier
   32:1   warning  Delete `␍`  prettier/prettier
   33:38  warning  Delete `␍`  prettier/prettier
   34:14  warning  Delete `␍`  prettier/prettier
   35:16  warning  Delete `␍`  prettier/prettier
   36:18  warning  Delete `␍`  prettier/prettier
   37:23  warning  Delete `␍`  prettier/prettier
   38:22  warning  Delete `␍`  prettier/prettier
   39:21  warning  Delete `␍`  prettier/prettier
   40:2   warning  Delete `␍`  prettier/prettier
   41:1   warning  Delete `␍`  prettier/prettier
   42:64  warning  Delete `␍`  prettier/prettier
   43:19  warning  Delete `␍`  prettier/prettier
   44:20  warning  Delete `␍`  prettier/prettier
   45:22  warning  Delete `␍`  prettier/prettier
   46:30  warning  Delete `␍`  prettier/prettier
   47:18  warning  Delete `␍`  prettier/prettier
   48:22  warning  Delete `␍`  prettier/prettier
   49:6   warning  Delete `␍`  prettier/prettier
   50:24  warning  Delete `␍`  prettier/prettier
   51:16  warning  Delete `␍`  prettier/prettier
   52:20  warning  Delete `␍`  prettier/prettier
   53:23  warning  Delete `␍`  prettier/prettier
   54:6   warning  Delete `␍`  prettier/prettier
   55:2   warning  Delete `␍`  prettier/prettier
   56:1   warning  Delete `␍`  prettier/prettier
   57:40  warning  Delete `␍`  prettier/prettier
   58:14  warning  Delete `␍`  prettier/prettier
   59:18  warning  Delete `␍`  prettier/prettier
   60:24  warning  Delete `␍`  prettier/prettier
   61:24  warning  Delete `␍`  prettier/prettier
   62:24  warning  Delete `␍`  prettier/prettier
   63:22  warning  Delete `␍`  prettier/prettier
   64:32  warning  Delete `␍`  prettier/prettier
   65:30  warning  Delete `␍`  prettier/prettier
   66:23  warning  Delete `␍`  prettier/prettier
   67:21  warning  Delete `␍`  prettier/prettier
   68:2   warning  Delete `␍`  prettier/prettier
   69:1   warning  Delete `␍`  prettier/prettier
   70:37  warning  Delete `␍`  prettier/prettier
   71:14  warning  Delete `␍`  prettier/prettier
   72:16  warning  Delete `␍`  prettier/prettier
   73:22  warning  Delete `␍`  prettier/prettier
   74:22  warning  Delete `␍`  prettier/prettier
   75:24  warning  Delete `␍`  prettier/prettier
   76:22  warning  Delete `␍`  prettier/prettier
   77:22  warning  Delete `␍`  prettier/prettier
   78:28  warning  Delete `␍`  prettier/prettier
   79:21  warning  Delete `␍`  prettier/prettier
   80:2   warning  Delete `␍`  prettier/prettier
   81:1   warning  Delete `␍`  prettier/prettier
   82:36  warning  Delete `␍`  prettier/prettier
   83:14  warning  Delete `␍`  prettier/prettier
   84:21  warning  Delete `␍`  prettier/prettier
   85:19  warning  Delete `␍`  prettier/prettier
   86:20  warning  Delete `␍`  prettier/prettier
   87:32  warning  Delete `␍`  prettier/prettier
   88:37  warning  Delete `␍`  prettier/prettier
   89:22  warning  Delete `␍`  prettier/prettier
   90:2   warning  Delete `␍`  prettier/prettier
   91:1   warning  Delete `␍`  prettier/prettier
   92:37  warning  Delete `␍`  prettier/prettier
   93:17  warning  Delete `␍`  prettier/prettier
   94:21  warning  Delete `␍`  prettier/prettier
   95:19  warning  Delete `␍`  prettier/prettier
   96:23  warning  Delete `␍`  prettier/prettier
   97:2   warning  Delete `␍`  prettier/prettier
   98:1   warning  Delete `␍`  prettier/prettier
   99:64  warning  Delete `␍`  prettier/prettier
  100:8   warning  Delete `␍`  prettier/prettier
  101:64  warning  Delete `␍`  prettier/prettier
  102:1   warning  Delete `␍`  prettier/prettier
  103:36  warning  Delete `␍`  prettier/prettier
  104:14  warning  Delete `␍`  prettier/prettier
  105:20  warning  Delete `␍`  prettier/prettier
  106:28  warning  Delete `␍`  prettier/prettier
  107:25  warning  Delete `␍`  prettier/prettier
  108:34  warning  Delete `␍`  prettier/prettier
  109:22  warning  Delete `␍`  prettier/prettier
  110:21  warning  Delete `␍`  prettier/prettier
  111:2   warning  Delete `␍`  prettier/prettier
  112:1   warning  Delete `␍`  prettier/prettier
  113:60  warning  Delete `␍`  prettier/prettier
  114:24  warning  Delete `␍`  prettier/prettier
  115:28  warning  Delete `␍`  prettier/prettier
  116:28  warning  Delete `␍`  prettier/prettier
  117:28  warning  Delete `␍`  prettier/prettier
  118:28  warning  Delete `␍`  prettier/prettier
  119:2   warning  Delete `␍`  prettier/prettier
  120:1   warning  Delete `␍`  prettier/prettier
  121:41  warning  Delete `␍`  prettier/prettier
  122:14  warning  Delete `␍`  prettier/prettier
  123:20  warning  Delete `␍`  prettier/prettier
  124:24  warning  Delete `␍`  prettier/prettier
  125:24  warning  Delete `␍`  prettier/prettier
  126:22  warning  Delete `␍`  prettier/prettier
  127:32  warning  Delete `␍`  prettier/prettier
  128:30  warning  Delete `␍`  prettier/prettier
  129:23  warning  Delete `␍`  prettier/prettier
  130:21  warning  Delete `␍`  prettier/prettier
  131:2   warning  Delete `␍`  prettier/prettier
  132:1   warning  Delete `␍`  prettier/prettier
  133:35  warning  Delete `␍`  prettier/prettier
  134:17  warning  Delete `␍`  prettier/prettier
  135:21  warning  Delete `␍`  prettier/prettier
  136:19  warning  Delete `␍`  prettier/prettier
  137:2   warning  Delete `␍`  prettier/prettier
  138:1   warning  Delete `␍`  prettier/prettier
  139:64  warning  Delete `␍`  prettier/prettier
  140:9   warning  Delete `␍`  prettier/prettier
  141:64  warning  Delete `␍`  prettier/prettier
  142:1   warning  Delete `␍`  prettier/prettier
  143:37  warning  Delete `␍`  prettier/prettier
  144:14  warning  Delete `␍`  prettier/prettier
  145:20  warning  Delete `␍`  prettier/prettier
  146:26  warning  Delete `␍`  prettier/prettier
  147:22  warning  Delete `␍`  prettier/prettier
  148:18  warning  Delete `␍`  prettier/prettier
  149:27  warning  Delete `␍`  prettier/prettier
  150:21  warning  Delete `␍`  prettier/prettier
  151:30  warning  Delete `␍`  prettier/prettier
  152:24  warning  Delete `␍`  prettier/prettier
  153:20  warning  Delete `␍`  prettier/prettier
  154:37  warning  Delete `␍`  prettier/prettier
  155:2   warning  Delete `␍`  prettier/prettier
  156:1   warning  Delete `␍`  prettier/prettier
  157:34  warning  Delete `␍`  prettier/prettier
  158:14  warning  Delete `␍`  prettier/prettier
  159:27  warning  Delete `␍`  prettier/prettier
  160:43  warning  Delete `␍`  prettier/prettier
  161:30  warning  Delete `␍`  prettier/prettier
  162:2   warning  Delete `␍`  prettier/prettier
  163:1   warning  Delete `␍`  prettier/prettier
  164:36  warning  Delete `␍`  prettier/prettier
  165:14  warning  Delete `␍`  prettier/prettier
  166:17  warning  Delete `␍`  prettier/prettier
  167:26  warning  Delete `␍`  prettier/prettier
  168:23  warning  Delete `␍`  prettier/prettier
  169:28  warning  Delete `␍`  prettier/prettier
  170:21  warning  Delete `␍`  prettier/prettier
  171:2   warning  Delete `␍`  prettier/prettier
  172:1   warning  Delete `␍`  prettier/prettier
  173:62  warning  Delete `␍`  prettier/prettier
  174:34  warning  Delete `␍`  prettier/prettier
  175:32  warning  Delete `␍`  prettier/prettier
  176:31  warning  Delete `␍`  prettier/prettier
  177:27  warning  Delete `␍`  prettier/prettier
  178:29  warning  Delete `␍`  prettier/prettier
  179:27  warning  Delete `␍`  prettier/prettier
  180:35  warning  Delete `␍`  prettier/prettier
  181:2   warning  Delete `␍`  prettier/prettier
  182:1   warning  Delete `␍`  prettier/prettier
  183:37  warning  Delete `␍`  prettier/prettier
  184:14  warning  Delete `␍`  prettier/prettier
  185:31  warning  Delete `␍`  prettier/prettier
  186:33  warning  Delete `␍`  prettier/prettier
  187:16  warning  Delete `␍`  prettier/prettier
  188:36  warning  Delete `␍`  prettier/prettier
  189:21  warning  Delete `␍`  prettier/prettier
  190:2   warning  Delete `␍`  prettier/prettier
  191:1   warning  Delete `␍`  prettier/prettier
  192:36  warning  Delete `␍`  prettier/prettier
  193:17  warning  Delete `␍`  prettier/prettier
  194:21  warning  Delete `␍`  prettier/prettier
  195:23  warning  Delete `␍`  prettier/prettier
  196:21  warning  Delete `␍`  prettier/prettier
  197:2   warning  Delete `␍`  prettier/prettier
  198:1   warning  Delete `␍`  prettier/prettier
  199:64  warning  Delete `␍`  prettier/prettier
  200:12  warning  Delete `␍`  prettier/prettier
  201:64  warning  Delete `␍`  prettier/prettier
  202:1   warning  Delete `␍`  prettier/prettier
  203:33  warning  Delete `␍`  prettier/prettier
  204:14  warning  Delete `␍`  prettier/prettier
  205:25  warning  Delete `␍`  prettier/prettier
  206:19  warning  Delete `␍`  prettier/prettier
  207:26  warning  Delete `␍`  prettier/prettier
  208:18  warning  Delete `␍`  prettier/prettier
  209:29  warning  Delete `␍`  prettier/prettier
  210:27  warning  Delete `␍`  prettier/prettier
  211:21  warning  Delete `␍`  prettier/prettier
  212:2   warning  Delete `␍`  prettier/prettier
  213:1   warning  Delete `␍`  prettier/prettier
  214:39  warning  Delete `␍`  prettier/prettier
  215:17  warning  Delete `␍`  prettier/prettier
  216:21  warning  Delete `␍`  prettier/prettier
  217:23  warning  Delete `␍`  prettier/prettier
  218:2   warning  Delete `␍`  prettier/prettier
  219:1   warning  Delete `␍`  prettier/prettier
  220:64  warning  Delete `␍`  prettier/prettier
  221:13  warning  Delete `␍`  prettier/prettier
  222:64  warning  Delete `␍`  prettier/prettier
  223:1   warning  Delete `␍`  prettier/prettier
  224:39  warning  Delete `␍`  prettier/prettier
  225:16  warning  Delete `␍`  prettier/prettier
  226:17  warning  Delete `␍`  prettier/prettier
  227:2   warning  Delete `␍`  prettier/prettier
  228:1   warning  Delete `␍`  prettier/prettier
  229:40  warning  Delete `␍`  prettier/prettier
  230:18  warning  Delete `␍`  prettier/prettier
  231:17  warning  Delete `␍`  prettier/prettier
  232:2   warning  Delete `␍`  prettier/prettier
  233:1   warning  Delete `␍`  prettier/prettier
  234:39  warning  Delete `␍`  prettier/prettier
  235:17  warning  Delete `␍`  prettier/prettier
  236:17  warning  Delete `␍`  prettier/prettier
  237:2   warning  Delete `␍`  prettier/prettier
  238:1   warning  Delete `␍`  prettier/prettier
  239:38  warning  Delete `␍`  prettier/prettier
  240:17  warning  Delete `␍`  prettier/prettier
  241:16  warning  Delete `␍`  prettier/prettier
  242:2   warning  Delete `␍`  prettier/prettier
  243:1   warning  Delete `␍`  prettier/prettier
  244:38  warning  Delete `␍`  prettier/prettier
  245:16  warning  Delete `␍`  prettier/prettier
  246:22  warning  Delete `␍`  prettier/prettier
  247:2   warning  Delete `␍`  prettier/prettier
  248:1   warning  Delete `␍`  prettier/prettier
  249:33  warning  Delete `␍`  prettier/prettier
  250:38  warning  Delete `␍`  prettier/prettier
  251:51  warning  Delete `␍`  prettier/prettier
  252:45  warning  Delete `␍`  prettier/prettier
  253:43  warning  Delete `␍`  prettier/prettier
  254:43  warning  Delete `␍`  prettier/prettier
  255:36  warning  Delete `␍`  prettier/prettier
  256:2   warning  Delete `␍`  prettier/prettier
  257:1   warning  Delete `␍`  prettier/prettier
  258:64  warning  Delete `␍`  prettier/prettier
  259:21  warning  Delete `␍`  prettier/prettier
  260:64  warning  Delete `␍`  prettier/prettier
  261:1   warning  Delete `␍`  prettier/prettier
  262:30  warning  Delete `␍`  prettier/prettier
  263:17  warning  Delete `␍`  prettier/prettier
  264:21  warning  Delete `␍`  prettier/prettier
  265:2   warning  Delete `␍`  prettier/prettier
  266:1   warning  Delete `␍`  prettier/prettier
  267:71  warning  Delete `␍`  prettier/prettier
  268:66  warning  Delete `␍`  prettier/prettier
  269:2   warning  Delete `␍`  prettier/prettier
  270:1   warning  Delete `␍`  prettier/prettier
  271:64  warning  Delete `␍`  prettier/prettier
  272:7   warning  Delete `␍`  prettier/prettier
  273:64  warning  Delete `␍`  prettier/prettier
  274:1   warning  Delete `␍`  prettier/prettier
  275:26  warning  Delete `␍`  prettier/prettier
  276:37  warning  Delete `␍`  prettier/prettier
  277:39  warning  Delete `␍`  prettier/prettier
  278:5   warning  Delete `␍`  prettier/prettier
  279:1   warning  Delete `␍`  prettier/prettier
  280:14  warning  Delete `␍`  prettier/prettier
  281:97  warning  Delete `␍`  prettier/prettier
  282:41  warning  Delete `␍`  prettier/prettier
  283:68  warning  Delete `␍`  prettier/prettier
  284:8   warning  Delete `␍`  prettier/prettier
  285:5   warning  Delete `␍`  prettier/prettier
  286:54  warning  Delete `␍`  prettier/prettier
  287:46  warning  Delete `␍`  prettier/prettier
  288:5   warning  Delete `␍`  prettier/prettier
  289:19  warning  Delete `␍`  prettier/prettier
  290:16  warning  Delete `␍`  prettier/prettier
  291:29  warning  Delete `␍`  prettier/prettier
  292:56  warning  Delete `␍`  prettier/prettier
  293:76  warning  Delete `␍`  prettier/prettier
  294:5   warning  Delete `␍`  prettier/prettier
  295:20  warning  Delete `␍`  prettier/prettier
  296:16  warning  Delete `␍`  prettier/prettier
  297:29  warning  Delete `␍`  prettier/prettier
  298:53  warning  Delete `␍`  prettier/prettier
  299:66  warning  Delete `␍`  prettier/prettier
  300:5   warning  Delete `␍`  prettier/prettier
  301:67  warning  Delete `␍`  prettier/prettier
  302:59  warning  Delete `␍`  prettier/prettier
  303:5   warning  Delete `␍`  prettier/prettier
  304:1   warning  Delete `␍`  prettier/prettier
  305:11  warning  Delete `␍`  prettier/prettier
  306:90  warning  Delete `␍`  prettier/prettier
  307:49  warning  Delete `␍`  prettier/prettier
  308:5   warning  Delete `␍`  prettier/prettier
  309:50  warning  Delete `␍`  prettier/prettier
  310:43  warning  Delete `␍`  prettier/prettier
  311:5   warning  Delete `␍`  prettier/prettier
  312:24  warning  Delete `␍`  prettier/prettier
  313:16  warning  Delete `␍`  prettier/prettier
  314:29  warning  Delete `␍`  prettier/prettier
  315:57  warning  Delete `␍`  prettier/prettier
  316:71  warning  Delete `␍`  prettier/prettier
  317:5   warning  Delete `␍`  prettier/prettier
  318:65  warning  Delete `␍`  prettier/prettier
  319:56  warning  Delete `␍`  prettier/prettier
  320:5   warning  Delete `␍`  prettier/prettier
  321:17  warning  Delete `␍`  prettier/prettier
  322:16  warning  Delete `␍`  prettier/prettier
  323:29  warning  Delete `␍`  prettier/prettier
  324:53  warning  Delete `␍`  prettier/prettier
  325:62  warning  Delete `␍`  prettier/prettier
  326:5   warning  Delete `␍`  prettier/prettier
  327:1   warning  Delete `␍`  prettier/prettier
  328:12  warning  Delete `␍`  prettier/prettier
  329:93  warning  Delete `␍`  prettier/prettier
  330:39  warning  Delete `␍`  prettier/prettier
  331:68  warning  Delete `␍`  prettier/prettier
  332:8   warning  Delete `␍`  prettier/prettier
  333:5   warning  Delete `␍`  prettier/prettier
  334:52  warning  Delete `␍`  prettier/prettier
  335:44  warning  Delete `␍`  prettier/prettier
  336:5   warning  Delete `␍`  prettier/prettier
  337:63  warning  Delete `␍`  prettier/prettier
  338:53  warning  Delete `␍`  prettier/prettier
  339:5   warning  Delete `␍`  prettier/prettier
  340:72  warning  Delete `␍`  prettier/prettier
  341:64  warning  Delete `␍`  prettier/prettier
  342:5   warning  Delete `␍`  prettier/prettier
  343:1   warning  Delete `␍`  prettier/prettier
  344:14  warning  Delete `␍`  prettier/prettier
  345:94  warning  Delete `␍`  prettier/prettier
  346:41  warning  Delete `␍`  prettier/prettier
  347:68  warning  Delete `␍`  prettier/prettier
  348:8   warning  Delete `␍`  prettier/prettier
  349:5   warning  Delete `␍`  prettier/prettier
  350:77  warning  Delete `␍`  prettier/prettier
  351:60  warning  Delete `␍`  prettier/prettier
  352:5   warning  Delete `␍`  prettier/prettier
  353:1   warning  Delete `␍`  prettier/prettier
  354:12  warning  Delete `␍`  prettier/prettier
  355:64  warning  Delete `␍`  prettier/prettier
  356:35  warning  Delete `␍`  prettier/prettier
  357:5   warning  Delete `␍`  prettier/prettier
  358:1   warning  Delete `␍`  prettier/prettier
  359:15  warning  Delete `␍`  prettier/prettier
  360:40  warning  Delete `␍`  prettier/prettier
  361:41  warning  Delete `␍`  prettier/prettier
  362:5   warning  Delete `␍`  prettier/prettier
  363:3   warning  Delete `␍`  prettier/prettier

H:\codex\林家餐厅小程序\family-kitchen-c01\admin\src\api\ai.ts
   1:55  warning  Delete `␍`  prettier/prettier
   2:1   warning  Delete `␍`  prettier/prettier
   3:28  warning  Delete `␍`  prettier/prettier
   4:20  warning  Delete `␍`  prettier/prettier
   5:26  warning  Delete `␍`  prettier/prettier
   6:24  warning  Delete `␍`  prettier/prettier
   7:27  warning  Delete `␍`  prettier/prettier
   8:24  warning  Delete `␍`  prettier/prettier
   9:23  warning  Delete `␍`  prettier/prettier
  10:22  warning  Delete `␍`  prettier/prettier
  11:46  warning  Delete `␍`  prettier/prettier
  12:44  warning  Delete `␍`  prettier/prettier
  13:46  warning  Delete `␍`  prettier/prettier
  14:47  warning  Delete `␍`  prettier/prettier
  15:40  warning  Delete `␍`  prettier/prettier
  16:48  warning  Delete `␍`  prettier/prettier
  17:46  warning  Delete `␍`  prettier/prettier
  18:48  warning  Delete `␍`  prettier/prettier
  19:49  warning  Delete `␍`  prettier/prettier
  20:42  warning  Delete `␍`  prettier/prettier
  21:2   warning  Delete `␍`  prettier/prettier
  22:1   warning  Delete `␍`  prettier/prettier
  23:32  warning  Delete `␍`  prettier/prettier
  24:22  warning  Delete `␍`  prettier/prettier
  25:23  warning  Delete `␍`  prettier/prettier
  26:24  warning  Delete `␍`  prettier/prettier
  27:64  warning  Delete `␍`  prettier/prettier
  28:2   warning  Delete `␍`  prettier/prettier
  29:1   warning  Delete `␍`  prettier/prettier
  30:30  warning  Delete `␍`  prettier/prettier
  31:14  warning  Delete `␍`  prettier/prettier
  32:18  warning  Delete `␍`  prettier/prettier
  33:20  warning  Delete `␍`  prettier/prettier
  34:20  warning  Delete `␍`  prettier/prettier
  35:17  warning  Delete `␍`  prettier/prettier
  36:19  warning  Delete `␍`  prettier/prettier
  37:24  warning  Delete `␍`  prettier/prettier
  38:28  warning  Delete `␍`  prettier/prettier
  39:23  warning  Delete `␍`  prettier/prettier
  40:21  warning  Delete `␍`  prettier/prettier
  41:21  warning  Delete `␍`  prettier/prettier
  42:2   warning  Delete `␍`  prettier/prettier
  43:1   warning  Delete `␍`  prettier/prettier
  44:23  warning  Delete `␍`  prettier/prettier
  45:35  warning  Delete `␍`  prettier/prettier
  46:41  warning  Delete `␍`  prettier/prettier
  47:5   warning  Delete `␍`  prettier/prettier
  48:1   warning  Delete `␍`  prettier/prettier
  49:81  warning  Delete `␍`  prettier/prettier
  50:76  warning  Delete `␍`  prettier/prettier
  51:5   warning  Delete `␍`  prettier/prettier
  52:1   warning  Delete `␍`  prettier/prettier
  53:78  warning  Delete `␍`  prettier/prettier
  54:65  warning  Delete `␍`  prettier/prettier
  55:5   warning  Delete `␍`  prettier/prettier
  56:1   warning  Delete `␍`  prettier/prettier
  57:56  warning  Delete `␍`  prettier/prettier
  58:68  warning  Delete `␍`  prettier/prettier
  59:5   warning  Delete `␍`  prettier/prettier
  60:1   warning  Delete `␍`  prettier/prettier
  61:26  warning  Delete `␍`  prettier/prettier
  62:19  warning  Delete `␍`  prettier/prettier
  63:23  warning  Delete `␍`  prettier/prettier
  64:22  warning  Delete `␍`  prettier/prettier
  65:24  warning  Delete `␍`  prettier/prettier
  66:22  warning  Delete `␍`  prettier/prettier
  67:47  warning  Delete `␍`  prettier/prettier
  68:57  warning  Delete `␍`  prettier/prettier
  69:5   warning  Delete `␍`  prettier/prettier
  70:3   warning  Delete `␍`  prettier/prettier

H:\codex\林家餐厅小程序\family-kitchen-c01\admin\src\api\auth.ts
   1:31  warning  Delete `␍`  prettier/prettier
   2:1   warning  Delete `␍`  prettier/prettier
   3:38  warning  Delete `␍`  prettier/prettier
   4:17  warning  Delete `␍`  prettier/prettier
   5:20  warning  Delete `␍`  prettier/prettier
   6:2   warning  Delete `␍`  prettier/prettier
   7:1   warning  Delete `␍`  prettier/prettier
   8:25  warning  Delete `␍`  prettier/prettier
   9:80  warning  Delete `␍`  prettier/prettier
  10:67  warning  Delete `␍`  prettier/prettier
  11:5   warning  Delete `␍`  prettier/prettier
  12:1   warning  Delete `␍`  prettier/prettier
  13:56  warning  Delete `␍`  prettier/prettier
  14:33  warning  Delete `␍`  prettier/prettier
  15:5   warning  Delete `␍`  prettier/prettier
  16:3   warning  Delete `␍`  prettier/prettier

H:\codex\林家餐厅小程序\family-kitchen-c01\admin\src\api\badge.ts
    1:55  warning  Delete `␍`  prettier/prettier
    2:1   warning  Delete `␍`  prettier/prettier
    3:35  warning  Delete `␍`  prettier/prettier
    4:14  warning  Delete `␍`  prettier/prettier
    5:15  warning  Delete `␍`  prettier/prettier
    6:17  warning  Delete `␍`  prettier/prettier
    7:23  warning  Delete `␍`  prettier/prettier
    8:17  warning  Delete `␍`  prettier/prettier
    9:20  warning  Delete `␍`  prettier/prettier
   10:21  warning  Delete `␍`  prettier/prettier
   11:23  warning  Delete `␍`  prettier/prettier
   12:25  warning  Delete `␍`  prettier/prettier
   13:44  warning  Delete `␍`  prettier/prettier
   14:19  warning  Delete `␍`  prettier/prettier
   15:33  warning  Delete `␍`  prettier/prettier
   16:21  warning  Delete `␍`  prettier/prettier
   17:21  warning  Delete `␍`  prettier/prettier
   18:23  warning  Delete `␍`  prettier/prettier
   19:21  warning  Delete `␍`  prettier/prettier
   20:21  warning  Delete `␍`  prettier/prettier
   21:2   warning  Delete `␍`  prettier/prettier
   22:1   warning  Delete `␍`  prettier/prettier
   23:30  warning  Delete `␍`  prettier/prettier
   24:20  warning  Delete `␍`  prettier/prettier
   25:25  warning  Delete `␍`  prettier/prettier
   26:60  warning  Delete `␍`  prettier/prettier
   27:2   warning  Delete `␍`  prettier/prettier
   28:1   warning  Delete `␍`  prettier/prettier
   29:36  warning  Delete `␍`  prettier/prettier
   30:17  warning  Delete `␍`  prettier/prettier
   31:21  warning  Delete `␍`  prettier/prettier
   32:21  warning  Delete `␍`  prettier/prettier
   33:22  warning  Delete `␍`  prettier/prettier
   34:19  warning  Delete `␍`  prettier/prettier
   35:2   warning  Delete `␍`  prettier/prettier
   36:1   warning  Delete `␍`  prettier/prettier
   37:37  warning  Delete `␍`  prettier/prettier
   38:15  warning  Delete `␍`  prettier/prettier
   39:17  warning  Delete `␍`  prettier/prettier
   40:23  warning  Delete `␍`  prettier/prettier
   41:17  warning  Delete `␍`  prettier/prettier
   42:20  warning  Delete `␍`  prettier/prettier
   43:21  warning  Delete `␍`  prettier/prettier
   44:23  warning  Delete `␍`  prettier/prettier
   45:25  warning  Delete `␍`  prettier/prettier
   46:44  warning  Delete `␍`  prettier/prettier
   47:20  warning  Delete `␍`  prettier/prettier
   48:34  warning  Delete `␍`  prettier/prettier
   49:22  warning  Delete `␍`  prettier/prettier
   50:2   warning  Delete `␍`  prettier/prettier
   51:1   warning  Delete `␍`  prettier/prettier
   52:37  warning  Delete `␍`  prettier/prettier
   53:18  warning  Delete `␍`  prettier/prettier
   54:24  warning  Delete `␍`  prettier/prettier
   55:18  warning  Delete `␍`  prettier/prettier
   56:21  warning  Delete `␍`  prettier/prettier
   57:22  warning  Delete `␍`  prettier/prettier
   58:24  warning  Delete `␍`  prettier/prettier
   59:26  warning  Delete `␍`  prettier/prettier
   60:45  warning  Delete `␍`  prettier/prettier
   61:20  warning  Delete `␍`  prettier/prettier
   62:34  warning  Delete `␍`  prettier/prettier
   63:22  warning  Delete `␍`  prettier/prettier
   64:2   warning  Delete `␍`  prettier/prettier
   65:1   warning  Delete `␍`  prettier/prettier
   66:26  warning  Delete `␍`  prettier/prettier
   67:85  warning  Delete `␍`  prettier/prettier
   68:39  warning  Delete `␍`  prettier/prettier
   69:16  warning  Delete `␍`  prettier/prettier
   70:19  warning  Delete `␍`  prettier/prettier
   71:87  warning  Delete `␍`  prettier/prettier
   72:9   warning  Delete `␍`  prettier/prettier
   73:8   warning  Delete `␍`  prettier/prettier
   74:5   warning  Delete `␍`  prettier/prettier
   75:1   warning  Delete `␍`  prettier/prettier
   76:47  warning  Delete `␍`  prettier/prettier
   77:45  warning  Delete `␍`  prettier/prettier
   78:5   warning  Delete `␍`  prettier/prettier
   79:1   warning  Delete `␍`  prettier/prettier
   80:62  warning  Delete `␍`  prettier/prettier
   81:45  warning  Delete `␍`  prettier/prettier
   82:5   warning  Delete `␍`  prettier/prettier
   83:1   warning  Delete `␍`  prettier/prettier
   84:75  warning  Delete `␍`  prettier/prettier
   85:53  warning  Delete `␍`  prettier/prettier
   86:5   warning  Delete `␍`  prettier/prettier
   87:1   warning  Delete `␍`  prettier/prettier
   88:50  warning  Delete `␍`  prettier/prettier
   89:54  warning  Delete `␍`  prettier/prettier
   90:5   warning  Delete `␍`  prettier/prettier
   91:1   warning  Delete `␍`  prettier/prettier
   92:50  warning  Delete `␍`  prettier/prettier
   93:48  warning  Delete `␍`  prettier/prettier
   94:5   warning  Delete `␍`  prettier/prettier
   95:1   warning  Delete `␍`  prettier/prettier
   96:44  warning  Delete `␍`  prettier/prettier
   97:51  warning  Delete `␍`  prettier/prettier
   98:5   warning  Delete `␍`  prettier/prettier
   99:1   warning  Delete `␍`  prettier/prettier
  100:59  warning  Delete `␍`  prettier/prettier
  101:43  warning  Delete `␍`  prettier/prettier
  102:5   warning  Delete `␍`  prettier/prettier
  103:3   warning  Delete `␍`  prettier/prettier
  104:1   warning  Delete `␍`  prettier/prettier
  105:34  warning  Delete `␍`  prettier/prettier
  106:36  warning  Delete `␍`  prettier/prettier
  107:40  warning  Delete `␍`  prettier/prettier
  108:38  warning  Delete `␍`  prettier/prettier
  109:36  warning  Delete `␍`  prettier/prettier
  110:43  warning  Delete `␍`  prettier/prettier
  111:38  warning  Delete `␍`  prettier/prettier
  112:38  warning  Delete `␍`  prettier/prettier
  113:3   warning  Delete `␍`  prettier/prettier
  114:1   warning  Delete `␍`  prettier/prettier
  115:31  warning  Delete `␍`  prettier/prettier
  116:45  warning  Delete `␍`  prettier/prettier
  117:44  warning  Delete `␍`  prettier/prettier
  118:45  warning  Delete `␍`  prettier/prettier
  119:46  warning  Delete `␍`  prettier/prettier
  120:48  warning  Delete `␍`  prettier/prettier
  121:44  warning  Delete `␍`  prettier/prettier
  122:43  warning  Delete `␍`  prettier/prettier
  123:50  warning  Delete `␍`  prettier/prettier
  124:45  warning  Delete `␍`  prettier/prettier
  125:43  warning  Delete `␍`  prettier/prettier
  126:3   warning  Delete `␍`  prettier/prettier
  127:1   warning  Delete `␍`  prettier/prettier
  128:33  warning  Delete `␍`  prettier/prettier
  129:37  warning  Delete `␍`  prettier/prettier
  130:38  warning  Delete `␍`  prettier/prettier
  131:35  warning  Delete `␍`  prettier/prettier
  132:42  warning  Delete `␍`  prettier/prettier
  133:44  warning  Delete `␍`  prettier/prettier
  134:42  warning  Delete `␍`  prettier/prettier
  135:43  warning  Delete `␍`  prettier/prettier
  136:42  warning  Delete `␍`  prettier/prettier
  137:48  warning  Delete `␍`  prettier/prettier
  138:42  warning  Delete `␍`  prettier/prettier
  139:44  warning  Delete `␍`  prettier/prettier
  140:3   warning  Delete `␍`  prettier/prettier
  141:1   warning  Delete `␍`  prettier/prettier
  142:29  warning  Delete `␍`  prettier/prettier
  143:34  warning  Delete `␍`  prettier/prettier
  144:36  warning  Delete `␍`  prettier/prettier
  145:3   warning  Delete `␍`  prettier/prettier

H:\codex\林家餐厅小程序\family-kitchen-c01\admin\src\api\business-config.ts
   1:55  warning  Delete `␍`                                                                                                                                                                                                                                                      prettier/prettier
   2:1   warning  Delete `␍`                                                                                                                                                                                                                                                      prettier/prettier
   3:23  warning  Delete `␍`                                                                                                                                                                                                                                                      prettier/prettier
   4:25  warning  Delete `␍`                                                                                                                                                                                                                                                      prettier/prettier
   5:18  warning  Delete `␍`                                                                                                                                                                                                                                                      prettier/prettier
   6:19  warning  Delete `␍`                                                                                                                                                                                                                                                      prettier/prettier
   7:20  warning  Delete `␍`                                                                                                                                                                                                                                                      prettier/prettier
   8:20  warning  Delete `␍`                                                                                                                                                                                                                                                      prettier/prettier
   9:20  warning  Delete `␍`                                                                                                                                                                                                                                                      prettier/prettier
  10:17  warning  Delete `␍`                                                                                                                                                                                                                                                      prettier/prettier
  11:23  warning  Delete `␍`                                                                                                                                                                                                                                                      prettier/prettier
  12:1   warning  Delete `␍`                                                                                                                                                                                                                                                      prettier/prettier
  13:44  warning  Delete `␍`                                                                                                                                                                                                                                                      prettier/prettier
  14:24  warning  Delete `␍`                                                                                                                                                                                                                                                      prettier/prettier
  15:17  warning  Delete `␍`                                                                                                                                                                                                                                                      prettier/prettier
  16:18  warning  Delete `␍`                                                                                                                                                                                                                                                      prettier/prettier
  17:19  warning  Delete `␍`                                                                                                                                                                                                                                                      prettier/prettier
  18:19  warning  Delete `␍`                                                                                                                                                                                                                                                      prettier/prettier
  19:19  warning  Delete `␍`                                                                                                                                                                                                                                                      prettier/prettier
  20:16  warning  Delete `␍`                                                                                                                                                                                                                                                      prettier/prettier
  21:21  warning  Delete `␍`                                                                                                                                                                                                                                                      prettier/prettier
  22:3   warning  Delete `␍`                                                                                                                                                                                                                                                      prettier/prettier
  23:1   warning  Delete `␍`                                                                                                                                                                                                                                                      prettier/prettier
  24:39  warning  Delete `␍`                                                                                                                                                                                                                                                      prettier/prettier
  25:22  warning  Delete `␍`                                                                                                                                                                                                                                                      prettier/prettier
  26:34  warning  Delete `␍`                                                                                                                                                                                                                                                      prettier/prettier
  27:25  warning  Delete `␍`                                                                                                                                                                                                                                                      prettier/prettier
  28:21  warning  Delete `␍`                                                                                                                                                                                                                                                      prettier/prettier
  29:28  warning  Delete `␍`                                                                                                                                                                                                                                                      prettier/prettier
  30:2   warning  Delete `␍`                                                                                                                                                                                                                                                      prettier/prettier
  31:1   warning  Delete `␍`                                                                                                                                                                                                                                                      prettier/prettier
  32:37  warning  Delete `␍`                                                                                                                                                                                                                                                      prettier/prettier
  33:14  warning  Delete `␍`                                                                                                                                                                                                                                                      prettier/prettier
  34:20  warning  Delete `␍`                                                                                                                                                                                                                                                      prettier/prettier
  35:28  warning  Delete `␍`                                                                                                                                                                                                                                                      prettier/prettier
  36:2   warning  Delete `␍`                                                                                                                                                                                                                                                      prettier/prettier
  37:1   warning  Delete `␍`                                                                                                                                                                                                                                                      prettier/prettier
  38:33  warning  Delete `␍`                                                                                                                                                                                                                                                      prettier/prettier
  39:14  warning  Delete `␍`                                                                                                                                                                                                                                                      prettier/prettier
  40:22  warning  Delete `␍`                                                                                                                                                                                                                                                      prettier/prettier
  41:37  warning  Delete `␍`                                                                                                                                                                                                                                                      prettier/prettier
  42:37  warning  Delete `␍`                                                                                                                                                                                                                                                      prettier/prettier
  43:22  warning  Delete `␍`                                                                                                                                                                                                                                                      prettier/prettier
  44:38  warning  Delete `␍`                                                                                                                                                                                                                                                      prettier/prettier
  45:21  warning  Delete `␍`                                                                                                                                                                                                                                                      prettier/prettier
  46:2   warning  Delete `␍`                                                                                                                                                                                                                                                      prettier/prettier
  47:1   warning  Delete `␍`                                                                                                                                                                                                                                                      prettier/prettier
  48:35  warning  Delete `␍`                                                                                                                                                                                                                                                      prettier/prettier
  49:17  warning  Replace `␍⏎····http.get<BusinessConfigGroup[],·BusinessConfigGroup[]>('/admin/business-config'),␍` with `·http.get<BusinessConfigGroup[],·BusinessConfigGroup[]>('/admin/business-config'),`                                                                    prettier/prettier
  51:1   warning  Delete `␍`                                                                                                                                                                                                                                                      prettier/prettier
  52:24  warning  Delete `␍`                                                                                                                                                                                                                                                      prettier/prettier
  53:87  warning  Delete `␍`                                                                                                                                                                                                                                                      prettier/prettier
  54:1   warning  Delete `␍`                                                                                                                                                                                                                                                      prettier/prettier
  55:59  warning  Delete `␍`                                                                                                                                                                                                                                                      prettier/prettier
  56:16  warning  Replace `{·groupKey:·GroupKey;·value:·Record<string,·unknown>·},·{·groupKey:·GroupKey;·value:·Record<string,·unknown>·}>(␍` with `⏎······{·groupKey:·GroupKey;·value:·Record<string,·unknown>·},⏎······{·groupKey:·GroupKey;·value:·Record<string,·unknown>·}`  prettier/prettier
  57:5   warning  Replace `··`/admin/business-config/${g}`,␍⏎······value,␍⏎····),␍` with `>(`/admin/business-config/${g}`,·value),`                                                                                                                                               prettier/prettier
  60:1   warning  Delete `␍`                                                                                                                                                                                                                                                      prettier/prettier
  61:62  warning  Delete `␍`                                                                                                                                                                                                                                                      prettier/prettier
  62:82  warning  Delete `␍`                                                                                                                                                                                                                                                      prettier/prettier
  63:45  warning  Delete `␍`                                                                                                                                                                                                                                                      prettier/prettier
  64:38  warning  Delete `␍`                                                                                                                                                                                                                                                      prettier/prettier
  65:7   warning  Delete `␍`                                                                                                                                                                                                                                                      prettier/prettier
  66:1   warning  Delete `␍`                                                                                                                                                                                                                                                      prettier/prettier
  67:47  warning  Delete `␍`                                                                                                                                                                                                                                                      prettier/prettier
  68:82  warning  Delete `␍`                                                                                                                                                                                                                                                      prettier/prettier
  69:46  warning  Delete `␍`                                                                                                                                                                                                                                                      prettier/prettier
  70:38  warning  Delete `␍`                                                                                                                                                                                                                                                      prettier/prettier
  71:7   warning  Delete `␍`                                                                                                                                                                                                                                                      prettier/prettier
  72:3   warning  Delete `␍`                                                                                                                                                                                                                                                      prettier/prettier

H:\codex\林家餐厅小程序\family-kitchen-c01\admin\src\api\chef-level.ts
   1:31  warning  Delete `␍`  prettier/prettier
   2:1   warning  Delete `␍`  prettier/prettier
   3:39  warning  Delete `␍`  prettier/prettier
   4:14  warning  Delete `␍`  prettier/prettier
   5:15  warning  Delete `␍`  prettier/prettier
   6:17  warning  Delete `␍`  prettier/prettier
   7:17  warning  Delete `␍`  prettier/prettier
   8:21  warning  Delete `␍`  prettier/prettier
   9:24  warning  Delete `␍`  prettier/prettier
  10:21  warning  Delete `␍`  prettier/prettier
  11:21  warning  Delete `␍`  prettier/prettier
  12:21  warning  Delete `␍`  prettier/prettier
  13:21  warning  Delete `␍`  prettier/prettier
  14:2   warning  Delete `␍`  prettier/prettier
  15:1   warning  Delete `␍`  prettier/prettier
  16:41  warning  Delete `␍`  prettier/prettier
  17:15  warning  Delete `␍`  prettier/prettier
  18:17  warning  Delete `␍`  prettier/prettier
  19:17  warning  Delete `␍`  prettier/prettier
  20:22  warning  Delete `␍`  prettier/prettier
  21:25  warning  Delete `␍`  prettier/prettier
  22:22  warning  Delete `␍`  prettier/prettier
  23:2   warning  Delete `␍`  prettier/prettier
  24:1   warning  Delete `␍`  prettier/prettier
  25:41  warning  Delete `␍`  prettier/prettier
  26:18  warning  Delete `␍`  prettier/prettier
  27:18  warning  Delete `␍`  prettier/prettier
  28:22  warning  Delete `␍`  prettier/prettier
  29:25  warning  Delete `␍`  prettier/prettier
  30:22  warning  Delete `␍`  prettier/prettier
  31:2   warning  Delete `␍`  prettier/prettier
  32:1   warning  Delete `␍`  prettier/prettier
  33:30  warning  Delete `␍`  prettier/prettier
  34:69  warning  Delete `␍`  prettier/prettier
  35:43  warning  Delete `␍`  prettier/prettier
  36:5   warning  Delete `␍`  prettier/prettier
  37:1   warning  Delete `␍`  prettier/prettier
  38:51  warning  Delete `␍`  prettier/prettier
  39:50  warning  Delete `␍`  prettier/prettier
  40:5   warning  Delete `␍`  prettier/prettier
  41:1   warning  Delete `␍`  prettier/prettier
  42:70  warning  Delete `␍`  prettier/prettier
  43:50  warning  Delete `␍`  prettier/prettier
  44:5   warning  Delete `␍`  prettier/prettier
  45:1   warning  Delete `␍`  prettier/prettier
  46:83  warning  Delete `␍`  prettier/prettier
  47:58  warning  Delete `␍`  prettier/prettier
  48:5   warning  Delete `␍`  prettier/prettier
  49:1   warning  Delete `␍`  prettier/prettier
  50:54  warning  Delete `␍`  prettier/prettier
  51:59  warning  Delete `␍`  prettier/prettier
  52:5   warning  Delete `␍`  prettier/prettier
  53:1   warning  Delete `␍`  prettier/prettier
  54:54  warning  Delete `␍`  prettier/prettier
  55:53  warning  Delete `␍`  prettier/prettier
  56:5   warning  Delete `␍`  prettier/prettier
  57:1   warning  Delete `␍`  prettier/prettier
  58:59  warning  Delete `␍`  prettier/prettier
  59:48  warning  Delete `␍`  prettier/prettier
  60:5   warning  Delete `␍`  prettier/prettier
  61:3   warning  Delete `␍`  prettier/prettier

H:\codex\林家餐厅小程序\family-kitchen-c01\admin\src\api\http.ts
   1:84  warning  Delete `␍`  prettier/prettier
   2:42  warning  Delete `␍`  prettier/prettier
   3:1   warning  Delete `␍`  prettier/prettier
   4:33  warning  Delete `␍`  prettier/prettier
   5:1   warning  Delete `␍`  prettier/prettier
   6:30  warning  Delete `␍`  prettier/prettier
   7:46  warning  Delete `␍`  prettier/prettier
   8:66  warning  Delete `␍`  prettier/prettier
   9:51  warning  Delete `␍`  prettier/prettier
  10:3   warning  Delete `␍`  prettier/prettier
  11:1   warning  Delete `␍`  prettier/prettier
  12:50  warning  Delete `␍`  prettier/prettier
  13:22  warning  Delete `␍`  prettier/prettier
  14:19  warning  Delete `␍`  prettier/prettier
  15:4   warning  Delete `␍`  prettier/prettier
  16:1   warning  Delete `␍`  prettier/prettier
  17:72  warning  Delete `␍`  prettier/prettier
  18:36  warning  Delete `␍`  prettier/prettier
  19:15  warning  Delete `␍`  prettier/prettier
  20:54  warning  Delete `␍`  prettier/prettier
  21:4   warning  Delete `␍`  prettier/prettier
  22:17  warning  Delete `␍`  prettier/prettier
  23:4   warning  Delete `␍`  prettier/prettier
  24:1   warning  Delete `␍`  prettier/prettier
  25:32  warning  Delete `␍`  prettier/prettier
  26:31  warning  Delete `␍`  prettier/prettier
  27:15  warning  Delete `␍`  prettier/prettier
  28:41  warning  Delete `␍`  prettier/prettier
  29:24  warning  Delete `␍`  prettier/prettier
  30:28  warning  Delete `␍`  prettier/prettier
  31:60  warning  Delete `␍`  prettier/prettier
  32:41  warning  Delete `␍`  prettier/prettier
  33:8   warning  Delete `␍`  prettier/prettier
  34:36  warning  Delete `␍`  prettier/prettier
  35:6   warning  Delete `␍`  prettier/prettier
  36:78  warning  Delete `␍`  prettier/prettier
  37:30  warning  Delete `␍`  prettier/prettier
  38:34  warning  Delete `␍`  prettier/prettier
  39:5   warning  Delete `␍`  prettier/prettier
  40:3   warning  Delete `␍`  prettier/prettier
  41:1   warning  Delete `␍`  prettier/prettier
  42:18  warning  Delete `␍`  prettier/prettier
  43:40  warning  Delete `␍`  prettier/prettier
  44:14  warning  Delete `␍`  prettier/prettier
  45:17  warning  Delete `␍`  prettier/prettier
  46:16  warning  Delete `␍`  prettier/prettier
  47:20  warning  Delete `␍`  prettier/prettier
  48:22  warning  Delete `␍`  prettier/prettier
  49:2   warning  Delete `␍`  prettier/prettier

H:\codex\林家餐厅小程序\family-kitchen-c01\admin\src\composables\useDefaultAvatar.ts
   1:27  warning  Delete `␍`  prettier/prettier
   2:35  warning  Delete `␍`  prettier/prettier
   3:1   warning  Delete `␍`  prettier/prettier
   4:34  warning  Delete `␍`  prettier/prettier
   5:38  warning  Delete `␍`  prettier/prettier
   6:20  warning  Delete `␍`  prettier/prettier
   7:1   warning  Delete `␍`  prettier/prettier
   8:37  warning  Delete `␍`  prettier/prettier
   9:17  warning  Delete `␍`  prettier/prettier
  10:19  warning  Delete `␍`  prettier/prettier
  11:9   warning  Delete `␍`  prettier/prettier
  12:95  warning  Delete `␍`  prettier/prettier
  13:21  warning  Delete `␍`  prettier/prettier
  14:76  warning  Delete `␍`  prettier/prettier
  15:82  warning  Delete `␍`  prettier/prettier
  16:9   warning  Delete `␍`  prettier/prettier
  17:24  warning  Delete `␍`  prettier/prettier
  18:4   warning  Delete `␍`  prettier/prettier
  19:1   warning  Delete `␍`  prettier/prettier
  20:90  warning  Delete `␍`  prettier/prettier
  21:78  warning  Delete `␍`  prettier/prettier
  22:4   warning  Delete `␍`  prettier/prettier
  23:1   warning  Delete `␍`  prettier/prettier
  24:44  warning  Delete `␍`  prettier/prettier
  25:2   warning  Delete `␍`  prettier/prettier

H:\codex\林家餐厅小程序\family-kitchen-c01\admin\src\layouts\DefaultLayout.vue
    1:25  warning  Delete `␍`  prettier/prettier
    2:32  warning  Delete `␍`  prettier/prettier
    3:50  warning  Delete `␍`  prettier/prettier
    4:45  warning  Delete `␍`  prettier/prettier
    5:46  warning  Delete `␍`  prettier/prettier
    6:1   warning  Delete `␍`  prettier/prettier
    7:26  warning  Delete `␍`  prettier/prettier
    8:28  warning  Delete `␍`  prettier/prettier
    9:29  warning  Delete `␍`  prettier/prettier
   10:1   warning  Delete `␍`  prettier/prettier
   11:36  warning  Delete `␍`  prettier/prettier
   12:62  warning  Delete `␍`  prettier/prettier
   13:56  warning  Delete `␍`  prettier/prettier
   14:58  warning  Delete `␍`  prettier/prettier
   15:58  warning  Delete `␍`  prettier/prettier
   16:68  warning  Delete `␍`  prettier/prettier
   17:62  warning  Delete `␍`  prettier/prettier
   18:57  warning  Delete `␍`  prettier/prettier
   19:61  warning  Delete `␍`  prettier/prettier
   20:21  warning  Delete `␍`  prettier/prettier
   21:4   warning  Delete `␍`  prettier/prettier
   22:1   warning  Delete `␍`  prettier/prettier
   23:31  warning  Delete `␍`  prettier/prettier
   24:24  warning  Delete `␍`  prettier/prettier
   25:55  warning  Delete `␍`  prettier/prettier
   26:52  warning  Delete `␍`  prettier/prettier
   27:47  warning  Delete `␍`  prettier/prettier
   28:4   warning  Delete `␍`  prettier/prettier
   29:1   warning  Delete `␍`  prettier/prettier
   30:47  warning  Delete `␍`  prettier/prettier
   31:8   warning  Delete `␍`  prettier/prettier
   32:50  warning  Delete `␍`  prettier/prettier
   33:31  warning  Delete `␍`  prettier/prettier
   34:30  warning  Delete `␍`  prettier/prettier
   35:23  warning  Delete `␍`  prettier/prettier
   36:8   warning  Delete `␍`  prettier/prettier
   37:12  warning  Delete `␍`  prettier/prettier
   38:12  warning  Delete `␍`  prettier/prettier
   39:4   warning  Delete `␍`  prettier/prettier
   40:17  warning  Delete `␍`  prettier/prettier
   41:34  warning  Delete `␍`  prettier/prettier
   42:2   warning  Delete `␍`  prettier/prettier
   43:10  warning  Delete `␍`  prettier/prettier
   44:1   warning  Delete `␍`  prettier/prettier
   45:11  warning  Delete `␍`  prettier/prettier
   46:32  warning  Delete `␍`  prettier/prettier
   47:43  warning  Delete `␍`  prettier/prettier
   48:26  warning  Delete `␍`  prettier/prettier
   49:52  warning  Delete `␍`  prettier/prettier
   50:48  warning  Delete `␍`  prettier/prettier
   51:18  warning  Delete `␍`  prettier/prettier
   52:75  warning  Delete `␍`  prettier/prettier
   53:34  warning  Delete `␍`  prettier/prettier
   54:15  warning  Delete `␍`  prettier/prettier
   55:18  warning  Delete `␍`  prettier/prettier
   56:22  warning  Delete `␍`  prettier/prettier
   57:22  warning  Delete `␍`  prettier/prettier
   58:22  warning  Delete `␍`  prettier/prettier
   59:21  warning  Delete `␍`  prettier/prettier
   60:31  warning  Delete `␍`  prettier/prettier
   61:33  warning  Delete `␍`  prettier/prettier
   62:37  warning  Delete `␍`  prettier/prettier
   63:15  warning  Delete `␍`  prettier/prettier
   64:62  warning  Delete `␍`  prettier/prettier
   65:17  warning  Delete `␍`  prettier/prettier
   66:15  warning  Delete `␍`  prettier/prettier
   67:33  warning  Delete `␍`  prettier/prettier
   68:45  warning  Delete `␍`  prettier/prettier
   69:53  warning  Delete `␍`  prettier/prettier
   70:15  warning  Delete `␍`  prettier/prettier
   71:13  warning  Delete `␍`  prettier/prettier
   72:1   warning  Delete `␍`  prettier/prettier
   73:33  warning  Delete `␍`  prettier/prettier
   74:1   warning  Delete `␍`  prettier/prettier
   75:31  warning  Delete `␍`  prettier/prettier
   76:54  warning  Delete `␍`  prettier/prettier
   77:56  warning  Delete `␍`  prettier/prettier
   78:63  warning  Delete `␍`  prettier/prettier
   79:63  warning  Delete `␍`  prettier/prettier
   80:1   warning  Delete `␍`  prettier/prettier
   81:58  warning  Delete `␍`  prettier/prettier
   82:62  warning  Delete `␍`  prettier/prettier
   83:59  warning  Delete `␍`  prettier/prettier
   84:60  warning  Delete `␍`  prettier/prettier
   85:1   warning  Delete `␍`  prettier/prettier
   86:52  warning  Delete `␍`  prettier/prettier
   87:60  warning  Delete `␍`  prettier/prettier
   88:65  warning  Delete `␍`  prettier/prettier
   89:62  warning  Delete `␍`  prettier/prettier
   90:1   warning  Delete `␍`  prettier/prettier
   91:54  warning  Delete `␍`  prettier/prettier
   92:69  warning  Delete `␍`  prettier/prettier
   93:64  warning  Delete `␍`  prettier/prettier
   94:63  warning  Delete `␍`  prettier/prettier
   95:65  warning  Delete `␍`  prettier/prettier
   96:57  warning  Delete `␍`  prettier/prettier
   97:19  warning  Delete `␍`  prettier/prettier
   98:13  warning  Delete `␍`  prettier/prettier
   99:1   warning  Delete `␍`  prettier/prettier
  100:31  warning  Delete `␍`  prettier/prettier
  101:49  warning  Delete `␍`  prettier/prettier
  102:53  warning  Delete `␍`  prettier/prettier
  103:13  warning  Delete `␍`  prettier/prettier
  104:16  warning  Delete `␍`  prettier/prettier
  105:1   warning  Delete `␍`  prettier/prettier
  106:32  warning  Delete `␍`  prettier/prettier
  107:47  warning  Delete `␍`  prettier/prettier
  108:31  warning  Delete `␍`  prettier/prettier
  109:89  warning  Delete `␍`  prettier/prettier
  110:73  warning  Delete `␍`  prettier/prettier
  111:15  warning  Delete `␍`  prettier/prettier
  112:31  warning  Delete `␍`  prettier/prettier
  113:35  warning  Delete `␍`  prettier/prettier
  114:49  warning  Delete `␍`  prettier/prettier
  115:63  warning  Delete `␍`  prettier/prettier
  116:17  warning  Delete `␍`  prettier/prettier
  117:85  warning  Delete `␍`  prettier/prettier
  118:15  warning  Delete `␍`  prettier/prettier
  119:19  warning  Delete `␍`  prettier/prettier
  120:1   warning  Delete `␍`  prettier/prettier
  121:32  warning  Delete `␍`  prettier/prettier
  122:44  warning  Delete `␍`  prettier/prettier
  123:49  warning  Delete `␍`  prettier/prettier
  124:42  warning  Delete `␍`  prettier/prettier
  125:24  warning  Delete `␍`  prettier/prettier
  126:22  warning  Delete `␍`  prettier/prettier
  127:17  warning  Delete `␍`  prettier/prettier
  128:20  warning  Delete `␍`  prettier/prettier
  129:18  warning  Delete `␍`  prettier/prettier
  130:12  warning  Delete `␍`  prettier/prettier
  131:1   warning  Delete `␍`  prettier/prettier
  132:15  warning  Delete `␍`  prettier/prettier
  133:10  warning  Delete `␍`  prettier/prettier
  134:17  warning  Delete `␍`  prettier/prettier
  135:28  warning  Delete `␍`  prettier/prettier
  136:2   warning  Delete `␍`  prettier/prettier
  137:1   warning  Delete `␍`  prettier/prettier
  138:71  warning  Delete `␍`  prettier/prettier
  139:9   warning  Delete `␍`  prettier/prettier
  140:30  warning  Delete `␍`  prettier/prettier
  141:39  warning  Delete `␍`  prettier/prettier
  142:17  warning  Delete `␍`  prettier/prettier
  143:26  warning  Delete `␍`  prettier/prettier
  144:22  warning  Delete `␍`  prettier/prettier
  145:2   warning  Delete `␍`  prettier/prettier
  146:1   warning  Delete `␍`  prettier/prettier
  147:9   warning  Delete `␍`  prettier/prettier
  148:27  warning  Delete `␍`  prettier/prettier
  149:17  warning  Delete `␍`  prettier/prettier
  150:13  warning  Delete `␍`  prettier/prettier
  151:23  warning  Delete `␍`  prettier/prettier
  152:2   warning  Delete `␍`  prettier/prettier
  153:14  warning  Delete `␍`  prettier/prettier
  154:15  warning  Delete `␍`  prettier/prettier
  155:16  warning  Delete `␍`  prettier/prettier
  156:26  warning  Delete `␍`  prettier/prettier
  157:23  warning  Delete `␍`  prettier/prettier
  158:17  warning  Delete `␍`  prettier/prettier
  159:23  warning  Delete `␍`  prettier/prettier
  160:27  warning  Delete `␍`  prettier/prettier
  161:23  warning  Delete `␍`  prettier/prettier
  162:2   warning  Delete `␍`  prettier/prettier
  163:18  warning  Delete `␍`  prettier/prettier
  164:15  warning  Delete `␍`  prettier/prettier
  165:16  warning  Delete `␍`  prettier/prettier
  166:2   warning  Delete `␍`  prettier/prettier
  167:14  warning  Delete `␍`  prettier/prettier
  168:17  warning  Delete `␍`  prettier/prettier
  169:26  warning  Delete `␍`  prettier/prettier
  170:2   warning  Delete `␍`  prettier/prettier
  171:14  warning  Delete `␍`  prettier/prettier
  172:36  warning  Delete `␍`  prettier/prettier
  173:19  warning  Delete `␍`  prettier/prettier
  174:20  warning  Delete `␍`  prettier/prettier
  175:28  warning  Delete `␍`  prettier/prettier
  176:21  warning  Delete `␍`  prettier/prettier
  177:20  warning  Delete `␍`  prettier/prettier
  178:2   warning  Delete `␍`  prettier/prettier
  179:13  warning  Delete `␍`  prettier/prettier
  180:36  warning  Delete `␍`  prettier/prettier
  181:22  warning  Delete `␍`  prettier/prettier
  182:21  warning  Delete `␍`  prettier/prettier
  183:27  warning  Delete `␍`  prettier/prettier
  184:19  warning  Delete `␍`  prettier/prettier
  185:26  warning  Delete `␍`  prettier/prettier
  186:2   warning  Delete `␍`  prettier/prettier
  187:1   warning  Delete `␍`  prettier/prettier
  188:14  warning  Delete `␍`  prettier/prettier
  189:22  warning  Delete `␍`  prettier/prettier
  190:15  warning  Delete `␍`  prettier/prettier
  191:31  warning  Delete `␍`  prettier/prettier
  192:14  warning  Delete `␍`  prettier/prettier
  193:20  warning  Delete `␍`  prettier/prettier
  194:21  warning  Delete `␍`  prettier/prettier
  195:21  warning  Delete `␍`  prettier/prettier
  196:21  warning  Delete `␍`  prettier/prettier
  197:21  warning  Delete `␍`  prettier/prettier
  198:21  warning  Delete `␍`  prettier/prettier
  199:5   warning  Delete `␍`  prettier/prettier
  200:2   warning  Delete `␍`  prettier/prettier
  201:1   warning  Delete `␍`  prettier/prettier
  202:14  warning  Delete `␍`  prettier/prettier
  203:11  warning  Delete `␍`  prettier/prettier
  204:20  warning  Delete `␍`  prettier/prettier
  205:24  warning  Delete `␍`  prettier/prettier
  206:2   warning  Delete `␍`  prettier/prettier
  207:1   warning  Delete `␍`  prettier/prettier
  208:16  warning  Delete `␍`  prettier/prettier
  209:33  warning  Delete `␍`  prettier/prettier
  210:19  warning  Delete `␍`  prettier/prettier
  211:26  warning  Delete `␍`  prettier/prettier
  212:23  warning  Delete `␍`  prettier/prettier
  213:20  warning  Delete `␍`  prettier/prettier
  214:26  warning  Delete `␍`  prettier/prettier
  215:29  warning  Delete `␍`  prettier/prettier
  216:2   warning  Delete `␍`  prettier/prettier
  217:1   warning  Delete `␍`  prettier/prettier
  218:14  warning  Delete `␍`  prettier/prettier
  219:39  warning  Delete `␍`  prettier/prettier
  220:27  warning  Delete `␍`  prettier/prettier
  221:30  warning  Delete `␍`  prettier/prettier
  222:2   warning  Delete `␍`  prettier/prettier
  223:13  warning  Delete `␍`  prettier/prettier
  224:33  warning  Delete `␍`  prettier/prettier
  225:19  warning  Delete `␍`  prettier/prettier
  226:23  warning  Delete `␍`  prettier/prettier
  227:26  warning  Delete `␍`  prettier/prettier
  228:2   warning  Delete `␍`  prettier/prettier
  229:13  warning  Delete `␍`  prettier/prettier
  230:36  warning  Delete `␍`  prettier/prettier
  231:22  warning  Delete `␍`  prettier/prettier
  232:19  warning  Delete `␍`  prettier/prettier
  233:27  warning  Delete `␍`  prettier/prettier
  234:19  warning  Delete `␍`  prettier/prettier
  235:2   warning  Delete `␍`  prettier/prettier
  236:1   warning  Delete `␍`  prettier/prettier
  237:71  warning  Delete `␍`  prettier/prettier
  238:8   warning  Delete `␍`  prettier/prettier
  239:28  warning  Delete `␍`  prettier/prettier
  240:2   warning  Delete `␍`  prettier/prettier
  241:10  warning  Delete `␍`  prettier/prettier
  242:28  warning  Delete `␍`  prettier/prettier
  243:40  warning  Delete `␍`  prettier/prettier
  244:19  warning  Delete `␍`  prettier/prettier
  245:17  warning  Delete `␍`  prettier/prettier
  246:23  warning  Delete `␍`  prettier/prettier
  247:34  warning  Delete `␍`  prettier/prettier
  248:22  warning  Delete `␍`  prettier/prettier
  249:2   warning  Delete `␍`  prettier/prettier
  250:17  warning  Delete `␍`  prettier/prettier
  251:15  warning  Delete `␍`  prettier/prettier
  252:22  warning  Delete `␍`  prettier/prettier
  253:14  warning  Delete `␍`  prettier/prettier
  254:15  warning  Delete `␍`  prettier/prettier
  255:16  warning  Delete `␍`  prettier/prettier
  256:15  warning  Delete `␍`  prettier/prettier
  257:26  warning  Delete `␍`  prettier/prettier
  258:17  warning  Delete `␍`  prettier/prettier
  259:2   warning  Delete `␍`  prettier/prettier
  260:12  warning  Delete `␍`  prettier/prettier
  261:17  warning  Delete `␍`  prettier/prettier
  262:26  warning  Delete `␍`  prettier/prettier
  263:12  warning  Delete `␍`  prettier/prettier
  264:2   warning  Delete `␍`  prettier/prettier
  265:18  warning  Delete `␍`  prettier/prettier
  266:33  warning  Delete `␍`  prettier/prettier
  267:21  warning  Delete `␍`  prettier/prettier
  268:26  warning  Delete `␍`  prettier/prettier
  269:23  warning  Delete `␍`  prettier/prettier
  270:29  warning  Delete `␍`  prettier/prettier
  271:2   warning  Delete `␍`  prettier/prettier
  272:16  warning  Delete `␍`  prettier/prettier
  273:36  warning  Delete `␍`  prettier/prettier
  274:20  warning  Delete `␍`  prettier/prettier
  275:19  warning  Delete `␍`  prettier/prettier
  276:13  warning  Delete `␍`  prettier/prettier
  277:21  warning  Delete `␍`  prettier/prettier
  278:28  warning  Delete `␍`  prettier/prettier
  279:2   warning  Delete `␍`  prettier/prettier
  280:12  warning  Delete `␍`  prettier/prettier
  281:17  warning  Delete `␍`  prettier/prettier
  282:23  warning  Delete `␍`  prettier/prettier
  283:13  warning  Delete `␍`  prettier/prettier
  284:2   warning  Delete `␍`  prettier/prettier
  285:14  warning  Delete `␍`  prettier/prettier
  286:17  warning  Delete `␍`  prettier/prettier
  287:26  warning  Delete `␍`  prettier/prettier
  288:25  warning  Delete `␍`  prettier/prettier
  289:21  warning  Delete `␍`  prettier/prettier
  290:2   warning  Delete `␍`  prettier/prettier
  291:14  warning  Delete `␍`  prettier/prettier
  292:33  warning  Delete `␍`  prettier/prettier
  293:19  warning  Delete `␍`  prettier/prettier
  294:25  warning  Delete `␍`  prettier/prettier
  295:23  warning  Delete `␍`  prettier/prettier
  296:29  warning  Delete `␍`  prettier/prettier
  297:2   warning  Delete `␍`  prettier/prettier
  298:13  warning  Delete `␍`  prettier/prettier
  299:36  warning  Delete `␍`  prettier/prettier
  300:20  warning  Delete `␍`  prettier/prettier
  301:19  warning  Delete `␍`  prettier/prettier
  302:21  warning  Delete `␍`  prettier/prettier
  303:19  warning  Delete `␍`  prettier/prettier
  304:2   warning  Delete `␍`  prettier/prettier
  305:14  warning  Delete `␍`  prettier/prettier
  306:33  warning  Delete `␍`  prettier/prettier
  307:30  warning  Delete `␍`  prettier/prettier
  308:23  warning  Delete `␍`  prettier/prettier
  309:33  warning  Delete `␍`  prettier/prettier
  310:21  warning  Delete `␍`  prettier/prettier
  311:21  warning  Delete `␍`  prettier/prettier
  312:24  warning  Delete `␍`  prettier/prettier
  313:19  warning  Delete `␍`  prettier/prettier
  314:26  warning  Delete `␍`  prettier/prettier
  315:30  warning  Delete `␍`  prettier/prettier
  316:2   warning  Delete `␍`  prettier/prettier
  317:20  warning  Delete `␍`  prettier/prettier
  318:34  warning  Delete `␍`  prettier/prettier
  319:27  warning  Delete `␍`  prettier/prettier
  320:2   warning  Delete `␍`  prettier/prettier
  321:1   warning  Delete `␍`  prettier/prettier
  322:71  warning  Delete `␍`  prettier/prettier
  323:11  warning  Delete `␍`  prettier/prettier
  324:27  warning  Delete `␍`  prettier/prettier
  325:28  warning  Delete `␍`  prettier/prettier
  326:2   warning  Delete `␍`  prettier/prettier
  327:1   warning  Delete `␍`  prettier/prettier
  328:71  warning  Delete `␍`  prettier/prettier
  329:20  warning  Delete `␍`  prettier/prettier
  330:21  warning  Delete `␍`  prettier/prettier
  331:14  warning  Delete `␍`  prettier/prettier
  332:23  warning  Delete `␍`  prettier/prettier
  333:25  warning  Delete `␍`  prettier/prettier
  334:2   warning  Delete `␍`  prettier/prettier
  335:19  warning  Delete `␍`  prettier/prettier
  336:14  warning  Delete `␍`  prettier/prettier
  337:30  warning  Delete `␍`  prettier/prettier
  338:2   warning  Delete `␍`  prettier/prettier
  339:17  warning  Delete `␍`  prettier/prettier
  340:14  warning  Delete `␍`  prettier/prettier
  341:2   warning  Delete `␍`  prettier/prettier
  342:9   warning  Delete `␍`  prettier/prettier

H:\codex\林家餐厅小程序\family-kitchen-c01\admin\src\main.ts
   1:33  warning  Delete `␍`  prettier/prettier
   2:37  warning  Delete `␍`  prettier/prettier
   3:39  warning  Delete `␍`  prettier/prettier
   4:29  warning  Delete `␍`  prettier/prettier
   5:31  warning  Delete `␍`  prettier/prettier
   6:38  warning  Delete `␍`  prettier/prettier
   7:35  warning  Delete `␍`  prettier/prettier
   8:1   warning  Delete `␍`  prettier/prettier
   9:28  warning  Delete `␍`  prettier/prettier
  10:1   warning  Delete `␍`  prettier/prettier
  11:39  warning  Delete `␍`  prettier/prettier
  12:16  warning  Delete `␍`  prettier/prettier
  13:9   warning  Delete `␍`  prettier/prettier
  14:52  warning  Delete `␍`  prettier/prettier
  15:66  warning  Delete `␍`  prettier/prettier
  16:27  warning  Delete `␍`  prettier/prettier
  17:6   warning  Delete `␍`  prettier/prettier
  18:2   warning  Delete `␍`  prettier/prettier
  19:1   warning  Delete `␍`  prettier/prettier
  20:24  warning  Delete `␍`  prettier/prettier
  21:17  warning  Delete `␍`  prettier/prettier
  22:19  warning  Delete `␍`  prettier/prettier

H:\codex\林家餐厅小程序\family-kitchen-c01\admin\src\router\index.ts
    1:82  warning  Delete `␍`  prettier/prettier
    2:46  warning  Delete `␍`  prettier/prettier
    3:1   warning  Delete `␍`  prettier/prettier
    4:35  warning  Delete `␍`  prettier/prettier
    5:4   warning  Delete `␍`  prettier/prettier
    6:20  warning  Delete `␍`  prettier/prettier
    7:19  warning  Delete `␍`  prettier/prettier
    8:50  warning  Delete `␍`  prettier/prettier
    9:41  warning  Delete `␍`  prettier/prettier
   10:5   warning  Delete `␍`  prettier/prettier
   11:4   warning  Delete `␍`  prettier/prettier
   12:15  warning  Delete `␍`  prettier/prettier
   13:60  warning  Delete `␍`  prettier/prettier
   14:28  warning  Delete `␍`  prettier/prettier
   15:16  warning  Delete `␍`  prettier/prettier
   16:8   warning  Delete `␍`  prettier/prettier
   17:27  warning  Delete `␍`  prettier/prettier
   18:27  warning  Delete `␍`  prettier/prettier
   19:58  warning  Delete `␍`  prettier/prettier
   20:33  warning  Delete `␍`  prettier/prettier
   21:9   warning  Delete `␍`  prettier/prettier
   22:8   warning  Delete `␍`  prettier/prettier
   23:27  warning  Delete `␍`  prettier/prettier
   24:27  warning  Delete `␍`  prettier/prettier
   25:58  warning  Delete `␍`  prettier/prettier
   26:33  warning  Delete `␍`  prettier/prettier
   27:9   warning  Delete `␍`  prettier/prettier
   28:8   warning  Delete `␍`  prettier/prettier
   29:26  warning  Delete `␍`  prettier/prettier
   30:28  warning  Delete `␍`  prettier/prettier
   31:66  warning  Delete `␍`  prettier/prettier
   32:33  warning  Delete `␍`  prettier/prettier
   33:9   warning  Delete `␍`  prettier/prettier
   34:8   warning  Delete `␍`  prettier/prettier
   35:30  warning  Delete `␍`  prettier/prettier
   36:30  warning  Delete `␍`  prettier/prettier
   37:68  warning  Delete `␍`  prettier/prettier
   38:33  warning  Delete `␍`  prettier/prettier
   39:9   warning  Delete `␍`  prettier/prettier
   40:8   warning  Delete `␍`  prettier/prettier
   41:23  warning  Delete `␍`  prettier/prettier
   42:26  warning  Delete `␍`  prettier/prettier
   43:62  warning  Delete `␍`  prettier/prettier
   44:33  warning  Delete `␍`  prettier/prettier
   45:9   warning  Delete `␍`  prettier/prettier
   46:8   warning  Delete `␍`  prettier/prettier
   47:27  warning  Delete `␍`  prettier/prettier
   48:28  warning  Delete `␍`  prettier/prettier
   49:64  warning  Delete `␍`  prettier/prettier
   50:33  warning  Delete `␍`  prettier/prettier
   51:9   warning  Delete `␍`  prettier/prettier
   52:8   warning  Delete `␍`  prettier/prettier
   53:24  warning  Delete `␍`  prettier/prettier
   54:27  warning  Delete `␍`  prettier/prettier
   55:64  warning  Delete `␍`  prettier/prettier
   56:33  warning  Delete `␍`  prettier/prettier
   57:9   warning  Delete `␍`  prettier/prettier
   58:8   warning  Delete `␍`  prettier/prettier
   59:28  warning  Delete `␍`  prettier/prettier
   60:29  warning  Delete `␍`  prettier/prettier
   61:66  warning  Delete `␍`  prettier/prettier
   62:33  warning  Delete `␍`  prettier/prettier
   63:9   warning  Delete `␍`  prettier/prettier
   64:8   warning  Delete `␍`  prettier/prettier
   65:24  warning  Delete `␍`  prettier/prettier
   66:27  warning  Delete `␍`  prettier/prettier
   67:64  warning  Delete `␍`  prettier/prettier
   68:33  warning  Delete `␍`  prettier/prettier
   69:9   warning  Delete `␍`  prettier/prettier
   70:8   warning  Delete `␍`  prettier/prettier
   71:29  warning  Delete `␍`  prettier/prettier
   72:31  warning  Delete `␍`  prettier/prettier
   73:73  warning  Delete `␍`  prettier/prettier
   74:33  warning  Delete `␍`  prettier/prettier
   75:9   warning  Delete `␍`  prettier/prettier
   76:8   warning  Delete `␍`  prettier/prettier
   77:26  warning  Delete `␍`  prettier/prettier
   78:30  warning  Delete `␍`  prettier/prettier
   79:70  warning  Delete `␍`  prettier/prettier
   80:33  warning  Delete `␍`  prettier/prettier
   81:9   warning  Delete `␍`  prettier/prettier
   82:8   warning  Delete `␍`  prettier/prettier
   83:33  warning  Delete `␍`  prettier/prettier
   84:32  warning  Delete `␍`  prettier/prettier
   85:63  warning  Delete `␍`  prettier/prettier
   86:33  warning  Delete `␍`  prettier/prettier
   87:9   warning  Delete `␍`  prettier/prettier
   88:8   warning  Delete `␍`  prettier/prettier
   89:27  warning  Delete `␍`  prettier/prettier
   90:26  warning  Delete `␍`  prettier/prettier
   91:60  warning  Delete `␍`  prettier/prettier
   92:34  warning  Delete `␍`  prettier/prettier
   93:9   warning  Delete `␍`  prettier/prettier
   94:8   warning  Delete `␍`  prettier/prettier
   95:26  warning  Delete `␍`  prettier/prettier
   96:25  warning  Delete `␍`  prettier/prettier
   97:59  warning  Delete `␍`  prettier/prettier
   98:34  warning  Delete `␍`  prettier/prettier
   99:9   warning  Delete `␍`  prettier/prettier
  100:8   warning  Delete `␍`  prettier/prettier
  101:26  warning  Delete `␍`  prettier/prettier
  102:38  warning  Delete `␍`  prettier/prettier
  103:9   warning  Delete `␍`  prettier/prettier
  104:8   warning  Delete `␍`  prettier/prettier
  105:29  warning  Delete `␍`  prettier/prettier
  106:28  warning  Delete `␍`  prettier/prettier
  107:59  warning  Delete `␍`  prettier/prettier
  108:33  warning  Delete `␍`  prettier/prettier
  109:9   warning  Delete `␍`  prettier/prettier
  110:8   warning  Delete `␍`  prettier/prettier
  111:23  warning  Delete `␍`  prettier/prettier
  112:23  warning  Delete `␍`  prettier/prettier
  113:54  warning  Delete `␍`  prettier/prettier
  114:31  warning  Delete `␍`  prettier/prettier
  115:9   warning  Delete `␍`  prettier/prettier
  116:7   warning  Delete `␍`  prettier/prettier
  117:5   warning  Delete `␍`  prettier/prettier
  118:4   warning  Delete `␍`  prettier/prettier
  119:30  warning  Delete `␍`  prettier/prettier
  120:22  warning  Delete `␍`  prettier/prettier
  121:53  warning  Delete `␍`  prettier/prettier
  122:42  warning  Delete `␍`  prettier/prettier
  123:5   warning  Delete `␍`  prettier/prettier
  124:3   warning  Delete `␍`  prettier/prettier
  125:1   warning  Delete `␍`  prettier/prettier
  126:30  warning  Delete `␍`  prettier/prettier
  127:31  warning  Delete `␍`  prettier/prettier
  128:10  warning  Delete `␍`  prettier/prettier
  129:4   warning  Delete `␍`  prettier/prettier
  130:1   warning  Delete `␍`  prettier/prettier
  131:28  warning  Delete `␍`  prettier/prettier
  132:35  warning  Delete `␍`  prettier/prettier
  133:31  warning  Delete `␍`  prettier/prettier
  134:26  warning  Delete `␍`  prettier/prettier
  135:64  warning  Delete `␍`  prettier/prettier
  136:4   warning  Delete `␍`  prettier/prettier
  137:15  warning  Delete `␍`  prettier/prettier
  138:4   warning  Delete `␍`  prettier/prettier
  139:1   warning  Delete `␍`  prettier/prettier
  140:27  warning  Delete `␍`  prettier/prettier
  141:65  warning  Delete `␍`  prettier/prettier
  142:38  warning  Delete `␍`  prettier/prettier
  143:4   warning  Delete `␍`  prettier/prettier
  144:1   warning  Delete `␍`  prettier/prettier
  145:23  warning  Delete `␍`  prettier/prettier

H:\codex\林家餐厅小程序\family-kitchen-c01\admin\src\stores\auth.ts
   1:37  warning  Delete `␍`  prettier/prettier
   2:37  warning  Delete `␍`  prettier/prettier
   3:38  warning  Delete `␍`  prettier/prettier
   4:43  warning  Delete `␍`  prettier/prettier
   5:1   warning  Delete `␍`  prettier/prettier
   6:56  warning  Delete `␍`  prettier/prettier
   7:56  warning  Delete `␍`  prettier/prettier
   8:79  warning  Delete `␍`  prettier/prettier
   9:1   warning  Delete `␍`  prettier/prettier
  10:52  warning  Delete `␍`  prettier/prettier
  11:1   warning  Delete `␍`  prettier/prettier
  12:62  warning  Delete `␍`  prettier/prettier
  13:51  warning  Delete `␍`  prettier/prettier
  14:32  warning  Delete `␍`  prettier/prettier
  15:38  warning  Delete `␍`  prettier/prettier
  16:36  warning  Delete `␍`  prettier/prettier
  17:61  warning  Delete `␍`  prettier/prettier
  18:4   warning  Delete `␍`  prettier/prettier
  19:1   warning  Delete `␍`  prettier/prettier
  20:28  warning  Delete `␍`  prettier/prettier
  21:24  warning  Delete `␍`  prettier/prettier
  22:27  warning  Delete `␍`  prettier/prettier
  23:26  warning  Delete `␍`  prettier/prettier
  24:47  warning  Delete `␍`  prettier/prettier
  25:4   warning  Delete `␍`  prettier/prettier
  26:1   warning  Delete `␍`  prettier/prettier
  27:57  warning  Delete `␍`  prettier/prettier
  28:4   warning  Delete `␍`  prettier/prettier

H:\codex\林家餐厅小程序\family-kitchen-c01\admin\src\utils\export.ts
   1:4   warning  Delete `␍`  prettier/prettier
   2:16  warning  Delete `␍`  prettier/prettier
   3:49  warning  Delete `␍`  prettier/prettier
   4:4   warning  Delete `␍`  prettier/prettier
   5:32  warning  Delete `␍`  prettier/prettier
   6:15  warning  Delete `␍`  prettier/prettier
   7:17  warning  Delete `␍`  prettier/prettier
   8:50  warning  Delete `␍`  prettier/prettier
   9:2   warning  Delete `␍`  prettier/prettier
  10:1   warning  Delete `␍`  prettier/prettier
  11:58  warning  Delete `␍`  prettier/prettier
  12:55  warning  Delete `␍`  prettier/prettier
  13:83  warning  Delete `␍`  prettier/prettier
  14:50  warning  Delete `␍`  prettier/prettier
  15:6   warning  Delete `␍`  prettier/prettier
  16:22  warning  Delete `␍`  prettier/prettier
  17:11  warning  Delete `␍`  prettier/prettier
  18:2   warning  Delete `␍`  prettier/prettier
  19:1   warning  Delete `␍`  prettier/prettier
  20:41  warning  Delete `␍`  prettier/prettier
  21:32  warning  Delete `␍`  prettier/prettier
  22:45  warning  Delete `␍`  prettier/prettier
  23:4   warning  Delete `␍`  prettier/prettier
  24:16  warning  Delete `␍`  prettier/prettier
  25:2   warning  Delete `␍`  prettier/prettier
  26:1   warning  Delete `␍`  prettier/prettier
  27:71  warning  Delete `␍`  prettier/prettier
  28:64  warning  Delete `␍`  prettier/prettier
  29:34  warning  Delete `␍`  prettier/prettier
  30:12  warning  Delete `␍`  prettier/prettier
  31:20  warning  Delete `␍`  prettier/prettier
  32:43  warning  Delete `␍`  prettier/prettier
  33:83  warning  Delete `␍`  prettier/prettier
  34:34  warning  Delete `␍`  prettier/prettier
  35:9   warning  Delete `␍`  prettier/prettier
  36:18  warning  Delete `␍`  prettier/prettier
  37:5   warning  Delete `␍`  prettier/prettier
  38:42  warning  Delete `␍`  prettier/prettier
  39:2   warning  Delete `␍`  prettier/prettier
  40:1   warning  Delete `␍`  prettier/prettier
  41:93  warning  Delete `␍`  prettier/prettier
  42:36  warning  Delete `␍`  prettier/prettier
  43:21  warning  Delete `␍`  prettier/prettier
  44:74  warning  Delete `␍`  prettier/prettier
  45:41  warning  Delete `␍`  prettier/prettier
  46:44  warning  Delete `␍`  prettier/prettier
  47:19  warning  Delete `␍`  prettier/prettier
  48:28  warning  Delete `␍`  prettier/prettier
  49:35  warning  Delete `␍`  prettier/prettier
  50:16  warning  Delete `␍`  prettier/prettier
  51:35  warning  Delete `␍`  prettier/prettier
  52:28  warning  Delete `␍`  prettier/prettier
  53:2   warning  Delete `␍`  prettier/prettier

H:\codex\林家餐厅小程序\family-kitchen-c01\admin\src\utils\labels.ts
   1:20   warning  Delete `␍`  prettier/prettier
   2:60   warning  Delete `␍`  prettier/prettier
   3:15   warning  Delete `␍`  prettier/prettier
   4:18   warning  Delete `␍`  prettier/prettier
   5:19   warning  Delete `␍`  prettier/prettier
   6:19   warning  Delete `␍`  prettier/prettier
   7:18   warning  Delete `␍`  prettier/prettier
   8:17   warning  Delete `␍`  prettier/prettier
   9:16   warning  Delete `␍`  prettier/prettier
  10:20   warning  Delete `␍`  prettier/prettier
  11:19   warning  Delete `␍`  prettier/prettier
  12:20   warning  Delete `␍`  prettier/prettier
  13:3    warning  Delete `␍`  prettier/prettier
  14:1    warning  Delete `␍`  prettier/prettier
  15:60   warning  Delete `␍`  prettier/prettier
  16:17   warning  Delete `␍`  prettier/prettier
  17:22   warning  Delete `␍`  prettier/prettier
  18:23   warning  Delete `␍`  prettier/prettier
  19:23   warning  Delete `␍`  prettier/prettier
  20:22   warning  Delete `␍`  prettier/prettier
  21:21   warning  Delete `␍`  prettier/prettier
  22:20   warning  Delete `␍`  prettier/prettier
  23:24   warning  Delete `␍`  prettier/prettier
  24:22   warning  Delete `␍`  prettier/prettier
  25:23   warning  Delete `␍`  prettier/prettier
  26:3    warning  Delete `␍`  prettier/prettier
  27:1    warning  Delete `␍`  prettier/prettier
  28:61   warning  Delete `␍`  prettier/prettier
  29:16   warning  Delete `␍`  prettier/prettier
  30:21   warning  Delete `␍`  prettier/prettier
  31:20   warning  Delete `␍`  prettier/prettier
  32:3    warning  Delete `␍`  prettier/prettier
  33:1    warning  Delete `␍`  prettier/prettier
  34:61   warning  Delete `␍`  prettier/prettier
  35:21   warning  Delete `␍`  prettier/prettier
  36:25   warning  Delete `␍`  prettier/prettier
  37:23   warning  Delete `␍`  prettier/prettier
  38:3    warning  Delete `␍`  prettier/prettier
  39:1    warning  Delete `␍`  prettier/prettier
  40:63   warning  Delete `␍`  prettier/prettier
  41:18   warning  Delete `␍`  prettier/prettier
  42:20   warning  Delete `␍`  prettier/prettier
  43:17   warning  Delete `␍`  prettier/prettier
  44:3    warning  Delete `␍`  prettier/prettier
  45:1    warning  Delete `␍`  prettier/prettier
  46:63   warning  Delete `␍`  prettier/prettier
  47:22   warning  Delete `␍`  prettier/prettier
  48:24   warning  Delete `␍`  prettier/prettier
  49:18   warning  Delete `␍`  prettier/prettier
  50:3    warning  Delete `␍`  prettier/prettier
  51:1    warning  Delete `␍`  prettier/prettier
  52:69   warning  Delete `␍`  prettier/prettier
  53:24   warning  Delete `␍`  prettier/prettier
  54:27   warning  Delete `␍`  prettier/prettier
  55:65   warning  Delete `␍`  prettier/prettier
  56:120  warning  Delete `␍`  prettier/prettier
  57:2    warning  Delete `␍`  prettier/prettier
  58:1    warning  Delete `␍`  prettier/prettier
  59:74   warning  Delete `␍`  prettier/prettier
  60:24   warning  Delete `␍`  prettier/prettier
  61:27   warning  Delete `␍`  prettier/prettier
  62:65   warning  Delete `␍`  prettier/prettier
  63:76   warning  Delete `␍`  prettier/prettier
  64:2    warning  Delete `␍`  prettier/prettier
  65:1    warning  Delete `␍`  prettier/prettier
  66:63   warning  Delete `␍`  prettier/prettier
  67:23   warning  Delete `␍`  prettier/prettier
  68:24   warning  Delete `␍`  prettier/prettier
  69:21   warning  Delete `␍`  prettier/prettier
  70:24   warning  Delete `␍`  prettier/prettier
  71:18   warning  Delete `␍`  prettier/prettier
  72:18   warning  Delete `␍`  prettier/prettier
  73:3    warning  Delete `␍`  prettier/prettier
  74:1    warning  Delete `␍`  prettier/prettier
  75:66   warning  Delete `␍`  prettier/prettier
  76:14   warning  Delete `␍`  prettier/prettier
  77:15   warning  Delete `␍`  prettier/prettier
  78:15   warning  Delete `␍`  prettier/prettier
  79:14   warning  Delete `␍`  prettier/prettier
  80:13   warning  Delete `␍`  prettier/prettier
  81:16   warning  Delete `␍`  prettier/prettier
  82:3    warning  Delete `␍`  prettier/prettier
  83:1    warning  Delete `␍`  prettier/prettier
  84:85   warning  Delete `␍`  prettier/prettier
  85:67   warning  Delete `␍`  prettier/prettier
  86:71   warning  Delete `␍`  prettier/prettier
  87:74   warning  Delete `␍`  prettier/prettier
  88:74   warning  Delete `␍`  prettier/prettier
  89:64   warning  Delete `␍`  prettier/prettier
  90:64   warning  Delete `␍`  prettier/prettier
  91:66   warning  Delete `␍`  prettier/prettier
  92:73   warning  Delete `␍`  prettier/prettier
  93:3    warning  Delete `␍`  prettier/prettier

H:\codex\林家餐厅小程序\family-kitchen-c01\admin\src\views\About.vue
    1:25  warning  Delete `␍`                                                                                                                                                                                                               prettier/prettier
    2:48  warning  Delete `␍`                                                                                                                                                                                                               prettier/prettier
    3:40  warning  Delete `␍`                                                                                                                                                                                                               prettier/prettier
    4:1   warning  Delete `␍`                                                                                                                                                                                                               prettier/prettier
    5:75  warning  Delete `␍`                                                                                                                                                                                                               prettier/prettier
    6:30  warning  Delete `␍`                                                                                                                                                                                                               prettier/prettier
    7:1   warning  Delete `␍`                                                                                                                                                                                                               prettier/prettier
    8:81  warning  Delete `␍`                                                                                                                                                                                                               prettier/prettier
    9:48  warning  Delete `␍`                                                                                                                                                                                                               prettier/prettier
   10:1   warning  Delete `␍`                                                                                                                                                                                                               prettier/prettier
   11:42  warning  Delete `␍`                                                                                                                                                                                                               prettier/prettier
   12:26  warning  Delete `␍`                                                                                                                                                                                                               prettier/prettier
   13:8   warning  Delete `␍`                                                                                                                                                                                                               prettier/prettier
   14:48  warning  Delete `␍`                                                                                                                                                                                                               prettier/prettier
   15:12  warning  Delete `␍`                                                                                                                                                                                                               prettier/prettier
   16:42  warning  Delete `␍`                                                                                                                                                                                                               prettier/prettier
   17:14  warning  Delete `␍`                                                                                                                                                                                                               prettier/prettier
   18:29  warning  Delete `␍`                                                                                                                                                                                                               prettier/prettier
   19:4   warning  Delete `␍`                                                                                                                                                                                                               prettier/prettier
   20:2   warning  Delete `␍`                                                                                                                                                                                                               prettier/prettier
   21:1   warning  Delete `␍`                                                                                                                                                                                                               prettier/prettier
   22:33  warning  Delete `␍`                                                                                                                                                                                                               prettier/prettier
   23:62  warning  Delete `␍`                                                                                                                                                                                                               prettier/prettier
   24:38  warning  Delete `␍`                                                                                                                                                                                                               prettier/prettier
   25:72  warning  Delete `␍`                                                                                                                                                                                                               prettier/prettier
   26:38  warning  Delete `␍`                                                                                                                                                                                                               prettier/prettier
   27:4   warning  Delete `␍`                                                                                                                                                                                                               prettier/prettier
   28:1   warning  Delete `␍`                                                                                                                                                                                                               prettier/prettier
   29:20  warning  Delete `␍`                                                                                                                                                                                                               prettier/prettier
   30:10  warning  Delete `␍`                                                                                                                                                                                                               prettier/prettier
   31:1   warning  Delete `␍`                                                                                                                                                                                                               prettier/prettier
   32:11  warning  Delete `␍`                                                                                                                                                                                                               prettier/prettier
   33:22  warning  Delete `␍`                                                                                                                                                                                                               prettier/prettier
   34:26  warning  Delete `␍`                                                                                                                                                                                                               prettier/prettier
   35:47  warning  Delete `␍`                                                                                                                                                                                                               prettier/prettier
   36:48  warning  Delete `␍`                                                                                                                                                                                                               prettier/prettier
   37:14  warning  Delete `␍`                                                                                                                                                                                                               prettier/prettier
   38:1   warning  Delete `␍`                                                                                                                                                                                                               prettier/prettier
   39:98  warning  Delete `␍`                                                                                                                                                                                                               prettier/prettier
   40:1   warning  Delete `␍`                                                                                                                                                                                                               prettier/prettier
   41:22  warning  Delete `␍`                                                                                                                                                                                                               prettier/prettier
   42:24  warning  Delete `␍`                                                                                                                                                                                                               prettier/prettier
   43:20  warning  Delete `␍`                                                                                                                                                                                                               prettier/prettier
   44:29  warning  Delete `␍`                                                                                                                                                                                                               prettier/prettier
   45:13  warning  Delete `␍`                                                                                                                                                                                                               prettier/prettier
   46:24  warning  Delete `␍`                                                                                                                                                                                                               prettier/prettier
   47:20  warning  Delete `␍`                                                                                                                                                                                                               prettier/prettier
   48:41  warning  Delete `␍`                                                                                                                                                                                                               prettier/prettier
   49:13  warning  Delete `␍`                                                                                                                                                                                                               prettier/prettier
   50:24  warning  Delete `␍`                                                                                                                                                                                                               prettier/prettier
   51:22  warning  Delete `␍`                                                                                                                                                                                                               prettier/prettier
   52:47  warning  Delete `␍`                                                                                                                                                                                                               prettier/prettier
   53:13  warning  Delete `␍`                                                                                                                                                                                                               prettier/prettier
   54:24  warning  Delete `␍`                                                                                                                                                                                                               prettier/prettier
   55:25  warning  Delete `␍`                                                                                                                                                                                                               prettier/prettier
   56:13  warning  Replace `<a·:href="swaggerUrl"·target="_blank">{{·swaggerUrl·}}·↗</a></dd>␍` with `⏎··········<a·:href="swaggerUrl"·target="_blank">{{·swaggerUrl·}}·↗</a>⏎········</dd>`                                                prettier/prettier
   57:13  warning  Delete `␍`                                                                                                                                                                                                               prettier/prettier
   58:24  warning  Delete `␍`                                                                                                                                                                                                               prettier/prettier
   59:23  warning  Delete `␍`                                                                                                                                                                                                               prettier/prettier
   60:50  warning  Delete `␍`                                                                                                                                                                                                               prettier/prettier
   61:82  warning  Delete `␍`                                                                                                                                                                                                               prettier/prettier
   62:62  warning  Delete `␍`                                                                                                                                                                                                               prettier/prettier
   63:14  warning  Delete `␍`                                                                                                                                                                                                               prettier/prettier
   64:13  warning  Delete `␍`                                                                                                                                                                                                               prettier/prettier
   65:10  warning  Delete `␍`                                                                                                                                                                                                               prettier/prettier
   66:1   warning  Delete `␍`                                                                                                                                                                                                               prettier/prettier
   67:23  warning  Replace `<span·class="rule-no">№·100</span><span·class="rule-mid">LIENS···常用链接</span></div>␍` with `⏎······<span·class="rule-no">№·100</span><span·class="rule-mid">LIENS···常用链接</span>⏎····</div>`                      prettier/prettier
   68:1   warning  Delete `␍`                                                                                                                                                                                                               prettier/prettier
   69:23  warning  Delete `␍`                                                                                                                                                                                                               prettier/prettier
   70:11  warning  Delete `␍`                                                                                                                                                                                                               prettier/prettier
   71:63  warning  Delete `␍`                                                                                                                                                                                                               prettier/prettier
   72:44  warning  Delete `␍`                                                                                                                                                                                                               prettier/prettier
   73:12  warning  Delete `␍`                                                                                                                                                                                                               prettier/prettier
   74:11  warning  Delete `␍`                                                                                                                                                                                                               prettier/prettier
   75:71  warning  Delete `␍`                                                                                                                                                                                                               prettier/prettier
   76:43  warning  Delete `␍`                                                                                                                                                                                                               prettier/prettier
   77:12  warning  Delete `␍`                                                                                                                                                                                                               prettier/prettier
   78:11  warning  Delete `␍`                                                                                                                                                                                                               prettier/prettier
   79:70  warning  Delete `␍`                                                                                                                                                                                                               prettier/prettier
   80:44  warning  Delete `␍`                                                                                                                                                                                                               prettier/prettier
   81:12  warning  Delete `␍`                                                                                                                                                                                                               prettier/prettier
   82:10  warning  Delete `␍`                                                                                                                                                                                                               prettier/prettier
   83:9   warning  Delete `␍`                                                                                                                                                                                                               prettier/prettier
   84:12  warning  Delete `␍`                                                                                                                                                                                                               prettier/prettier
   85:1   warning  Delete `␍`                                                                                                                                                                                                               prettier/prettier
   86:15  warning  Delete `␍`                                                                                                                                                                                                               prettier/prettier
   87:9   warning  Delete `␍`                                                                                                                                                                                                               prettier/prettier
   88:20  warning  Delete `␍`                                                                                                                                                                                                               prettier/prettier
   89:17  warning  Delete `␍`                                                                                                                                                                                                               prettier/prettier
   90:26  warning  Delete `␍`                                                                                                                                                                                                               prettier/prettier
   91:13  warning  Delete `␍`                                                                                                                                                                                                               prettier/prettier
   92:2   warning  Delete `␍`                                                                                                                                                                                                               prettier/prettier
   93:8   warning  Replace `·display:·flex;·flex-direction:·column;·gap:·10px;·}␍` with `⏎··display:·flex;⏎··flex-direction:·column;⏎··gap:·10px;⏎}`                                                                                        prettier/prettier
   94:11  warning  Delete `␍`                                                                                                                                                                                                               prettier/prettier
   95:33  warning  Delete `␍`                                                                                                                                                                                                               prettier/prettier
   96:19  warning  Delete `␍`                                                                                                                                                                                                               prettier/prettier
   97:26  warning  Delete `␍`                                                                                                                                                                                                               prettier/prettier
   98:27  warning  Delete `␍`                                                                                                                                                                                                               prettier/prettier
   99:20  warning  Delete `␍`                                                                                                                                                                                                               prettier/prettier
  100:2   warning  Delete `␍`                                                                                                                                                                                                               prettier/prettier
  101:9   warning  Delete `␍`                                                                                                                                                                                                               prettier/prettier
  102:36  warning  Delete `␍`                                                                                                                                                                                                               prettier/prettier
  103:20  warning  Delete `␍`                                                                                                                                                                                                               prettier/prettier
  104:39  warning  Delete `␍`                                                                                                                                                                                                               prettier/prettier
  105:21  warning  Delete `␍`                                                                                                                                                                                                               prettier/prettier
  106:28  warning  Delete `␍`                                                                                                                                                                                                               prettier/prettier
  107:13  warning  Delete `␍`                                                                                                                                                                                                               prettier/prettier
  108:21  warning  Delete `␍`                                                                                                                                                                                                               prettier/prettier
  109:2   warning  Delete `␍`                                                                                                                                                                                                               prettier/prettier
  110:12  warning  Replace `·font-style:·italic;·font-weight:·400;·color:·var(--persimmon);·}␍` with `⏎··font-style:·italic;⏎··font-weight:·400;⏎··color:·var(--persimmon);⏎}`                                                              prettier/prettier
  111:1   warning  Delete `␍`                                                                                                                                                                                                               prettier/prettier
  112:8   warning  Delete `␍`                                                                                                                                                                                                               prettier/prettier
  113:17  warning  Delete `␍`                                                                                                                                                                                                               prettier/prettier
  114:23  warning  Delete `␍`                                                                                                                                                                                                               prettier/prettier
  115:13  warning  Delete `␍`                                                                                                                                                                                                               prettier/prettier
  116:33  warning  Delete `␍`                                                                                                                                                                                                               prettier/prettier
  117:19  warning  Delete `␍`                                                                                                                                                                                                               prettier/prettier
  118:26  warning  Delete `␍`                                                                                                                                                                                                               prettier/prettier
  119:23  warning  Delete `␍`                                                                                                                                                                                                               prettier/prettier
  120:29  warning  Delete `␍`                                                                                                                                                                                                               prettier/prettier
  121:2   warning  Delete `␍`                                                                                                                                                                                                               prettier/prettier
  122:15  warning  Replace `·.rule::after·{␍` with `⏎.rule::after·{`                                                                                                                                                                        prettier/prettier
  123:15  warning  Delete `␍`                                                                                                                                                                                                               prettier/prettier
  124:11  warning  Delete `␍`                                                                                                                                                                                                               prettier/prettier
  125:15  warning  Delete `␍`                                                                                                                                                                                                               prettier/prettier
  126:26  warning  Delete `␍`                                                                                                                                                                                                               prettier/prettier
  127:17  warning  Delete `␍`                                                                                                                                                                                                               prettier/prettier
  128:2   warning  Delete `␍`                                                                                                                                                                                                               prettier/prettier
  129:11  warning  Replace `·color:·var(--persimmon);·font-weight:·600;·}␍` with `⏎··color:·var(--persimmon);⏎··font-weight:·600;⏎}`                                                                                                        prettier/prettier
  130:12  warning  Replace `·color:·var(--ink);·font-weight:·600;·letter-spacing:·0.22em;·}␍` with `⏎··color:·var(--ink);⏎··font-weight:·600;⏎··letter-spacing:·0.22em;⏎}`                                                                  prettier/prettier
  131:1   warning  Delete `␍`                                                                                                                                                                                                               prettier/prettier
  132:8   warning  Replace `·margin:·0;·padding:·0;·display:·flex;·flex-direction:·column;·}␍` with `⏎··margin:·0;⏎··padding:·0;⏎··display:·flex;⏎··flex-direction:·column;⏎}`                                                              prettier/prettier
  133:7   warning  Delete `␍`                                                                                                                                                                                                               prettier/prettier
  134:17  warning  Delete `␍`                                                                                                                                                                                                               prettier/prettier
  135:36  warning  Delete `␍`                                                                                                                                                                                                               prettier/prettier
  136:13  warning  Delete `␍`                                                                                                                                                                                                               prettier/prettier
  137:19  warning  Delete `␍`                                                                                                                                                                                                               prettier/prettier
  138:41  warning  Delete `␍`                                                                                                                                                                                                               prettier/prettier
  139:2   warning  Delete `␍`                                                                                                                                                                                                               prettier/prettier
  140:18  warning  Replace `·border-bottom:·none;·}␍` with `⏎··border-bottom:·none;⏎}`                                                                                                                                                      prettier/prettier
  141:5   warning  Delete `␍`                                                                                                                                                                                                               prettier/prettier
  142:33  warning  Delete `␍`                                                                                                                                                                                                               prettier/prettier
  143:19  warning  Delete `␍`                                                                                                                                                                                                               prettier/prettier
  144:25  warning  Delete `␍`                                                                                                                                                                                                               prettier/prettier
  145:23  warning  Delete `␍`                                                                                                                                                                                                               prettier/prettier
  146:29  warning  Delete `␍`                                                                                                                                                                                                               prettier/prettier
  147:20  warning  Delete `␍`                                                                                                                                                                                                               prettier/prettier
  148:20  warning  Delete `␍`                                                                                                                                                                                                               prettier/prettier
  149:2   warning  Delete `␍`                                                                                                                                                                                                               prettier/prettier
  150:5   warning  Replace `·margin:·0;·color:·var(--ink);·font-size:·14.5px;·}␍` with `⏎··margin:·0;⏎··color:·var(--ink);⏎··font-size:·14.5px;⏎}`                                                                                          prettier/prettier
  151:8   warning  Replace `·font-family:·var(--font-mono);·font-size:·13.5px;·color:·var(--ink-2);·}␍` with `⏎··font-family:·var(--font-mono);⏎··font-size:·13.5px;⏎··color:·var(--ink-2);⏎}`                                              prettier/prettier
  152:10  warning  Replace `·display:·flex;·gap:·12px;·align-items:·center;·}␍` with `⏎··display:·flex;⏎··gap:·12px;⏎··align-items:·center;⏎}`                                                                                              prettier/prettier
  153:9   warning  Delete `␍`                                                                                                                                                                                                               prettier/prettier
  154:25  warning  Delete `␍`                                                                                                                                                                                                               prettier/prettier
  155:21  warning  Delete `␍`                                                                                                                                                                                                               prettier/prettier
  156:33  warning  Delete `␍`                                                                                                                                                                                                               prettier/prettier
  157:21  warning  Delete `␍`                                                                                                                                                                                                               prettier/prettier
  158:26  warning  Delete `␍`                                                                                                                                                                                                               prettier/prettier
  159:24  warning  Delete `␍`                                                                                                                                                                                                               prettier/prettier
  160:21  warning  Delete `␍`                                                                                                                                                                                                               prettier/prettier
  161:2   warning  Delete `␍`                                                                                                                                                                                                               prettier/prettier
  162:25  warning  Replace `·color:·var(--olive);·background:·var(--olive-bg);·border-color:·#C9D0A6;·}␍` with `⏎··color:·var(--olive);⏎··background:·var(--olive-bg);⏎··border-color:·#c9d0a6;⏎}`                                          prettier/prettier
  163:26  warning  Replace `·color:·var(--ember);·background:·var(--ember-bg);·border-color:·#E1B2A4;·}␍` with `⏎··color:·var(--ember);⏎··background:·var(--ember-bg);⏎··border-color:·#e1b2a4;⏎}`                                          prettier/prettier
  164:28  warning  Replace `·color:·var(--ink-3);·background:·var(--paper-2);·border-color:·var(--rule);·}␍` with `⏎··color:·var(--ink-3);⏎··background:·var(--paper-2);⏎··border-color:·var(--rule);⏎}`                                    prettier/prettier
  165:8   warning  Delete `␍`                                                                                                                                                                                                               prettier/prettier
  166:20  warning  Delete `␍`                                                                                                                                                                                                               prettier/prettier
  167:16  warning  Delete `␍`                                                                                                                                                                                                               prettier/prettier
  168:27  warning  Delete `␍`                                                                                                                                                                                                               prettier/prettier
  169:33  warning  Delete `␍`                                                                                                                                                                                                               prettier/prettier
  170:19  warning  Delete `␍`                                                                                                                                                                                                               prettier/prettier
  171:19  warning  Delete `␍`                                                                                                                                                                                                               prettier/prettier
  172:14  warning  Delete `␍`                                                                                                                                                                                                               prettier/prettier
  173:2   warning  Delete `␍`                                                                                                                                                                                                               prettier/prettier
  174:14  warning  Replace `·color:·var(--persimmon-2);·text-decoration:·underline;·}␍` with `⏎··color:·var(--persimmon-2);⏎··text-decoration:·underline;⏎}`                                                                                prettier/prettier
  175:1   warning  Delete `␍`                                                                                                                                                                                                               prettier/prettier
  176:9   warning  Delete `␍`                                                                                                                                                                                                               prettier/prettier
  177:13  warning  Delete `␍`                                                                                                                                                                                                               prettier/prettier
  178:14  warning  Delete `␍`                                                                                                                                                                                                               prettier/prettier
  179:20  warning  Delete `␍`                                                                                                                                                                                                               prettier/prettier
  180:17  warning  Delete `␍`                                                                                                                                                                                                               prettier/prettier
  181:26  warning  Delete `␍`                                                                                                                                                                                                               prettier/prettier
  182:13  warning  Delete `␍`                                                                                                                                                                                                               prettier/prettier
  183:2   warning  Delete `␍`                                                                                                                                                                                                               prettier/prettier
  184:12  warning  Delete `␍`                                                                                                                                                                                                               prettier/prettier
  185:22  warning  Delete `␍`                                                                                                                                                                                                               prettier/prettier
  186:30  warning  Delete `␍`                                                                                                                                                                                                               prettier/prettier
  187:33  warning  Delete `␍`                                                                                                                                                                                                               prettier/prettier
  188:30  warning  Delete `␍`                                                                                                                                                                                                               prettier/prettier
  189:17  warning  Delete `␍`                                                                                                                                                                                                               prettier/prettier
  190:13  warning  Delete `␍`                                                                                                                                                                                                               prettier/prettier
  191:25  warning  Delete `␍`                                                                                                                                                                                                               prettier/prettier
  192:39  warning  Delete `␍`                                                                                                                                                                                                               prettier/prettier
  193:2   warning  Delete `␍`                                                                                                                                                                                                               prettier/prettier
  194:18  warning  Replace `·border-color:·var(--persimmon);·}␍` with `⏎··border-color:·var(--persimmon);⏎}`                                                                                                                                prettier/prettier
  195:11  warning  Replace `·color:·var(--ink);·font-weight:·500;·}␍` with `⏎··color:·var(--ink);⏎··font-weight:·500;⏎}`                                                                                                                    prettier/prettier
  196:17  warning  Replace `·color:·var(--persimmon);·}␍` with `⏎··color:·var(--persimmon);⏎}`                                                                                                                                              prettier/prettier
  197:9   warning  Replace `·color:·var(--ink-3);·font-size:·13px;·font-style:·italic;·font-family:·var(--font-display);·}␍` with `⏎··color:·var(--ink-3);⏎··font-size:·13px;⏎··font-style:·italic;⏎··font-family:·var(--font-display);⏎}`  prettier/prettier
  198:9   warning  Delete `␍`                                                                                                                                                                                                               prettier/prettier

H:\codex\林家餐厅小程序\family-kitchen-c01\admin\src\views\Analytics.vue
    1:25  warning  Delete `␍`  prettier/prettier
    2:51  warning  Delete `␍`  prettier/prettier
    3:36  warning  Delete `␍`  prettier/prettier
    4:60  warning  Delete `␍`  prettier/prettier
    5:1   warning  Delete `␍`  prettier/prettier
    6:46  warning  Delete `␍`  prettier/prettier
    7:28  warning  Delete `␍`  prettier/prettier
    8:1   warning  Delete `␍`  prettier/prettier
    9:18  warning  Delete `␍`  prettier/prettier
   10:46  warning  Delete `␍`  prettier/prettier
   11:51  warning  Delete `␍`  prettier/prettier
   12:46  warning  Delete `␍`  prettier/prettier
   13:45  warning  Delete `␍`  prettier/prettier
   14:45  warning  Delete `␍`  prettier/prettier
   15:45  warning  Delete `␍`  prettier/prettier
   16:1   warning  Delete `␍`  prettier/prettier
   17:39  warning  Delete `␍`  prettier/prettier
   18:1   warning  Delete `␍`  prettier/prettier
   19:39  warning  Delete `␍`  prettier/prettier
   20:24  warning  Delete `␍`  prettier/prettier
   21:8   warning  Delete `␍`  prettier/prettier
   22:45  warning  Delete `␍`  prettier/prettier
   23:20  warning  Delete `␍`  prettier/prettier
   24:12  warning  Delete `␍`  prettier/prettier
   25:27  warning  Delete `␍`  prettier/prettier
   26:14  warning  Delete `␍`  prettier/prettier
   27:27  warning  Delete `␍`  prettier/prettier
   28:4   warning  Delete `␍`  prettier/prettier
   29:2   warning  Delete `␍`  prettier/prettier
   30:1   warning  Delete `␍`  prettier/prettier
   31:32  warning  Delete `␍`  prettier/prettier
   32:27  warning  Delete `␍`  prettier/prettier
   33:16  warning  Delete `␍`  prettier/prettier
   34:24  warning  Delete `␍`  prettier/prettier
   35:1   warning  Delete `␍`  prettier/prettier
   36:13  warning  Delete `␍`  prettier/prettier
   37:31  warning  Delete `␍`  prettier/prettier
   38:34  warning  Delete `␍`  prettier/prettier
   39:56  warning  Delete `␍`  prettier/prettier
   40:13  warning  Delete `␍`  prettier/prettier
   41:24  warning  Delete `␍`  prettier/prettier
   42:55  warning  Delete `␍`  prettier/prettier
   43:53  warning  Delete `␍`  prettier/prettier
   44:53  warning  Delete `␍`  prettier/prettier
   45:7   warning  Delete `␍`  prettier/prettier
   46:13  warning  Delete `␍`  prettier/prettier
   47:21  warning  Delete `␍`  prettier/prettier
   48:54  warning  Delete `␍`  prettier/prettier
   49:53  warning  Delete `␍`  prettier/prettier
   50:7   warning  Delete `␍`  prettier/prettier
   51:14  warning  Delete `␍`  prettier/prettier
   52:8   warning  Delete `␍`  prettier/prettier
   53:22  warning  Delete `␍`  prettier/prettier
   54:49  warning  Delete `␍`  prettier/prettier
   55:22  warning  Delete `␍`  prettier/prettier
   56:24  warning  Delete `␍`  prettier/prettier
   57:51  warning  Delete `␍`  prettier/prettier
   58:21  warning  Delete `␍`  prettier/prettier
   59:66  warning  Delete `␍`  prettier/prettier
   60:58  warning  Delete `␍`  prettier/prettier
   61:58  warning  Delete `␍`  prettier/prettier
   62:14  warning  Delete `␍`  prettier/prettier
   63:11  warning  Delete `␍`  prettier/prettier
   64:9   warning  Delete `␍`  prettier/prettier
   65:7   warning  Delete `␍`  prettier/prettier
   66:6   warning  Delete `␍`  prettier/prettier
   67:1   warning  Delete `␍`  prettier/prettier
   68:13  warning  Delete `␍`  prettier/prettier
   69:36  warning  Delete `␍`  prettier/prettier
   70:34  warning  Delete `␍`  prettier/prettier
   71:56  warning  Delete `␍`  prettier/prettier
   72:13  warning  Delete `␍`  prettier/prettier
   73:24  warning  Delete `␍`  prettier/prettier
   74:60  warning  Delete `␍`  prettier/prettier
   75:53  warning  Delete `␍`  prettier/prettier
   76:53  warning  Delete `␍`  prettier/prettier
   77:7   warning  Delete `␍`  prettier/prettier
   78:13  warning  Delete `␍`  prettier/prettier
   79:21  warning  Delete `␍`  prettier/prettier
   80:54  warning  Delete `␍`  prettier/prettier
   81:53  warning  Delete `␍`  prettier/prettier
   82:7   warning  Delete `␍`  prettier/prettier
   83:14  warning  Delete `␍`  prettier/prettier
   84:8   warning  Delete `␍`  prettier/prettier
   85:22  warning  Delete `␍`  prettier/prettier
   86:54  warning  Delete `␍`  prettier/prettier
   87:22  warning  Delete `␍`  prettier/prettier
   88:24  warning  Delete `␍`  prettier/prettier
   89:51  warning  Delete `␍`  prettier/prettier
   90:21  warning  Delete `␍`  prettier/prettier
   91:66  warning  Delete `␍`  prettier/prettier
   92:59  warning  Delete `␍`  prettier/prettier
   93:59  warning  Delete `␍`  prettier/prettier
   94:14  warning  Delete `␍`  prettier/prettier
   95:11  warning  Delete `␍`  prettier/prettier
   96:9   warning  Delete `␍`  prettier/prettier
   97:7   warning  Delete `␍`  prettier/prettier
   98:6   warning  Delete `␍`  prettier/prettier
   99:1   warning  Delete `␍`  prettier/prettier
  100:21  warning  Delete `␍`  prettier/prettier
  101:49  warning  Delete `␍`  prettier/prettier
  102:26  warning  Delete `␍`  prettier/prettier
  103:22  warning  Delete `␍`  prettier/prettier
  104:23  warning  Delete `␍`  prettier/prettier
  105:24  warning  Delete `␍`  prettier/prettier
  106:25  warning  Delete `␍`  prettier/prettier
  107:25  warning  Delete `␍`  prettier/prettier
  108:24  warning  Delete `␍`  prettier/prettier
  109:25  warning  Delete `␍`  prettier/prettier
  110:26  warning  Delete `␍`  prettier/prettier
  111:22  warning  Delete `␍`  prettier/prettier
  112:5   warning  Delete `␍`  prettier/prettier
  113:31  warning  Delete `␍`  prettier/prettier
  114:34  warning  Delete `␍`  prettier/prettier
  115:14  warning  Delete `␍`  prettier/prettier
  116:8   warning  Delete `␍`  prettier/prettier
  117:21  warning  Delete `␍`  prettier/prettier
  118:32  warning  Delete `␍`  prettier/prettier
  119:32  warning  Delete `␍`  prettier/prettier
  120:17  warning  Delete `␍`  prettier/prettier
  121:24  warning  Delete `␍`  prettier/prettier
  122:28  warning  Delete `␍`  prettier/prettier
  123:28  warning  Delete `␍`  prettier/prettier
  124:11  warning  Delete `␍`  prettier/prettier
  125:54  warning  Delete `␍`  prettier/prettier
  126:26  warning  Delete `␍`  prettier/prettier
  127:26  warning  Delete `␍`  prettier/prettier
  128:69  warning  Delete `␍`  prettier/prettier
  129:13  warning  Delete `␍`  prettier/prettier
  130:9   warning  Delete `␍`  prettier/prettier
  131:7   warning  Delete `␍`  prettier/prettier
  132:6   warning  Delete `␍`  prettier/prettier
  133:1   warning  Delete `␍`  prettier/prettier
  134:18  warning  Delete `␍`  prettier/prettier
  135:30  warning  Delete `␍`  prettier/prettier
  136:34  warning  Delete `␍`  prettier/prettier
  137:56  warning  Delete `␍`  prettier/prettier
  138:13  warning  Delete `␍`  prettier/prettier
  139:24  warning  Delete `␍`  prettier/prettier
  140:61  warning  Delete `␍`  prettier/prettier
  141:53  warning  Delete `␍`  prettier/prettier
  142:53  warning  Delete `␍`  prettier/prettier
  143:7   warning  Delete `␍`  prettier/prettier
  144:13  warning  Delete `␍`  prettier/prettier
  145:21  warning  Delete `␍`  prettier/prettier
  146:54  warning  Delete `␍`  prettier/prettier
  147:53  warning  Delete `␍`  prettier/prettier
  148:7   warning  Delete `␍`  prettier/prettier
  149:14  warning  Delete `␍`  prettier/prettier
  150:8   warning  Delete `␍`  prettier/prettier
  151:21  warning  Delete `␍`  prettier/prettier
  152:56  warning  Delete `␍`  prettier/prettier
  153:25  warning  Delete `␍`  prettier/prettier
  154:21  warning  Delete `␍`  prettier/prettier
  155:66  warning  Delete `␍`  prettier/prettier
  156:45  warning  Delete `␍`  prettier/prettier
  157:45  warning  Delete `␍`  prettier/prettier
  158:14  warning  Delete `␍`  prettier/prettier
  159:38  warning  Delete `␍`  prettier/prettier
  160:11  warning  Delete `␍`  prettier/prettier
  161:9   warning  Delete `␍`  prettier/prettier
  162:7   warning  Delete `␍`  prettier/prettier
  163:6   warning  Delete `␍`  prettier/prettier
  164:1   warning  Delete `␍`  prettier/prettier
  165:16  warning  Delete `␍`  prettier/prettier
  166:30  warning  Delete `␍`  prettier/prettier
  167:34  warning  Delete `␍`  prettier/prettier
  168:56  warning  Delete `␍`  prettier/prettier
  169:13  warning  Delete `␍`  prettier/prettier
  170:24  warning  Delete `␍`  prettier/prettier
  171:53  warning  Delete `␍`  prettier/prettier
  172:53  warning  Delete `␍`  prettier/prettier
  173:53  warning  Delete `␍`  prettier/prettier
  174:7   warning  Delete `␍`  prettier/prettier
  175:13  warning  Delete `␍`  prettier/prettier
  176:21  warning  Delete `␍`  prettier/prettier
  177:54  warning  Delete `␍`  prettier/prettier
  178:53  warning  Delete `␍`  prettier/prettier
  179:7   warning  Delete `␍`  prettier/prettier
  180:14  warning  Delete `␍`  prettier/prettier
  181:8   warning  Delete `␍`  prettier/prettier
  182:21  warning  Delete `␍`  prettier/prettier
  183:54  warning  Delete `␍`  prettier/prettier
  184:25  warning  Delete `␍`  prettier/prettier
  185:21  warning  Delete `␍`  prettier/prettier
  186:66  warning  Delete `␍`  prettier/prettier
  187:45  warning  Delete `␍`  prettier/prettier
  188:45  warning  Delete `␍`  prettier/prettier
  189:14  warning  Delete `␍`  prettier/prettier
  190:38  warning  Delete `␍`  prettier/prettier
  191:11  warning  Delete `␍`  prettier/prettier
  192:9   warning  Delete `␍`  prettier/prettier
  193:7   warning  Delete `␍`  prettier/prettier
  194:6   warning  Delete `␍`  prettier/prettier
  195:1   warning  Delete `␍`  prettier/prettier
  196:20  warning  Delete `␍`  prettier/prettier
  197:47  warning  Delete `␍`  prettier/prettier
  198:30  warning  Delete `␍`  prettier/prettier
  199:67  warning  Delete `␍`  prettier/prettier
  200:57  warning  Delete `␍`  prettier/prettier
  201:13  warning  Delete `␍`  prettier/prettier
  202:21  warning  Delete `␍`  prettier/prettier
  203:54  warning  Delete `␍`  prettier/prettier
  204:53  warning  Delete `␍`  prettier/prettier
  205:7   warning  Delete `␍`  prettier/prettier
  206:13  warning  Delete `␍`  prettier/prettier
  207:24  warning  Delete `␍`  prettier/prettier
  208:40  warning  Delete `␍`  prettier/prettier
  209:86  warning  Delete `␍`  prettier/prettier
  210:53  warning  Delete `␍`  prettier/prettier
  211:7   warning  Delete `␍`  prettier/prettier
  212:14  warning  Delete `␍`  prettier/prettier
  213:8   warning  Delete `␍`  prettier/prettier
  214:21  warning  Delete `␍`  prettier/prettier
  215:48  warning  Delete `␍`  prettier/prettier
  216:25  warning  Delete `␍`  prettier/prettier
  217:21  warning  Delete `␍`  prettier/prettier
  218:66  warning  Delete `␍`  prettier/prettier
  219:45  warning  Delete `␍`  prettier/prettier
  220:45  warning  Delete `␍`  prettier/prettier
  221:14  warning  Delete `␍`  prettier/prettier
  222:38  warning  Delete `␍`  prettier/prettier
  223:11  warning  Delete `␍`  prettier/prettier
  224:9   warning  Delete `␍`  prettier/prettier
  225:7   warning  Delete `␍`  prettier/prettier
  226:6   warning  Delete `␍`  prettier/prettier
  227:2   warning  Delete `␍`  prettier/prettier
  228:1   warning  Delete `␍`  prettier/prettier
  229:85  warning  Delete `␍`  prettier/prettier
  230:19  warning  Delete `␍`  prettier/prettier
  231:34  warning  Delete `␍`  prettier/prettier
  232:27  warning  Delete `␍`  prettier/prettier
  233:25  warning  Delete `␍`  prettier/prettier
  234:2   warning  Delete `␍`  prettier/prettier
  235:1   warning  Delete `␍`  prettier/prettier
  236:30  warning  Delete `␍`  prettier/prettier
  237:41  warning  Delete `␍`  prettier/prettier
  238:18  warning  Delete `␍`  prettier/prettier
  239:2   warning  Delete `␍`  prettier/prettier
  240:1   warning  Delete `␍`  prettier/prettier
  241:32  warning  Delete `␍`  prettier/prettier
  242:40  warning  Delete `␍`  prettier/prettier
  243:2   warning  Delete `␍`  prettier/prettier
  244:1   warning  Delete `␍`  prettier/prettier
  245:18  warning  Delete `␍`  prettier/prettier
  246:15  warning  Delete `␍`  prettier/prettier
  247:51  warning  Delete `␍`  prettier/prettier
  248:4   warning  Delete `␍`  prettier/prettier
  249:1   warning  Delete `␍`  prettier/prettier
  250:20  warning  Delete `␍`  prettier/prettier
  251:16  warning  Delete `␍`  prettier/prettier
  252:54  warning  Delete `␍`  prettier/prettier
  253:4   warning  Delete `␍`  prettier/prettier
  254:10  warning  Delete `␍`  prettier/prettier
  255:1   warning  Delete `␍`  prettier/prettier
  256:11  warning  Delete `␍`  prettier/prettier
  257:46  warning  Delete `␍`  prettier/prettier
  258:26  warning  Delete `␍`  prettier/prettier
  259:27  warning  Delete `␍`  prettier/prettier
  260:52  warning  Delete `␍`  prettier/prettier
  261:55  warning  Delete `␍`  prettier/prettier
  262:58  warning  Delete `␍`  prettier/prettier
  263:13  warning  Delete `␍`  prettier/prettier
  264:27  warning  Delete `␍`  prettier/prettier
  265:63  warning  Delete `␍`  prettier/prettier
  266:13  warning  Delete `␍`  prettier/prettier
  267:14  warning  Delete `␍`  prettier/prettier
  268:1   warning  Delete `␍`  prettier/prettier
  269:23  warning  Delete `␍`  prettier/prettier
  270:40  warning  Delete `␍`  prettier/prettier
  271:48  warning  Delete `␍`  prettier/prettier
  272:40  warning  Delete `␍`  prettier/prettier
  273:11  warning  Delete `␍`  prettier/prettier
  274:1   warning  Delete `␍`  prettier/prettier
  275:23  warning  Delete `␍`  prettier/prettier
  276:35  warning  Delete `␍`  prettier/prettier
  277:34  warning  Delete `␍`  prettier/prettier
  278:55  warning  Delete `␍`  prettier/prettier
  279:55  warning  Delete `␍`  prettier/prettier
  280:15  warning  Delete `␍`  prettier/prettier
  281:56  warning  Delete `␍`  prettier/prettier
  282:17  warning  Delete `␍`  prettier/prettier
  283:1   warning  Delete `␍`  prettier/prettier
  284:35  warning  Delete `␍`  prettier/prettier
  285:34  warning  Delete `␍`  prettier/prettier
  286:55  warning  Delete `␍`  prettier/prettier
  287:55  warning  Delete `␍`  prettier/prettier
  288:15  warning  Delete `␍`  prettier/prettier
  289:61  warning  Delete `␍`  prettier/prettier
  290:17  warning  Delete `␍`  prettier/prettier
  291:1   warning  Delete `␍`  prettier/prettier
  292:35  warning  Delete `␍`  prettier/prettier
  293:34  warning  Delete `␍`  prettier/prettier
  294:56  warning  Delete `␍`  prettier/prettier
  295:49  warning  Delete `␍`  prettier/prettier
  296:15  warning  Delete `␍`  prettier/prettier
  297:56  warning  Delete `␍`  prettier/prettier
  298:17  warning  Delete `␍`  prettier/prettier
  299:1   warning  Delete `␍`  prettier/prettier
  300:35  warning  Delete `␍`  prettier/prettier
  301:34  warning  Delete `␍`  prettier/prettier
  302:56  warning  Delete `␍`  prettier/prettier
  303:47  warning  Delete `␍`  prettier/prettier
  304:15  warning  Delete `␍`  prettier/prettier
  305:55  warning  Delete `␍`  prettier/prettier
  306:17  warning  Delete `␍`  prettier/prettier
  307:1   warning  Delete `␍`  prettier/prettier
  308:35  warning  Delete `␍`  prettier/prettier
  309:34  warning  Delete `␍`  prettier/prettier
  310:55  warning  Delete `␍`  prettier/prettier
  311:55  warning  Delete `␍`  prettier/prettier
  312:15  warning  Delete `␍`  prettier/prettier
  313:55  warning  Delete `␍`  prettier/prettier
  314:17  warning  Delete `␍`  prettier/prettier
  315:1   warning  Delete `␍`  prettier/prettier
  316:35  warning  Delete `␍`  prettier/prettier
  317:34  warning  Delete `␍`  prettier/prettier
  318:57  warning  Delete `␍`  prettier/prettier
  319:54  warning  Delete `␍`  prettier/prettier
  320:15  warning  Delete `␍`  prettier/prettier
  321:55  warning  Delete `␍`  prettier/prettier
  322:17  warning  Delete `␍`  prettier/prettier
  323:11  warning  Delete `␍`  prettier/prettier
  324:9   warning  Delete `␍`  prettier/prettier
  325:12  warning  Delete `␍`  prettier/prettier
  326:1   warning  Delete `␍`  prettier/prettier
  327:15  warning  Delete `␍`  prettier/prettier
  328:13  warning  Delete `␍`  prettier/prettier
  329:17  warning  Delete `␍`  prettier/prettier
  330:26  warning  Delete `␍`  prettier/prettier
  331:13  warning  Delete `␍`  prettier/prettier
  332:2   warning  Delete `␍`  prettier/prettier
  333:1   warning  Delete `␍`  prettier/prettier
  334:72  warning  Delete `␍`  prettier/prettier
  335:8   warning  Delete `␍`  prettier/prettier
  336:17  warning  Delete `␍`  prettier/prettier
  337:34  warning  Delete `␍`  prettier/prettier
  338:25  warning  Delete `␍`  prettier/prettier
  339:13  warning  Delete `␍`  prettier/prettier
  340:23  warning  Delete `␍`  prettier/prettier
  341:2   warning  Delete `␍`  prettier/prettier
  342:10  warning  Delete `␍`  prettier/prettier
  343:20  warning  Delete `␍`  prettier/prettier
  344:2   warning  Delete `␍`  prettier/prettier
  345:11  warning  Delete `␍`  prettier/prettier
  346:33  warning  Delete `␍`  prettier/prettier
  347:19  warning  Delete `␍`  prettier/prettier
  348:26  warning  Delete `␍`  prettier/prettier
  349:27  warning  Delete `␍`  prettier/prettier
  350:20  warning  Delete `␍`  prettier/prettier
  351:23  warning  Delete `␍`  prettier/prettier
  352:2   warning  Delete `␍`  prettier/prettier
  353:14  warning  Delete `␍`  prettier/prettier
  354:36  warning  Delete `␍`  prettier/prettier
  355:20  warning  Delete `␍`  prettier/prettier
  356:37  warning  Delete `␍`  prettier/prettier
  357:21  warning  Delete `␍`  prettier/prettier
  358:28  warning  Delete `␍`  prettier/prettier
  359:13  warning  Delete `␍`  prettier/prettier
  360:21  warning  Delete `␍`  prettier/prettier
  361:2   warning  Delete `␍`  prettier/prettier
  362:17  warning  Delete `␍`  prettier/prettier
  363:22  warning  Delete `␍`  prettier/prettier
  364:20  warning  Delete `␍`  prettier/prettier
  365:27  warning  Delete `␍`  prettier/prettier
  366:2   warning  Delete `␍`  prettier/prettier
  367:12  warning  Delete `␍`  prettier/prettier
  368:20  warning  Delete `␍`  prettier/prettier
  369:23  warning  Delete `␍`  prettier/prettier
  370:19  warning  Delete `␍`  prettier/prettier
  371:20  warning  Delete `␍`  prettier/prettier
  372:2   warning  Delete `␍`  prettier/prettier
  373:10  warning  Delete `␍`  prettier/prettier
  374:17  warning  Delete `␍`  prettier/prettier
  375:25  warning  Delete `␍`  prettier/prettier
  376:2   warning  Delete `␍`  prettier/prettier
  377:12  warning  Delete `␍`  prettier/prettier
  378:27  warning  Delete `␍`  prettier/prettier
  379:33  warning  Delete `␍`  prettier/prettier
  380:23  warning  Delete `␍`  prettier/prettier
  381:21  warning  Delete `␍`  prettier/prettier
  382:24  warning  Delete `␍`  prettier/prettier
  383:19  warning  Delete `␍`  prettier/prettier
  384:33  warning  Delete `␍`  prettier/prettier
  385:19  warning  Delete `␍`  prettier/prettier
  386:30  warning  Delete `␍`  prettier/prettier
  387:2   warning  Delete `␍`  prettier/prettier
  388:18  warning  Delete `␍`  prettier/prettier
  389:34  warning  Delete `␍`  prettier/prettier
  390:27  warning  Delete `␍`  prettier/prettier
  391:2   warning  Delete `␍`  prettier/prettier
  392:1   warning  Delete `␍`  prettier/prettier
  393:72  warning  Delete `␍`  prettier/prettier
  394:8   warning  Delete `␍`  prettier/prettier
  395:17  warning  Delete `␍`  prettier/prettier
  396:23  warning  Delete `␍`  prettier/prettier
  397:13  warning  Delete `␍`  prettier/prettier
  398:33  warning  Delete `␍`  prettier/prettier
  399:19  warning  Delete `␍`  prettier/prettier
  400:26  warning  Delete `␍`  prettier/prettier
  401:23  warning  Delete `␍`  prettier/prettier
  402:29  warning  Delete `␍`  prettier/prettier
  403:2   warning  Delete `␍`  prettier/prettier
  404:15  warning  Delete `␍`  prettier/prettier
  405:15  warning  Delete `␍`  prettier/prettier
  406:15  warning  Delete `␍`  prettier/prettier
  407:11  warning  Delete `␍`  prettier/prettier
  408:15  warning  Delete `␍`  prettier/prettier
  409:26  warning  Delete `␍`  prettier/prettier
  410:17  warning  Delete `␍`  prettier/prettier
  411:2   warning  Delete `␍`  prettier/prettier
  412:11  warning  Delete `␍`  prettier/prettier
  413:27  warning  Delete `␍`  prettier/prettier
  414:20  warning  Delete `␍`  prettier/prettier
  415:2   warning  Delete `␍`  prettier/prettier
  416:12  warning  Delete `␍`  prettier/prettier
  417:21  warning  Delete `␍`  prettier/prettier
  418:20  warning  Delete `␍`  prettier/prettier
  419:26  warning  Delete `␍`  prettier/prettier
  420:2   warning  Delete `␍`  prettier/prettier
  421:12  warning  Delete `␍`  prettier/prettier
  422:23  warning  Delete `␍`  prettier/prettier
  423:2   warning  Delete `␍`  prettier/prettier
  424:1   warning  Delete `␍`  prettier/prettier
  425:72  warning  Delete `␍`  prettier/prettier
  426:8   warning  Delete `␍`  prettier/prettier
  427:17  warning  Delete `␍`  prettier/prettier
  428:41  warning  Delete `␍`  prettier/prettier
  429:13  warning  Delete `␍`  prettier/prettier
  430:2   warning  Delete `␍`  prettier/prettier
  431:28  warning  Delete `␍`  prettier/prettier
  432:10  warning  Delete `␍`  prettier/prettier
  433:32  warning  Delete `␍`  prettier/prettier
  434:4   warning  Delete `␍`  prettier/prettier
  435:2   warning  Delete `␍`  prettier/prettier
  436:1   warning  Delete `␍`  prettier/prettier
  437:14  warning  Delete `␍`  prettier/prettier
  438:30  warning  Delete `␍`  prettier/prettier
  439:33  warning  Delete `␍`  prettier/prettier
  440:30  warning  Delete `␍`  prettier/prettier
  441:20  warning  Delete `␍`  prettier/prettier
  442:63  warning  Delete `␍`  prettier/prettier
  443:39  warning  Delete `␍`  prettier/prettier
  444:2   warning  Delete `␍`  prettier/prettier
  445:20  warning  Delete `␍`  prettier/prettier
  446:30  warning  Delete `␍`  prettier/prettier
  447:2   warning  Delete `␍`  prettier/prettier
  448:1   warning  Delete `␍`  prettier/prettier
  449:15  warning  Delete `␍`  prettier/prettier
  450:24  warning  Delete `␍`  prettier/prettier
  451:17  warning  Delete `␍`  prettier/prettier
  452:26  warning  Delete `␍`  prettier/prettier
  453:12  warning  Delete `␍`  prettier/prettier
  454:2   warning  Delete `␍`  prettier/prettier
  455:16  warning  Delete `␍`  prettier/prettier
  456:33  warning  Delete `␍`  prettier/prettier
  457:19  warning  Delete `␍`  prettier/prettier
  458:26  warning  Delete `␍`  prettier/prettier
  459:23  warning  Delete `␍`  prettier/prettier
  460:29  warning  Delete `␍`  prettier/prettier
  461:20  warning  Delete `␍`  prettier/prettier
  462:2   warning  Delete `␍`  prettier/prettier
  463:14  warning  Delete `␍`  prettier/prettier
  464:36  warning  Delete `␍`  prettier/prettier
  465:19  warning  Delete `␍`  prettier/prettier
  466:23  warning  Delete `␍`  prettier/prettier
  467:20  warning  Delete `␍`  prettier/prettier
  468:2   warning  Delete `␍`  prettier/prettier
  469:1   warning  Delete `␍`  prettier/prettier
  470:14  warning  Delete `␍`  prettier/prettier
  471:15  warning  Delete `␍`  prettier/prettier
  472:17  warning  Delete `␍`  prettier/prettier
  473:2   warning  Delete `␍`  prettier/prettier
  474:1   warning  Delete `␍`  prettier/prettier
  475:72  warning  Delete `␍`  prettier/prettier
  476:20  warning  Delete `␍`  prettier/prettier
  477:9   warning  Delete `␍`  prettier/prettier
  478:16  warning  Delete `␍`  prettier/prettier
  479:32  warning  Delete `␍`  prettier/prettier
  480:4   warning  Delete `␍`  prettier/prettier
  481:7   warning  Delete `␍`  prettier/prettier
  482:16  warning  Delete `␍`  prettier/prettier
  483:30  warning  Delete `␍`  prettier/prettier
  484:4   warning  Delete `␍`  prettier/prettier
  485:2   warning  Delete `␍`  prettier/prettier
  486:9   warning  Delete `␍`  prettier/prettier

H:\codex\林家餐厅小程序\family-kitchen-c01\admin\src\views\BusinessConfig.vue
    1:25   warning  Delete `␍`  prettier/prettier
    2:48   warning  Delete `␍`  prettier/prettier
    3:42   warning  Delete `␍`  prettier/prettier
    4:73   warning  Delete `␍`  prettier/prettier
    5:63   warning  Delete `␍`  prettier/prettier
    6:57   warning  Delete `␍`  prettier/prettier
    7:77   warning  Delete `␍`  prettier/prettier
    8:100  warning  Delete `␍`  prettier/prettier
    9:1    warning  Delete `␍`  prettier/prettier
   10:28   warning  Delete `␍`  prettier/prettier
   11:61   warning  Delete `␍`  prettier/prettier
   12:31   warning  Delete `␍`  prettier/prettier
   13:51   warning  Delete `␍`  prettier/prettier
   14:31   warning  Delete `␍`  prettier/prettier
   15:1    warning  Delete `␍`  prettier/prettier
   16:34   warning  Delete `␍`  prettier/prettier
   17:44   warning  Delete `␍`  prettier/prettier
   18:55   warning  Delete `␍`  prettier/prettier
   19:14   warning  Delete `␍`  prettier/prettier
   20:4    warning  Delete `␍`  prettier/prettier
   21:1    warning  Delete `␍`  prettier/prettier
   22:51   warning  Delete `␍`  prettier/prettier
   23:66   warning  Delete `␍`  prettier/prettier
   24:53   warning  Delete `␍`  prettier/prettier
   25:93   warning  Delete `␍`  prettier/prettier
   26:4    warning  Delete `␍`  prettier/prettier
   27:1    warning  Delete `␍`  prettier/prettier
   28:60   warning  Delete `␍`  prettier/prettier
   29:1    warning  Delete `␍`  prettier/prettier
   30:39   warning  Delete `␍`  prettier/prettier
   31:24   warning  Delete `␍`  prettier/prettier
   32:8    warning  Delete `␍`  prettier/prettier
   33:52   warning  Delete `␍`  prettier/prettier
   34:73   warning  Delete `␍`  prettier/prettier
   35:12   warning  Delete `␍`  prettier/prettier
   36:31   warning  Delete `␍`  prettier/prettier
   37:14   warning  Delete `␍`  prettier/prettier
   38:27   warning  Delete `␍`  prettier/prettier
   39:4    warning  Delete `␍`  prettier/prettier
   40:2    warning  Delete `␍`  prettier/prettier
   41:1    warning  Delete `␍`  prettier/prettier
   42:51   warning  Delete `␍`  prettier/prettier
   43:32   warning  Delete `␍`  prettier/prettier
   44:2    warning  Delete `␍`  prettier/prettier
   45:1    warning  Delete `␍`  prettier/prettier
   46:40   warning  Delete `␍`  prettier/prettier
   47:40   warning  Delete `␍`  prettier/prettier
   48:27   warning  Delete `␍`  prettier/prettier
   49:2    warning  Delete `␍`  prettier/prettier
   50:1    warning  Delete `␍`  prettier/prettier
   51:34   warning  Delete `␍`  prettier/prettier
   52:31   warning  Delete `␍`  prettier/prettier
   53:27   warning  Delete `␍`  prettier/prettier
   54:2    warning  Delete `␍`  prettier/prettier
   55:1    warning  Delete `␍`  prettier/prettier
   56:70   warning  Delete `␍`  prettier/prettier
   57:1    warning  Delete `␍`  prettier/prettier
   58:17   warning  Delete `␍`  prettier/prettier
   59:10   warning  Delete `␍`  prettier/prettier
   60:1    warning  Delete `␍`  prettier/prettier
   61:11   warning  Delete `␍`  prettier/prettier
   62:41   warning  Delete `␍`  prettier/prettier
   63:26   warning  Delete `␍`  prettier/prettier
   64:27   warning  Delete `␍`  prettier/prettier
   65:56   warning  Delete `␍`  prettier/prettier
   66:57   warning  Delete `␍`  prettier/prettier
   67:64   warning  Delete `␍`  prettier/prettier
   68:13   warning  Delete `␍`  prettier/prettier
   69:27   warning  Delete `␍`  prettier/prettier
   70:76   warning  Delete `␍`  prettier/prettier
   71:13   warning  Delete `␍`  prettier/prettier
   72:14   warning  Delete `␍`  prettier/prettier
   73:1    warning  Delete `␍`  prettier/prettier
   74:23   warning  Delete `␍`  prettier/prettier
   75:40   warning  Delete `␍`  prettier/prettier
   76:49   warning  Delete `␍`  prettier/prettier
   77:81   warning  Delete `␍`  prettier/prettier
   78:11   warning  Delete `␍`  prettier/prettier
   79:1    warning  Delete `␍`  prettier/prettier
   80:54   warning  Delete `␍`  prettier/prettier
   81:97   warning  Delete `␍`  prettier/prettier
   82:50   warning  Delete `␍`  prettier/prettier
   83:70   warning  Delete `␍`  prettier/prettier
   84:17   warning  Delete `␍`  prettier/prettier
   85:40   warning  Delete `␍`  prettier/prettier
   86:33   warning  Delete `␍`  prettier/prettier
   87:57   warning  Delete `␍`  prettier/prettier
   88:14   warning  Delete `␍`  prettier/prettier
   89:25   warning  Delete `␍`  prettier/prettier
   90:26   warning  Delete `␍`  prettier/prettier
   91:43   warning  Delete `␍`  prettier/prettier
   92:37   warning  Delete `␍`  prettier/prettier
   93:44   warning  Delete `␍`  prettier/prettier
   94:17   warning  Delete `␍`  prettier/prettier
   95:19   warning  Delete `␍`  prettier/prettier
   96:22   warning  Delete `␍`  prettier/prettier
   97:15   warning  Delete `␍`  prettier/prettier
   98:21   warning  Delete `␍`  prettier/prettier
   99:15   warning  Delete `␍`  prettier/prettier
  100:1    warning  Delete `␍`  prettier/prettier
  101:77   warning  Delete `␍`  prettier/prettier
  102:9    warning  Delete `␍`  prettier/prettier
  103:12   warning  Delete `␍`  prettier/prettier
  104:1    warning  Delete `␍`  prettier/prettier
  105:15   warning  Delete `␍`  prettier/prettier
  106:8    warning  Delete `␍`  prettier/prettier
  107:17   warning  Delete `␍`  prettier/prettier
  108:26   warning  Delete `␍`  prettier/prettier
  109:13   warning  Delete `␍`  prettier/prettier
  110:2    warning  Delete `␍`  prettier/prettier
  111:1    warning  Delete `␍`  prettier/prettier
  112:31   warning  Delete `␍`  prettier/prettier
  113:8    warning  Delete `␍`  prettier/prettier
  114:17   warning  Delete `␍`  prettier/prettier
  115:34   warning  Delete `␍`  prettier/prettier
  116:25   warning  Delete `␍`  prettier/prettier
  117:13   warning  Delete `␍`  prettier/prettier
  118:2    warning  Delete `␍`  prettier/prettier
  119:10   warning  Delete `␍`  prettier/prettier
  120:20   warning  Delete `␍`  prettier/prettier
  121:2    warning  Delete `␍`  prettier/prettier
  122:11   warning  Delete `␍`  prettier/prettier
  123:33   warning  Delete `␍`  prettier/prettier
  124:19   warning  Delete `␍`  prettier/prettier
  125:26   warning  Delete `␍`  prettier/prettier
  126:27   warning  Delete `␍`  prettier/prettier
  127:20   warning  Delete `␍`  prettier/prettier
  128:23   warning  Delete `␍`  prettier/prettier
  129:2    warning  Delete `␍`  prettier/prettier
  130:14   warning  Delete `␍`  prettier/prettier
  131:36   warning  Delete `␍`  prettier/prettier
  132:20   warning  Delete `␍`  prettier/prettier
  133:39   warning  Delete `␍`  prettier/prettier
  134:21   warning  Delete `␍`  prettier/prettier
  135:28   warning  Delete `␍`  prettier/prettier
  136:13   warning  Delete `␍`  prettier/prettier
  137:21   warning  Delete `␍`  prettier/prettier
  138:2    warning  Delete `␍`  prettier/prettier
  139:17   warning  Delete `␍`  prettier/prettier
  140:22   warning  Delete `␍`  prettier/prettier
  141:20   warning  Delete `␍`  prettier/prettier
  142:27   warning  Delete `␍`  prettier/prettier
  143:2    warning  Delete `␍`  prettier/prettier
  144:12   warning  Delete `␍`  prettier/prettier
  145:20   warning  Delete `␍`  prettier/prettier
  146:23   warning  Delete `␍`  prettier/prettier
  147:19   warning  Delete `␍`  prettier/prettier
  148:20   warning  Delete `␍`  prettier/prettier
  149:2    warning  Delete `␍`  prettier/prettier
  150:1    warning  Delete `␍`  prettier/prettier
  151:13   warning  Delete `␍`  prettier/prettier
  152:27   warning  Delete `␍`  prettier/prettier
  153:33   warning  Delete `␍`  prettier/prettier
  154:23   warning  Delete `␍`  prettier/prettier
  155:21   warning  Delete `␍`  prettier/prettier
  156:24   warning  Delete `␍`  prettier/prettier
  157:21   warning  Delete `␍`  prettier/prettier
  158:33   warning  Delete `␍`  prettier/prettier
  159:19   warning  Delete `␍`  prettier/prettier
  160:30   warning  Delete `␍`  prettier/prettier
  161:2    warning  Delete `␍`  prettier/prettier
  162:19   warning  Delete `␍`  prettier/prettier
  163:34   warning  Delete `␍`  prettier/prettier
  164:27   warning  Delete `␍`  prettier/prettier
  165:2    warning  Delete `␍`  prettier/prettier
  166:1    warning  Delete `␍`  prettier/prettier
  167:8    warning  Delete `␍`  prettier/prettier
  168:17   warning  Delete `␍`  prettier/prettier
  169:23   warning  Delete `␍`  prettier/prettier
  170:13   warning  Delete `␍`  prettier/prettier
  171:33   warning  Delete `␍`  prettier/prettier
  172:19   warning  Delete `␍`  prettier/prettier
  173:26   warning  Delete `␍`  prettier/prettier
  174:23   warning  Delete `␍`  prettier/prettier
  175:29   warning  Delete `␍`  prettier/prettier
  176:2    warning  Delete `␍`  prettier/prettier
  177:15   warning  Delete `␍`  prettier/prettier
  178:15   warning  Delete `␍`  prettier/prettier
  179:15   warning  Delete `␍`  prettier/prettier
  180:11   warning  Delete `␍`  prettier/prettier
  181:15   warning  Delete `␍`  prettier/prettier
  182:26   warning  Delete `␍`  prettier/prettier
  183:17   warning  Delete `␍`  prettier/prettier
  184:2    warning  Delete `␍`  prettier/prettier
  185:11   warning  Delete `␍`  prettier/prettier
  186:27   warning  Delete `␍`  prettier/prettier
  187:20   warning  Delete `␍`  prettier/prettier
  188:2    warning  Delete `␍`  prettier/prettier
  189:12   warning  Delete `␍`  prettier/prettier
  190:21   warning  Delete `␍`  prettier/prettier
  191:20   warning  Delete `␍`  prettier/prettier
  192:26   warning  Delete `␍`  prettier/prettier
  193:2    warning  Delete `␍`  prettier/prettier
  194:12   warning  Delete `␍`  prettier/prettier
  195:23   warning  Delete `␍`  prettier/prettier
  196:33   warning  Delete `␍`  prettier/prettier
  197:2    warning  Delete `␍`  prettier/prettier
  198:1    warning  Delete `␍`  prettier/prettier
  199:15   warning  Delete `␍`  prettier/prettier
  200:33   warning  Delete `␍`  prettier/prettier
  201:2    warning  Delete `␍`  prettier/prettier
  202:48   warning  Delete `␍`  prettier/prettier
  203:26   warning  Delete `␍`  prettier/prettier
  204:17   warning  Delete `␍`  prettier/prettier
  205:2    warning  Delete `␍`  prettier/prettier
  206:37   warning  Delete `␍`  prettier/prettier
  207:33   warning  Delete `␍`  prettier/prettier
  208:19   warning  Delete `␍`  prettier/prettier
  209:23   warning  Delete `␍`  prettier/prettier
  210:2    warning  Delete `␍`  prettier/prettier
  211:47   warning  Delete `␍`  prettier/prettier
  212:27   warning  Delete `␍`  prettier/prettier
  213:20   warning  Delete `␍`  prettier/prettier
  214:2    warning  Delete `␍`  prettier/prettier
  215:43   warning  Delete `␍`  prettier/prettier
  216:38   warning  Delete `␍`  prettier/prettier
  217:2    warning  Delete `␍`  prettier/prettier
  218:1    warning  Delete `␍`  prettier/prettier
  219:8    warning  Delete `␍`  prettier/prettier
  220:17   warning  Delete `␍`  prettier/prettier
  221:26   warning  Delete `␍`  prettier/prettier
  222:13   warning  Delete `␍`  prettier/prettier
  223:2    warning  Delete `␍`  prettier/prettier
  224:1    warning  Delete `␍`  prettier/prettier
  225:8    warning  Delete `␍`  prettier/prettier
  226:17   warning  Delete `␍`  prettier/prettier
  227:63   warning  Delete `␍`  prettier/prettier
  228:13   warning  Delete `␍`  prettier/prettier
  229:2    warning  Delete `␍`  prettier/prettier
  230:28   warning  Delete `␍`  prettier/prettier
  231:10   warning  Delete `␍`  prettier/prettier
  232:32   warning  Delete `␍`  prettier/prettier
  233:4    warning  Delete `␍`  prettier/prettier
  234:2    warning  Delete `␍`  prettier/prettier
  235:1    warning  Delete `␍`  prettier/prettier
  236:14   warning  Delete `␍`  prettier/prettier
  237:62   warning  Delete `␍`  prettier/prettier
  238:2    warning  Delete `␍`  prettier/prettier
  239:1    warning  Delete `␍`  prettier/prettier
  240:20   warning  Delete `␍`  prettier/prettier
  241:9    warning  Delete `␍`  prettier/prettier
  242:16   warning  Delete `␍`  prettier/prettier
  243:32   warning  Delete `␍`  prettier/prettier
  244:4    warning  Delete `␍`  prettier/prettier
  245:7    warning  Delete `␍`  prettier/prettier
  246:16   warning  Delete `␍`  prettier/prettier
  247:30   warning  Delete `␍`  prettier/prettier
  248:4    warning  Delete `␍`  prettier/prettier
  249:2    warning  Delete `␍`  prettier/prettier
  250:9    warning  Delete `␍`  prettier/prettier

H:\codex\林家餐厅小程序\family-kitchen-c01\admin\src\views\Dashboard.vue
    1:25   warning  Delete `␍`                                                                                                                                                                                                                                                         prettier/prettier
    2:61   warning  Delete `␍`                                                                                                                                                                                                                                                         prettier/prettier
    3:59   warning  Delete `␍`                                                                                                                                                                                                                                                         prettier/prettier
    4:1    warning  Delete `␍`                                                                                                                                                                                                                                                         prettier/prettier
    5:48   warning  Delete `␍`                                                                                                                                                                                                                                                         prettier/prettier
    6:28   warning  Delete `␍`                                                                                                                                                                                                                                                         prettier/prettier
    7:57   warning  Delete `␍`                                                                                                                                                                                                                                                         prettier/prettier
    8:1    warning  Delete `␍`                                                                                                                                                                                                                                                         prettier/prettier
    9:39   warning  Delete `␍`                                                                                                                                                                                                                                                         prettier/prettier
   10:24   warning  Delete `␍`                                                                                                                                                                                                                                                         prettier/prettier
   11:8    warning  Delete `␍`                                                                                                                                                                                                                                                         prettier/prettier
   12:46   warning  Delete `␍`                                                                                                                                                                                                                                                         prettier/prettier
   13:12   warning  Delete `␍`                                                                                                                                                                                                                                                         prettier/prettier
   14:27   warning  Delete `␍`                                                                                                                                                                                                                                                         prettier/prettier
   15:14   warning  Delete `␍`                                                                                                                                                                                                                                                         prettier/prettier
   16:27   warning  Delete `␍`                                                                                                                                                                                                                                                         prettier/prettier
   17:4    warning  Delete `␍`                                                                                                                                                                                                                                                         prettier/prettier
   18:2    warning  Delete `␍`                                                                                                                                                                                                                                                         prettier/prettier
   19:1    warning  Delete `␍`                                                                                                                                                                                                                                                         prettier/prettier
   20:18   warning  Delete `␍`                                                                                                                                                                                                                                                         prettier/prettier
   21:15   warning  Delete `␍`                                                                                                                                                                                                                                                         prettier/prettier
   22:37   warning  Delete `␍`                                                                                                                                                                                                                                                         prettier/prettier
   23:4    warning  Delete `␍`                                                                                                                                                                                                                                                         prettier/prettier
   24:20   warning  Delete `␍`                                                                                                                                                                                                                                                         prettier/prettier
   25:35   warning  Delete `␍`                                                                                                                                                                                                                                                         prettier/prettier
   26:4    warning  Delete `␍`                                                                                                                                                                                                                                                         prettier/prettier
   27:1    warning  Delete `␍`                                                                                                                                                                                                                                                         prettier/prettier
   28:17   warning  Delete `␍`                                                                                                                                                                                                                                                         prettier/prettier
   29:27   warning  Delete `␍`                                                                                                                                                                                                                                                         prettier/prettier
   30:17   warning  Delete `␍`                                                                                                                                                                                                                                                         prettier/prettier
   31:19   warning  Delete `␍`                                                                                                                                                                                                                                                         prettier/prettier
   32:17   warning  Delete `␍`                                                                                                                                                                                                                                                         prettier/prettier
   33:37   warning  Delete `␍`                                                                                                                                                                                                                                                         prettier/prettier
   34:23   warning  Delete `␍`                                                                                                                                                                                                                                                         prettier/prettier
   35:17   warning  Delete `␍`                                                                                                                                                                                                                                                         prettier/prettier
   36:2    warning  Delete `␍`                                                                                                                                                                                                                                                         prettier/prettier
   37:1    warning  Delete `␍`                                                                                                                                                                                                                                                         prettier/prettier
   38:24   warning  Delete `␍`                                                                                                                                                                                                                                                         prettier/prettier
   39:79   warning  Delete `␍`                                                                                                                                                                                                                                                         prettier/prettier
   40:80   warning  Delete `␍`                                                                                                                                                                                                                                                         prettier/prettier
   41:87   warning  Delete `␍`                                                                                                                                                                                                                                                         prettier/prettier
   42:70   warning  Delete `␍`                                                                                                                                                                                                                                                         prettier/prettier
   43:77   warning  Delete `␍`                                                                                                                                                                                                                                                         prettier/prettier
   44:4    warning  Delete `␍`                                                                                                                                                                                                                                                         prettier/prettier
   45:29   warning  Delete `␍`                                                                                                                                                                                                                                                         prettier/prettier
   46:18   warning  Delete `␍`                                                                                                                                                                                                                                                         prettier/prettier
   47:32   warning  Delete `␍`                                                                                                                                                                                                                                                         prettier/prettier
   48:48   warning  Delete `␍`                                                                                                                                                                                                                                                         prettier/prettier
   49:15   warning  Delete `␍`                                                                                                                                                                                                                                                         prettier/prettier
   50:21   warning  Delete `␍`                                                                                                                                                                                                                                                         prettier/prettier
   51:36   warning  Delete `␍`                                                                                                                                                                                                                                                         prettier/prettier
   52:5    warning  Delete `␍`                                                                                                                                                                                                                                                         prettier/prettier
   53:94   warning  Delete `␍`                                                                                                                                                                                                                                                         prettier/prettier
   54:3    warning  Delete `␍`                                                                                                                                                                                                                                                         prettier/prettier
   55:1    warning  Delete `␍`                                                                                                                                                                                                                                                         prettier/prettier
   56:32   warning  Delete `␍`                                                                                                                                                                                                                                                         prettier/prettier
   57:34   warning  Delete `␍`                                                                                                                                                                                                                                                         prettier/prettier
   58:46   warning  Delete `␍`                                                                                                                                                                                                                                                         prettier/prettier
   59:44   warning  Delete `␍`                                                                                                                                                                                                                                                         prettier/prettier
   60:59   warning  Delete `␍`                                                                                                                                                                                                                                                         prettier/prettier
   61:22   warning  Delete `␍`                                                                                                                                                                                                                                                         prettier/prettier
   62:2    warning  Delete `␍`                                                                                                                                                                                                                                                         prettier/prettier
   63:1    warning  Delete `␍`                                                                                                                                                                                                                                                         prettier/prettier
   64:39   warning  Delete `␍`                                                                                                                                                                                                                                                         prettier/prettier
   65:34   warning  Delete `␍`                                                                                                                                                                                                                                                         prettier/prettier
   66:70   warning  Delete `␍`                                                                                                                                                                                                                                                         prettier/prettier
   67:22   warning  Delete `␍`                                                                                                                                                                                                                                                         prettier/prettier
   68:20   warning  Delete `␍`                                                                                                                                                                                                                                                         prettier/prettier
   69:21   warning  Delete `␍`                                                                                                                                                                                                                                                         prettier/prettier
   70:23   warning  Delete `␍`                                                                                                                                                                                                                                                         prettier/prettier
   71:6    warning  Delete `␍`                                                                                                                                                                                                                                                         prettier/prettier
   72:4    warning  Delete `␍`                                                                                                                                                                                                                                                         prettier/prettier
   73:10   warning  Delete `␍`                                                                                                                                                                                                                                                         prettier/prettier
   74:1    warning  Delete `␍`                                                                                                                                                                                                                                                         prettier/prettier
   75:11   warning  Delete `␍`                                                                                                                                                                                                                                                         prettier/prettier
   76:46   warning  Delete `␍`                                                                                                                                                                                                                                                         prettier/prettier
   77:26   warning  Delete `␍`                                                                                                                                                                                                                                                         prettier/prettier
   78:27   warning  Delete `␍`                                                                                                                                                                                                                                                         prettier/prettier
   79:30   warning  Replace `EDITION···{{·new·Date().getFullYear()·}}·/·Q{{·Math.ceil((new·Date().getMonth()·+·1)·/·3)·}}</div>␍` with `⏎··········EDITION···{{·new·Date().getFullYear()·}}·/·Q{{⏎············Math.ceil((new·Date().getMonth()·+·1)·/·3)⏎··········}}⏎········</div>`  prettier/prettier
   80:57   warning  Delete `␍`                                                                                                                                                                                                                                                         prettier/prettier
   81:63   warning  Delete `␍`                                                                                                                                                                                                                                                         prettier/prettier
   82:13   warning  Delete `␍`                                                                                                                                                                                                                                                         prettier/prettier
   83:27   warning  Delete `␍`                                                                                                                                                                                                                                                         prettier/prettier
   84:47   warning  Delete `␍`                                                                                                                                                                                                                                                         prettier/prettier
   85:57   warning  Delete `␍`                                                                                                                                                                                                                                                         prettier/prettier
   86:63   warning  Delete `␍`                                                                                                                                                                                                                                                         prettier/prettier
   87:13   warning  Delete `␍`                                                                                                                                                                                                                                                         prettier/prettier
   88:14   warning  Delete `␍`                                                                                                                                                                                                                                                         prettier/prettier
   89:1    warning  Delete `␍`                                                                                                                                                                                                                                                         prettier/prettier
   90:23   warning  Delete `␍`                                                                                                                                                                                                                                                         prettier/prettier
   91:40   warning  Delete `␍`                                                                                                                                                                                                                                                         prettier/prettier
   92:49   warning  Delete `␍`                                                                                                                                                                                                                                                         prettier/prettier
   93:57   warning  Delete `␍`                                                                                                                                                                                                                                                         prettier/prettier
   94:11   warning  Delete `␍`                                                                                                                                                                                                                                                         prettier/prettier
   95:1    warning  Delete `␍`                                                                                                                                                                                                                                                         prettier/prettier
   96:23   warning  Delete `␍`                                                                                                                                                                                                                                                         prettier/prettier
   97:15   warning  Delete `␍`                                                                                                                                                                                                                                                         prettier/prettier
   98:32   warning  Delete `␍`                                                                                                                                                                                                                                                         prettier/prettier
   99:21   warning  Delete `␍`                                                                                                                                                                                                                                                         prettier/prettier
  100:21   warning  Delete `␍`                                                                                                                                                                                                                                                         prettier/prettier
  101:44   warning  Delete `␍`                                                                                                                                                                                                                                                         prettier/prettier
  102:51   warning  Delete `␍`                                                                                                                                                                                                                                                         prettier/prettier
  103:8    warning  Delete `␍`                                                                                                                                                                                                                                                         prettier/prettier
  104:56   warning  Delete `␍`                                                                                                                                                                                                                                                         prettier/prettier
  105:34   warning  Delete `␍`                                                                                                                                                                                                                                                         prettier/prettier
  106:55   warning  Delete `␍`                                                                                                                                                                                                                                                         prettier/prettier
  107:68   warning  Delete `␍`                                                                                                                                                                                                                                                         prettier/prettier
  108:15   warning  Delete `␍`                                                                                                                                                                                                                                                         prettier/prettier
  109:52   warning  Delete `␍`                                                                                                                                                                                                                                                         prettier/prettier
  110:64   warning  Delete `␍`                                                                                                                                                                                                                                                         prettier/prettier
  111:62   warning  Delete `␍`                                                                                                                                                                                                                                                         prettier/prettier
  112:17   warning  Delete `␍`                                                                                                                                                                                                                                                         prettier/prettier
  113:11   warning  Delete `␍`                                                                                                                                                                                                                                                         prettier/prettier
  114:9    warning  Delete `␍`                                                                                                                                                                                                                                                         prettier/prettier
  115:12   warning  Delete `␍`                                                                                                                                                                                                                                                         prettier/prettier
  116:1    warning  Delete `␍`                                                                                                                                                                                                                                                         prettier/prettier
  117:15   warning  Delete `␍`                                                                                                                                                                                                                                                         prettier/prettier
  118:13   warning  Delete `␍`                                                                                                                                                                                                                                                         prettier/prettier
  119:17   warning  Delete `␍`                                                                                                                                                                                                                                                         prettier/prettier
  120:26   warning  Delete `␍`                                                                                                                                                                                                                                                         prettier/prettier
  121:13   warning  Delete `␍`                                                                                                                                                                                                                                                         prettier/prettier
  122:2    warning  Delete `␍`                                                                                                                                                                                                                                                         prettier/prettier
  123:1    warning  Delete `␍`                                                                                                                                                                                                                                                         prettier/prettier
  124:72   warning  Delete `␍`                                                                                                                                                                                                                                                         prettier/prettier
  125:8    warning  Delete `␍`                                                                                                                                                                                                                                                         prettier/prettier
  126:17   warning  Delete `␍`                                                                                                                                                                                                                                                         prettier/prettier
  127:34   warning  Delete `␍`                                                                                                                                                                                                                                                         prettier/prettier
  128:25   warning  Delete `␍`                                                                                                                                                                                                                                                         prettier/prettier
  129:13   warning  Delete `␍`                                                                                                                                                                                                                                                         prettier/prettier
  130:23   warning  Delete `␍`                                                                                                                                                                                                                                                         prettier/prettier
  131:2    warning  Delete `␍`                                                                                                                                                                                                                                                         prettier/prettier
  132:10   warning  Replace `·max-width:·640px;·}␍` with `⏎··max-width:·640px;⏎}`                                                                                                                                                                                                      prettier/prettier
  133:11   warning  Delete `␍`                                                                                                                                                                                                                                                         prettier/prettier
  134:33   warning  Delete `␍`                                                                                                                                                                                                                                                         prettier/prettier
  135:19   warning  Delete `␍`                                                                                                                                                                                                                                                         prettier/prettier
  136:26   warning  Delete `␍`                                                                                                                                                                                                                                                         prettier/prettier
  137:27   warning  Delete `␍`                                                                                                                                                                                                                                                         prettier/prettier
  138:20   warning  Delete `␍`                                                                                                                                                                                                                                                         prettier/prettier
  139:23   warning  Delete `␍`                                                                                                                                                                                                                                                         prettier/prettier
  140:2    warning  Delete `␍`                                                                                                                                                                                                                                                         prettier/prettier
  141:14   warning  Delete `␍`                                                                                                                                                                                                                                                         prettier/prettier
  142:36   warning  Delete `␍`                                                                                                                                                                                                                                                         prettier/prettier
  143:20   warning  Delete `␍`                                                                                                                                                                                                                                                         prettier/prettier
  144:37   warning  Delete `␍`                                                                                                                                                                                                                                                         prettier/prettier
  145:21   warning  Delete `␍`                                                                                                                                                                                                                                                         prettier/prettier
  146:28   warning  Delete `␍`                                                                                                                                                                                                                                                         prettier/prettier
  147:13   warning  Delete `␍`                                                                                                                                                                                                                                                         prettier/prettier
  148:21   warning  Delete `␍`                                                                                                                                                                                                                                                         prettier/prettier
  149:2    warning  Delete `␍`                                                                                                                                                                                                                                                         prettier/prettier
  150:17   warning  Delete `␍`                                                                                                                                                                                                                                                         prettier/prettier
  151:22   warning  Delete `␍`                                                                                                                                                                                                                                                         prettier/prettier
  152:20   warning  Delete `␍`                                                                                                                                                                                                                                                         prettier/prettier
  153:27   warning  Delete `␍`                                                                                                                                                                                                                                                         prettier/prettier
  154:2    warning  Delete `␍`                                                                                                                                                                                                                                                         prettier/prettier
  155:12   warning  Delete `␍`                                                                                                                                                                                                                                                         prettier/prettier
  156:20   warning  Delete `␍`                                                                                                                                                                                                                                                         prettier/prettier
  157:23   warning  Delete `␍`                                                                                                                                                                                                                                                         prettier/prettier
  158:19   warning  Delete `␍`                                                                                                                                                                                                                                                         prettier/prettier
  159:20   warning  Delete `␍`                                                                                                                                                                                                                                                         prettier/prettier
  160:2    warning  Delete `␍`                                                                                                                                                                                                                                                         prettier/prettier
  161:1    warning  Delete `␍`                                                                                                                                                                                                                                                         prettier/prettier
  162:10   warning  Delete `␍`                                                                                                                                                                                                                                                         prettier/prettier
  163:21   warning  Delete `␍`                                                                                                                                                                                                                                                         prettier/prettier
  164:17   warning  Delete `␍`                                                                                                                                                                                                                                                         prettier/prettier
  165:26   warning  Delete `␍`                                                                                                                                                                                                                                                         prettier/prettier
  166:25   warning  Delete `␍`                                                                                                                                                                                                                                                         prettier/prettier
  167:12   warning  Delete `␍`                                                                                                                                                                                                                                                         prettier/prettier
  168:2    warning  Delete `␍`                                                                                                                                                                                                                                                         prettier/prettier
  169:14   warning  Delete `␍`                                                                                                                                                                                                                                                         prettier/prettier
  170:33   warning  Delete `␍`                                                                                                                                                                                                                                                         prettier/prettier
  171:19   warning  Delete `␍`                                                                                                                                                                                                                                                         prettier/prettier
  172:26   warning  Delete `␍`                                                                                                                                                                                                                                                         prettier/prettier
  173:23   warning  Delete `␍`                                                                                                                                                                                                                                                         prettier/prettier
  174:2    warning  Delete `␍`                                                                                                                                                                                                                                                         prettier/prettier
  175:13   warning  Delete `␍`                                                                                                                                                                                                                                                         prettier/prettier
  176:33   warning  Delete `␍`                                                                                                                                                                                                                                                         prettier/prettier
  177:20   warning  Delete `␍`                                                                                                                                                                                                                                                         prettier/prettier
  178:19   warning  Delete `␍`                                                                                                                                                                                                                                                         prettier/prettier
  179:21   warning  Delete `␍`                                                                                                                                                                                                                                                         prettier/prettier
  180:26   warning  Delete `␍`                                                                                                                                                                                                                                                         prettier/prettier
  181:2    warning  Delete `␍`                                                                                                                                                                                                                                                         prettier/prettier
  182:12   warning  Delete `␍`                                                                                                                                                                                                                                                         prettier/prettier
  183:19   warning  Delete `␍`                                                                                                                                                                                                                                                         prettier/prettier
  184:27   warning  Delete `␍`                                                                                                                                                                                                                                                         prettier/prettier
  185:33   warning  Delete `␍`                                                                                                                                                                                                                                                         prettier/prettier
  186:23   warning  Delete `␍`                                                                                                                                                                                                                                                         prettier/prettier
  187:21   warning  Delete `␍`                                                                                                                                                                                                                                                         prettier/prettier
  188:24   warning  Delete `␍`                                                                                                                                                                                                                                                         prettier/prettier
  189:19   warning  Delete `␍`                                                                                                                                                                                                                                                         prettier/prettier
  190:33   warning  Delete `␍`                                                                                                                                                                                                                                                         prettier/prettier
  191:19   warning  Delete `␍`                                                                                                                                                                                                                                                         prettier/prettier
  192:30   warning  Delete `␍`                                                                                                                                                                                                                                                         prettier/prettier
  193:2    warning  Delete `␍`                                                                                                                                                                                                                                                         prettier/prettier
  194:18   warning  Delete `␍`                                                                                                                                                                                                                                                         prettier/prettier
  195:34   warning  Delete `␍`                                                                                                                                                                                                                                                         prettier/prettier
  196:27   warning  Delete `␍`                                                                                                                                                                                                                                                         prettier/prettier
  197:2    warning  Delete `␍`                                                                                                                                                                                                                                                         prettier/prettier
  198:1    warning  Delete `␍`                                                                                                                                                                                                                                                         prettier/prettier
  199:72   warning  Delete `␍`                                                                                                                                                                                                                                                         prettier/prettier
  200:8    warning  Delete `␍`                                                                                                                                                                                                                                                         prettier/prettier
  201:17   warning  Delete `␍`                                                                                                                                                                                                                                                         prettier/prettier
  202:23   warning  Delete `␍`                                                                                                                                                                                                                                                         prettier/prettier
  203:13   warning  Delete `␍`                                                                                                                                                                                                                                                         prettier/prettier
  204:33   warning  Delete `␍`                                                                                                                                                                                                                                                         prettier/prettier
  205:19   warning  Delete `␍`                                                                                                                                                                                                                                                         prettier/prettier
  206:26   warning  Delete `␍`                                                                                                                                                                                                                                                         prettier/prettier
  207:23   warning  Delete `␍`                                                                                                                                                                                                                                                         prettier/prettier
  208:29   warning  Delete `␍`                                                                                                                                                                                                                                                         prettier/prettier
  209:2    warning  Delete `␍`                                                                                                                                                                                                                                                         prettier/prettier
  210:15   warning  Delete `␍`                                                                                                                                                                                                                                                         prettier/prettier
  211:15   warning  Delete `␍`                                                                                                                                                                                                                                                         prettier/prettier
  212:15   warning  Delete `␍`                                                                                                                                                                                                                                                         prettier/prettier
  213:11   warning  Delete `␍`                                                                                                                                                                                                                                                         prettier/prettier
  214:15   warning  Delete `␍`                                                                                                                                                                                                                                                         prettier/prettier
  215:26   warning  Delete `␍`                                                                                                                                                                                                                                                         prettier/prettier
  216:17   warning  Delete `␍`                                                                                                                                                                                                                                                         prettier/prettier
  217:2    warning  Delete `␍`                                                                                                                                                                                                                                                         prettier/prettier
  218:11   warning  Replace `·color:·var(--persimmon);·font-weight:·600;·}␍` with `⏎··color:·var(--persimmon);⏎··font-weight:·600;⏎}`                                                                                                                                                  prettier/prettier
  219:12   warning  Replace `·color:·var(--ink);·font-weight:·600;·letter-spacing:·0.22em;·}␍` with `⏎··color:·var(--ink);⏎··font-weight:·600;⏎··letter-spacing:·0.22em;⏎}`                                                                                                            prettier/prettier
  220:12   warning  Replace `·color:·var(--ink-3);·}␍` with `⏎··color:·var(--ink-3);⏎}`                                                                                                                                                                                                prettier/prettier
  221:1    warning  Delete `␍`                                                                                                                                                                                                                                                         prettier/prettier
  222:72   warning  Delete `␍`                                                                                                                                                                                                                                                         prettier/prettier
  223:8    warning  Delete `␍`                                                                                                                                                                                                                                                         prettier/prettier
  224:17   warning  Delete `␍`                                                                                                                                                                                                                                                         prettier/prettier
  225:63   warning  Delete `␍`                                                                                                                                                                                                                                                         prettier/prettier
  226:13   warning  Delete `␍`                                                                                                                                                                                                                                                         prettier/prettier
  227:2    warning  Delete `␍`                                                                                                                                                                                                                                                         prettier/prettier
  228:1    warning  Delete `␍`                                                                                                                                                                                                                                                         prettier/prettier
  229:8    warning  Delete `␍`                                                                                                                                                                                                                                                         prettier/prettier
  230:22   warning  Delete `␍`                                                                                                                                                                                                                                                         prettier/prettier
  231:27   warning  Delete `␍`                                                                                                                                                                                                                                                         prettier/prettier
  232:30   warning  Delete `␍`                                                                                                                                                                                                                                                         prettier/prettier
  233:33   warning  Delete `␍`                                                                                                                                                                                                                                                         prettier/prettier
  234:30   warning  Delete `␍`                                                                                                                                                                                                                                                         prettier/prettier
  235:17   warning  Delete `␍`                                                                                                                                                                                                                                                         prettier/prettier
  236:26   warning  Delete `␍`                                                                                                                                                                                                                                                         prettier/prettier
  237:12   warning  Delete `␍`                                                                                                                                                                                                                                                         prettier/prettier
  238:20   warning  Delete `␍`                                                                                                                                                                                                                                                         prettier/prettier
  239:63   warning  Delete `␍`                                                                                                                                                                                                                                                         prettier/prettier
  240:14   warning  Replace `·border-color·0.18s·ease,·transform·0.18s·ease;␍` with `⏎····border-color·0.18s·ease,⏎····transform·0.18s·ease;`                                                                                                                                          prettier/prettier
  241:2    warning  Delete `␍`                                                                                                                                                                                                                                                         prettier/prettier
  242:14   warning  Delete `␍`                                                                                                                                                                                                                                                         prettier/prettier
  243:30   warning  Delete `␍`                                                                                                                                                                                                                                                         prettier/prettier
  244:31   warning  Delete `␍`                                                                                                                                                                                                                                                         prettier/prettier
  245:2    warning  Delete `␍`                                                                                                                                                                                                                                                         prettier/prettier
  246:16   warning  Delete `␍`                                                                                                                                                                                                                                                         prettier/prettier
  247:15   warning  Delete `␍`                                                                                                                                                                                                                                                         prettier/prettier
  248:22   warning  Delete `␍`                                                                                                                                                                                                                                                         prettier/prettier
  249:21   warning  Delete `␍`                                                                                                                                                                                                                                                         prettier/prettier
  250:15   warning  Delete `␍`                                                                                                                                                                                                                                                         prettier/prettier
  251:89   warning  Delete `␍`                                                                                                                                                                                                                                                         prettier/prettier
  252:17   warning  Delete `␍`                                                                                                                                                                                                                                                         prettier/prettier
  253:2    warning  Delete `␍`                                                                                                                                                                                                                                                         prettier/prettier
  254:1    warning  Delete `␍`                                                                                                                                                                                                                                                         prettier/prettier
  255:16   warning  Delete `␍`                                                                                                                                                                                                                                                         prettier/prettier
  256:33   warning  Delete `␍`                                                                                                                                                                                                                                                         prettier/prettier
  257:19   warning  Delete `␍`                                                                                                                                                                                                                                                         prettier/prettier
  258:26   warning  Delete `␍`                                                                                                                                                                                                                                                         prettier/prettier
  259:23   warning  Delete `␍`                                                                                                                                                                                                                                                         prettier/prettier
  260:29   warning  Delete `␍`                                                                                                                                                                                                                                                         prettier/prettier
  261:20   warning  Delete `␍`                                                                                                                                                                                                                                                         prettier/prettier
  262:2    warning  Delete `␍`                                                                                                                                                                                                                                                         prettier/prettier
  263:15   warning  Delete `␍`                                                                                                                                                                                                                                                         prettier/prettier
  264:17   warning  Delete `␍`                                                                                                                                                                                                                                                         prettier/prettier
  265:25   warning  Delete `␍`                                                                                                                                                                                                                                                         prettier/prettier
  266:12   warning  Delete `␍`                                                                                                                                                                                                                                                         prettier/prettier
  267:19   warning  Delete `␍`                                                                                                                                                                                                                                                         prettier/prettier
  268:2    warning  Delete `␍`                                                                                                                                                                                                                                                         prettier/prettier
  269:14   warning  Delete `␍`                                                                                                                                                                                                                                                         prettier/prettier
  270:36   warning  Delete `␍`                                                                                                                                                                                                                                                         prettier/prettier
  271:20   warning  Delete `␍`                                                                                                                                                                                                                                                         prettier/prettier
  272:19   warning  Delete `␍`                                                                                                                                                                                                                                                         prettier/prettier
  273:18   warning  Delete `␍`                                                                                                                                                                                                                                                         prettier/prettier
  274:21   warning  Delete `␍`                                                                                                                                                                                                                                                         prettier/prettier
  275:28   warning  Delete `␍`                                                                                                                                                                                                                                                         prettier/prettier
  276:50   warning  Delete `␍`                                                                                                                                                                                                                                                         prettier/prettier
  277:2    warning  Delete `␍`                                                                                                                                                                                                                                                         prettier/prettier
  278:13   warning  Delete `␍`                                                                                                                                                                                                                                                         prettier/prettier
  279:36   warning  Delete `␍`                                                                                                                                                                                                                                                         prettier/prettier
  280:22   warning  Delete `␍`                                                                                                                                                                                                                                                         prettier/prettier
  281:19   warning  Delete `␍`                                                                                                                                                                                                                                                         prettier/prettier
  282:23   warning  Delete `␍`                                                                                                                                                                                                                                                         prettier/prettier
  283:2    warning  Delete `␍`                                                                                                                                                                                                                                                         prettier/prettier
  284:14   warning  Delete `␍`                                                                                                                                                                                                                                                         prettier/prettier
  285:36   warning  Delete `␍`                                                                                                                                                                                                                                                         prettier/prettier
  286:19   warning  Delete `␍`                                                                                                                                                                                                                                                         prettier/prettier
  287:23   warning  Delete `␍`                                                                                                                                                                                                                                                         prettier/prettier
  288:20   warning  Delete `␍`                                                                                                                                                                                                                                                         prettier/prettier
  289:2    warning  Delete `␍`                                                                                                                                                                                                                                                         prettier/prettier
  290:13   warning  Delete `␍`                                                                                                                                                                                                                                                         prettier/prettier
  291:19   warning  Delete `␍`                                                                                                                                                                                                                                                         prettier/prettier
  292:23   warning  Delete `␍`                                                                                                                                                                                                                                                         prettier/prettier
  293:20   warning  Delete `␍`                                                                                                                                                                                                                                                         prettier/prettier
  294:19   warning  Delete `␍`                                                                                                                                                                                                                                                         prettier/prettier
  295:2    warning  Delete `␍`                                                                                                                                                                                                                                                         prettier/prettier
  296:1    warning  Delete `␍`                                                                                                                                                                                                                                                         prettier/prettier
  297:33   warning  Delete `␍`                                                                                                                                                                                                                                                         prettier/prettier
  298:11   warning  Delete `␍`                                                                                                                                                                                                                                                         prettier/prettier
  299:41   warning  Replace `A1F18·0%,·#1B1614·100%);␍` with `a1f18·0%,·#1b1614·100%);`                                                                                                                                                                                                prettier/prettier
  300:28   warning  Delete `␍`                                                                                                                                                                                                                                                         prettier/prettier
  301:23   warning  Delete `␍`                                                                                                                                                                                                                                                         prettier/prettier
  302:23   warning  Delete `␍`                                                                                                                                                                                                                                                         prettier/prettier
  303:2    warning  Delete `␍`                                                                                                                                                                                                                                                         prettier/prettier
  304:28   warning  Delete `␍`                                                                                                                                                                                                                                                         prettier/prettier
  305:13   warning  Replace `·grid-column:·span·1;·}␍` with `⏎····grid-column:·span·1;⏎··}`                                                                                                                                                                                            prettier/prettier
  306:2    warning  Delete `␍`                                                                                                                                                                                                                                                         prettier/prettier
  307:19   warning  Delete `␍`                                                                                                                                                                                                                                                         prettier/prettier
  308:101  warning  Delete `␍`                                                                                                                                                                                                                                                         prettier/prettier
  309:14   warning  Delete `␍`                                                                                                                                                                                                                                                         prettier/prettier
  310:15   warning  Delete `␍`                                                                                                                                                                                                                                                         prettier/prettier
  311:2    warning  Delete `␍`                                                                                                                                                                                                                                                         prettier/prettier
  312:25   warning  Replace `·color:·var(--persimmon-3);·}␍` with `⏎··color:·var(--persimmon-3);⏎}`                                                                                                                                                                                    prettier/prettier
  313:23   warning  Replace `·color:·var(--paper);·font-size:·64px;·}␍` with `⏎··color:·var(--paper);⏎··font-size:·64px;⏎}`                                                                                                                                                            prettier/prettier
  314:22   warning  Replace `·color:·var(--persimmon-3);·font-size:·22px;·}␍` with `⏎··color:·var(--persimmon-3);⏎··font-size:·22px;⏎}`                                                                                                                                                prettier/prettier
  315:23   warning  Replace `·color:·var(--paper);·font-style:·italic;·font-size:·18px;·}␍` with `⏎··color:·var(--paper);⏎··font-style:·italic;⏎··font-size:·18px;⏎}`                                                                                                                  prettier/prettier
  316:22   warning  Replace `·color:·rgba(244,·238,·227,·0.65);·max-width:·380px;·}␍` with `⏎··color:·rgba(244,·238,·227,·0.65);⏎··max-width:·380px;⏎}`                                                                                                                                prettier/prettier
  317:17   warning  Replace `·border-color:·var(--persimmon);·transform:·translateY(-1px);·}␍` with `⏎··border-color:·var(--persimmon);⏎··transform:·translateY(-1px);⏎}`                                                                                                              prettier/prettier
  318:1    warning  Delete `␍`                                                                                                                                                                                                                                                         prettier/prettier
  319:14   warning  Delete `␍`                                                                                                                                                                                                                                                         prettier/prettier
  320:22   warning  Delete `␍`                                                                                                                                                                                                                                                         prettier/prettier
  321:15   warning  Delete `␍`                                                                                                                                                                                                                                                         prettier/prettier
  322:17   warning  Delete `␍`                                                                                                                                                                                                                                                         prettier/prettier
  323:36   warning  Delete `␍`                                                                                                                                                                                                                                                         prettier/prettier
  324:20   warning  Delete `␍`                                                                                                                                                                                                                                                         prettier/prettier
  325:19   warning  Delete `␍`                                                                                                                                                                                                                                                         prettier/prettier
  326:18   warning  Delete `␍`                                                                                                                                                                                                                                                         prettier/prettier
  327:27   warning  Delete `␍`                                                                                                                                                                                                                                                         prettier/prettier
  328:17   warning  Delete `␍`                                                                                                                                                                                                                                                         prettier/prettier
  329:27   warning  Delete `␍`                                                                                                                                                                                                                                                         prettier/prettier
  330:22   warning  Delete `␍`                                                                                                                                                                                                                                                         prettier/prettier
  331:24   warning  Delete `␍`                                                                                                                                                                                                                                                         prettier/prettier
  332:2    warning  Delete `␍`                                                                                                                                                                                                                                                         prettier/prettier
  333:1    warning  Delete `␍`                                                                                                                                                                                                                                                         prettier/prettier
  334:72   warning  Delete `␍`                                                                                                                                                                                                                                                         prettier/prettier
  335:20   warning  Delete `␍`                                                                                                                                                                                                                                                         prettier/prettier
  336:9    warning  Replace `·opacity:·0;·transform:·translateY(8px);·}␍` with `⏎····opacity:·0;⏎····transform:·translateY(8px);⏎··}`                                                                                                                                                  prettier/prettier
  337:5    warning  Replace `···{·opacity:·1;·transform:·translateY(0);·}␍` with `·{⏎····opacity:·1;⏎····transform:·translateY(0);⏎··}`                                                                                                                                                prettier/prettier
  338:2    warning  Delete `␍`                                                                                                                                                                                                                                                         prettier/prettier
  339:9    warning  Delete `␍`                                                                                                                                                                                                                                                         prettier/prettier

H:\codex\林家餐厅小程序\family-kitchen-c01\admin\src\views\HelpManual.vue
     1:25  warning  Delete `␍`  prettier/prettier
     2:65  warning  Delete `␍`  prettier/prettier
     3:1   warning  Delete `␍`  prettier/prettier
     4:20  warning  Delete `␍`  prettier/prettier
     5:14  warning  Delete `␍`  prettier/prettier
     6:17  warning  Delete `␍`  prettier/prettier
     7:2   warning  Delete `␍`  prettier/prettier
     8:1   warning  Delete `␍`  prettier/prettier
     9:25  warning  Delete `␍`  prettier/prettier
    10:37  warning  Delete `␍`  prettier/prettier
    11:38  warning  Delete `␍`  prettier/prettier
    12:37  warning  Delete `␍`  prettier/prettier
    13:34  warning  Delete `␍`  prettier/prettier
    14:35  warning  Delete `␍`  prettier/prettier
    15:35  warning  Delete `␍`  prettier/prettier
    16:37  warning  Delete `␍`  prettier/prettier
    17:35  warning  Delete `␍`  prettier/prettier
    18:32  warning  Delete `␍`  prettier/prettier
    19:3   warning  Delete `␍`  prettier/prettier
    20:1   warning  Delete `␍`  prettier/prettier
    21:34  warning  Delete `␍`  prettier/prettier
    22:50  warning  Delete `␍`  prettier/prettier
    23:1   warning  Delete `␍`  prettier/prettier
    24:32  warning  Delete `␍`  prettier/prettier
    25:42  warning  Delete `␍`  prettier/prettier
    26:19  warning  Delete `␍`  prettier/prettier
    27:61  warning  Delete `␍`  prettier/prettier
    28:2   warning  Delete `␍`  prettier/prettier
    29:1   warning  Delete `␍`  prettier/prettier
    30:24  warning  Delete `␍`  prettier/prettier
    31:20  warning  Delete `␍`  prettier/prettier
    32:1   warning  Delete `␍`  prettier/prettier
    33:39  warning  Delete `␍`  prettier/prettier
    34:19  warning  Delete `␍`  prettier/prettier
    35:37  warning  Delete `␍`  prettier/prettier
    36:36  warning  Delete `␍`  prettier/prettier
    37:44  warning  Delete `␍`  prettier/prettier
    38:10  warning  Delete `␍`  prettier/prettier
    39:8   warning  Delete `␍`  prettier/prettier
    40:7   warning  Delete `␍`  prettier/prettier
    41:56  warning  Delete `␍`  prettier/prettier
    42:5   warning  Delete `␍`  prettier/prettier
    43:1   warning  Delete `␍`  prettier/prettier
    44:28  warning  Delete `␍`  prettier/prettier
    45:49  warning  Delete `␍`  prettier/prettier
    46:34  warning  Delete `␍`  prettier/prettier
    47:4   warning  Delete `␍`  prettier/prettier
    48:4   warning  Delete `␍`  prettier/prettier
    49:1   warning  Delete `␍`  prettier/prettier
    50:24  warning  Delete `␍`  prettier/prettier
    51:26  warning  Delete `␍`  prettier/prettier
    52:4   warning  Delete `␍`  prettier/prettier
    53:10  warning  Delete `␍`  prettier/prettier
    54:1   warning  Delete `␍`  prettier/prettier
    55:11  warning  Delete `␍`  prettier/prettier
    56:28  warning  Delete `␍`  prettier/prettier
    57:26  warning  Delete `␍`  prettier/prettier
    58:47  warning  Delete `␍`  prettier/prettier
    59:48  warning  Delete `␍`  prettier/prettier
    60:14  warning  Delete `␍`  prettier/prettier
    61:1   warning  Delete `␍`  prettier/prettier
    62:25  warning  Delete `␍`  prettier/prettier
    63:24  warning  Delete `␍`  prettier/prettier
    64:26  warning  Delete `␍`  prettier/prettier
    65:51  warning  Delete `␍`  prettier/prettier
    66:30  warning  Delete `␍`  prettier/prettier
    67:14  warning  Delete `␍`  prettier/prettier
    68:32  warning  Delete `␍`  prettier/prettier
    69:27  warning  Delete `␍`  prettier/prettier
    70:54  warning  Delete `␍`  prettier/prettier
    71:39  warning  Delete `␍`  prettier/prettier
    72:12  warning  Delete `␍`  prettier/prettier
    73:29  warning  Delete `␍`  prettier/prettier
    74:16  warning  Delete `␍`  prettier/prettier
    75:14  warning  Delete `␍`  prettier/prettier
    76:15  warning  Delete `␍`  prettier/prettier
    77:1   warning  Delete `␍`  prettier/prettier
    78:29  warning  Delete `␍`  prettier/prettier
    79:29  warning  Delete `␍`  prettier/prettier
    80:25  warning  Delete `␍`  prettier/prettier
    81:48  warning  Delete `␍`  prettier/prettier
    82:24  warning  Delete `␍`  prettier/prettier
    83:29  warning  Delete `␍`  prettier/prettier
    84:83  warning  Delete `␍`  prettier/prettier
    85:17  warning  Delete `␍`  prettier/prettier
    86:14  warning  Delete `␍`  prettier/prettier
    87:78  warning  Delete `␍`  prettier/prettier
    88:15  warning  Delete `␍`  prettier/prettier
    89:24  warning  Delete `␍`  prettier/prettier
    90:32  warning  Delete `␍`  prettier/prettier
    91:34  warning  Delete `␍`  prettier/prettier
    92:28  warning  Delete `␍`  prettier/prettier
    93:55  warning  Delete `␍`  prettier/prettier
    94:19  warning  Delete `␍`  prettier/prettier
    95:34  warning  Delete `␍`  prettier/prettier
    96:26  warning  Delete `␍`  prettier/prettier
    97:44  warning  Delete `␍`  prettier/prettier
    98:19  warning  Delete `␍`  prettier/prettier
    99:34  warning  Delete `␍`  prettier/prettier
   100:28  warning  Delete `␍`  prettier/prettier
   101:52  warning  Delete `␍`  prettier/prettier
   102:19  warning  Delete `␍`  prettier/prettier
   103:34  warning  Delete `␍`  prettier/prettier
   104:28  warning  Delete `␍`  prettier/prettier
   105:47  warning  Delete `␍`  prettier/prettier
   106:19  warning  Delete `␍`  prettier/prettier
   107:16  warning  Delete `␍`  prettier/prettier
   108:19  warning  Delete `␍`  prettier/prettier
   109:1   warning  Delete `␍`  prettier/prettier
   110:25  warning  Delete `␍`  prettier/prettier
   111:49  warning  Delete `␍`  prettier/prettier
   112:24  warning  Delete `␍`  prettier/prettier
   113:29  warning  Delete `␍`  prettier/prettier
   114:84  warning  Delete `␍`  prettier/prettier
   115:17  warning  Delete `␍`  prettier/prettier
   116:55  warning  Delete `␍`  prettier/prettier
   117:24  warning  Delete `␍`  prettier/prettier
   118:32  warning  Delete `␍`  prettier/prettier
   119:34  warning  Delete `␍`  prettier/prettier
   120:28  warning  Delete `␍`  prettier/prettier
   121:40  warning  Delete `␍`  prettier/prettier
   122:19  warning  Delete `␍`  prettier/prettier
   123:34  warning  Delete `␍`  prettier/prettier
   124:28  warning  Delete `␍`  prettier/prettier
   125:46  warning  Delete `␍`  prettier/prettier
   126:19  warning  Delete `␍`  prettier/prettier
   127:34  warning  Delete `␍`  prettier/prettier
   128:28  warning  Delete `␍`  prettier/prettier
   129:36  warning  Delete `␍`  prettier/prettier
   130:19  warning  Delete `␍`  prettier/prettier
   131:34  warning  Delete `␍`  prettier/prettier
   132:28  warning  Delete `␍`  prettier/prettier
   133:40  warning  Delete `␍`  prettier/prettier
   134:19  warning  Delete `␍`  prettier/prettier
   135:16  warning  Delete `␍`  prettier/prettier
   136:27  warning  Delete `␍`  prettier/prettier
   137:45  warning  Delete `␍`  prettier/prettier
   138:38  warning  Delete `␍`  prettier/prettier
   139:15  warning  Delete `␍`  prettier/prettier
   140:19  warning  Delete `␍`  prettier/prettier
   141:1   warning  Delete `␍`  prettier/prettier
   142:25  warning  Delete `␍`  prettier/prettier
   143:48  warning  Delete `␍`  prettier/prettier
   144:24  warning  Delete `␍`  prettier/prettier
   145:29  warning  Delete `␍`  prettier/prettier
   146:83  warning  Delete `␍`  prettier/prettier
   147:17  warning  Delete `␍`  prettier/prettier
   148:56  warning  Delete `␍`  prettier/prettier
   149:24  warning  Delete `␍`  prettier/prettier
   150:32  warning  Delete `␍`  prettier/prettier
   151:34  warning  Delete `␍`  prettier/prettier
   152:28  warning  Delete `␍`  prettier/prettier
   153:60  warning  Delete `␍`  prettier/prettier
   154:19  warning  Delete `␍`  prettier/prettier
   155:34  warning  Delete `␍`  prettier/prettier
   156:28  warning  Delete `␍`  prettier/prettier
   157:57  warning  Delete `␍`  prettier/prettier
   158:19  warning  Delete `␍`  prettier/prettier
   159:34  warning  Delete `␍`  prettier/prettier
   160:28  warning  Delete `␍`  prettier/prettier
   161:58  warning  Delete `␍`  prettier/prettier
   162:19  warning  Delete `␍`  prettier/prettier
   163:16  warning  Delete `␍`  prettier/prettier
   164:27  warning  Delete `␍`  prettier/prettier
   165:45  warning  Delete `␍`  prettier/prettier
   166:40  warning  Delete `␍`  prettier/prettier
   167:15  warning  Delete `␍`  prettier/prettier
   168:19  warning  Delete `␍`  prettier/prettier
   169:1   warning  Delete `␍`  prettier/prettier
   170:25  warning  Delete `␍`  prettier/prettier
   171:45  warning  Delete `␍`  prettier/prettier
   172:24  warning  Delete `␍`  prettier/prettier
   173:29  warning  Delete `␍`  prettier/prettier
   174:80  warning  Delete `␍`  prettier/prettier
   175:17  warning  Delete `␍`  prettier/prettier
   176:57  warning  Delete `␍`  prettier/prettier
   177:24  warning  Delete `␍`  prettier/prettier
   178:32  warning  Delete `␍`  prettier/prettier
   179:34  warning  Delete `␍`  prettier/prettier
   180:28  warning  Delete `␍`  prettier/prettier
   181:64  warning  Delete `␍`  prettier/prettier
   182:19  warning  Delete `␍`  prettier/prettier
   183:34  warning  Delete `␍`  prettier/prettier
   184:28  warning  Delete `␍`  prettier/prettier
   185:59  warning  Delete `␍`  prettier/prettier
   186:19  warning  Delete `␍`  prettier/prettier
   187:16  warning  Delete `␍`  prettier/prettier
   188:19  warning  Delete `␍`  prettier/prettier
   189:1   warning  Delete `␍`  prettier/prettier
   190:25  warning  Delete `␍`  prettier/prettier
   191:46  warning  Delete `␍`  prettier/prettier
   192:24  warning  Delete `␍`  prettier/prettier
   193:29  warning  Delete `␍`  prettier/prettier
   194:81  warning  Delete `␍`  prettier/prettier
   195:17  warning  Delete `␍`  prettier/prettier
   196:41  warning  Delete `␍`  prettier/prettier
   197:26  warning  Delete `␍`  prettier/prettier
   198:29  warning  Delete `␍`  prettier/prettier
   199:47  warning  Delete `␍`  prettier/prettier
   200:46  warning  Delete `␍`  prettier/prettier
   201:47  warning  Delete `␍`  prettier/prettier
   202:46  warning  Delete `␍`  prettier/prettier
   203:47  warning  Delete `␍`  prettier/prettier
   204:46  warning  Delete `␍`  prettier/prettier
   205:57  warning  Delete `␍`  prettier/prettier
   206:17  warning  Delete `␍`  prettier/prettier
   207:32  warning  Delete `␍`  prettier/prettier
   208:34  warning  Delete `␍`  prettier/prettier
   209:27  warning  Delete `␍`  prettier/prettier
   210:41  warning  Delete `␍`  prettier/prettier
   211:19  warning  Delete `␍`  prettier/prettier
   212:34  warning  Delete `␍`  prettier/prettier
   213:27  warning  Delete `␍`  prettier/prettier
   214:35  warning  Delete `␍`  prettier/prettier
   215:19  warning  Delete `␍`  prettier/prettier
   216:34  warning  Delete `␍`  prettier/prettier
   217:27  warning  Delete `␍`  prettier/prettier
   218:38  warning  Delete `␍`  prettier/prettier
   219:19  warning  Delete `␍`  prettier/prettier
   220:34  warning  Delete `␍`  prettier/prettier
   221:27  warning  Delete `␍`  prettier/prettier
   222:40  warning  Delete `␍`  prettier/prettier
   223:19  warning  Delete `␍`  prettier/prettier
   224:16  warning  Delete `␍`  prettier/prettier
   225:27  warning  Delete `␍`  prettier/prettier
   226:45  warning  Delete `␍`  prettier/prettier
   227:38  warning  Delete `␍`  prettier/prettier
   228:15  warning  Delete `␍`  prettier/prettier
   229:19  warning  Delete `␍`  prettier/prettier
   230:1   warning  Delete `␍`  prettier/prettier
   231:25  warning  Delete `␍`  prettier/prettier
   232:46  warning  Delete `␍`  prettier/prettier
   233:24  warning  Delete `␍`  prettier/prettier
   234:29  warning  Delete `␍`  prettier/prettier
   235:81  warning  Delete `␍`  prettier/prettier
   236:17  warning  Delete `␍`  prettier/prettier
   237:14  warning  Delete `␍`  prettier/prettier
   238:85  warning  Delete `␍`  prettier/prettier
   239:17  warning  Delete `␍`  prettier/prettier
   240:15  warning  Delete `␍`  prettier/prettier
   241:1   warning  Delete `␍`  prettier/prettier
   242:24  warning  Delete `␍`  prettier/prettier
   243:32  warning  Delete `␍`  prettier/prettier
   244:34  warning  Delete `␍`  prettier/prettier
   245:29  warning  Delete `␍`  prettier/prettier
   246:19  warning  Delete `␍`  prettier/prettier
   247:78  warning  Delete `␍`  prettier/prettier
   248:29  warning  Delete `␍`  prettier/prettier
   249:20  warning  Delete `␍`  prettier/prettier
   250:19  warning  Delete `␍`  prettier/prettier
   251:34  warning  Delete `␍`  prettier/prettier
   252:29  warning  Delete `␍`  prettier/prettier
   253:19  warning  Delete `␍`  prettier/prettier
   254:70  warning  Delete `␍`  prettier/prettier
   255:37  warning  Delete `␍`  prettier/prettier
   256:20  warning  Delete `␍`  prettier/prettier
   257:19  warning  Delete `␍`  prettier/prettier
   258:34  warning  Delete `␍`  prettier/prettier
   259:28  warning  Delete `␍`  prettier/prettier
   260:19  warning  Delete `␍`  prettier/prettier
   261:76  warning  Delete `␍`  prettier/prettier
   262:28  warning  Delete `␍`  prettier/prettier
   263:37  warning  Delete `␍`  prettier/prettier
   264:97  warning  Delete `␍`  prettier/prettier
   265:28  warning  Delete `␍`  prettier/prettier
   266:40  warning  Delete `␍`  prettier/prettier
   267:93  warning  Delete `␍`  prettier/prettier
   268:93  warning  Delete `␍`  prettier/prettier
   269:91  warning  Delete `␍`  prettier/prettier
   270:20  warning  Delete `␍`  prettier/prettier
   271:19  warning  Delete `␍`  prettier/prettier
   272:34  warning  Delete `␍`  prettier/prettier
   273:28  warning  Delete `␍`  prettier/prettier
   274:19  warning  Delete `␍`  prettier/prettier
   275:82  warning  Delete `␍`  prettier/prettier
   276:62  warning  Delete `␍`  prettier/prettier
   277:20  warning  Delete `␍`  prettier/prettier
   278:19  warning  Delete `␍`  prettier/prettier
   279:16  warning  Delete `␍`  prettier/prettier
   280:1   warning  Delete `␍`  prettier/prettier
   281:29  warning  Delete `␍`  prettier/prettier
   282:14  warning  Delete `␍`  prettier/prettier
   283:76  warning  Delete `␍`  prettier/prettier
   284:15  warning  Delete `␍`  prettier/prettier
   285:1   warning  Delete `␍`  prettier/prettier
   286:25  warning  Delete `␍`  prettier/prettier
   287:34  warning  Delete `␍`  prettier/prettier
   288:36  warning  Delete `␍`  prettier/prettier
   289:51  warning  Delete `␍`  prettier/prettier
   290:50  warning  Delete `␍`  prettier/prettier
   291:19  warning  Delete `␍`  prettier/prettier
   292:62  warning  Delete `␍`  prettier/prettier
   293:38  warning  Delete `␍`  prettier/prettier
   294:51  warning  Delete `␍`  prettier/prettier
   295:77  warning  Delete `␍`  prettier/prettier
   296:21  warning  Delete `␍`  prettier/prettier
   297:38  warning  Delete `␍`  prettier/prettier
   298:35  warning  Delete `␍`  prettier/prettier
   299:48  warning  Delete `␍`  prettier/prettier
   300:43  warning  Delete `␍`  prettier/prettier
   301:22  warning  Delete `␍`  prettier/prettier
   302:90  warning  Delete `␍`  prettier/prettier
   303:98  warning  Delete `␍`  prettier/prettier
   304:30  warning  Delete `␍`  prettier/prettier
   305:34  warning  Delete `␍`  prettier/prettier
   306:64  warning  Delete `␍`  prettier/prettier
   307:18  warning  Delete `␍`  prettier/prettier
   308:21  warning  Delete `␍`  prettier/prettier
   309:38  warning  Delete `␍`  prettier/prettier
   310:37  warning  Delete `␍`  prettier/prettier
   311:48  warning  Delete `␍`  prettier/prettier
   312:43  warning  Delete `␍`  prettier/prettier
   313:22  warning  Delete `␍`  prettier/prettier
   314:80  warning  Delete `␍`  prettier/prettier
   315:42  warning  Delete `␍`  prettier/prettier
   316:97  warning  Delete `␍`  prettier/prettier
   317:30  warning  Delete `␍`  prettier/prettier
   318:34  warning  Delete `␍`  prettier/prettier
   319:97  warning  Delete `␍`  prettier/prettier
   320:18  warning  Delete `␍`  prettier/prettier
   321:21  warning  Delete `␍`  prettier/prettier
   322:38  warning  Delete `␍`  prettier/prettier
   323:39  warning  Delete `␍`  prettier/prettier
   324:48  warning  Delete `␍`  prettier/prettier
   325:43  warning  Delete `␍`  prettier/prettier
   326:34  warning  Delete `␍`  prettier/prettier
   327:21  warning  Delete `␍`  prettier/prettier
   328:38  warning  Delete `␍`  prettier/prettier
   329:37  warning  Delete `␍`  prettier/prettier
   330:48  warning  Delete `␍`  prettier/prettier
   331:43  warning  Delete `␍`  prettier/prettier
   332:22  warning  Delete `␍`  prettier/prettier
   333:94  warning  Delete `␍`  prettier/prettier
   334:30  warning  Delete `␍`  prettier/prettier
   335:42  warning  Delete `␍`  prettier/prettier
   336:69  warning  Delete `␍`  prettier/prettier
   337:18  warning  Delete `␍`  prettier/prettier
   338:21  warning  Delete `␍`  prettier/prettier
   339:38  warning  Delete `␍`  prettier/prettier
   340:37  warning  Delete `␍`  prettier/prettier
   341:48  warning  Delete `␍`  prettier/prettier
   342:43  warning  Delete `␍`  prettier/prettier
   343:22  warning  Delete `␍`  prettier/prettier
   344:42  warning  Delete `␍`  prettier/prettier
   345:61  warning  Delete `␍`  prettier/prettier
   346:18  warning  Delete `␍`  prettier/prettier
   347:21  warning  Delete `␍`  prettier/prettier
   348:38  warning  Delete `␍`  prettier/prettier
   349:40  warning  Delete `␍`  prettier/prettier
   350:48  warning  Delete `␍`  prettier/prettier
   351:43  warning  Delete `␍`  prettier/prettier
   352:22  warning  Delete `␍`  prettier/prettier
   353:35  warning  Delete `␍`  prettier/prettier
   354:79  warning  Delete `␍`  prettier/prettier
   355:34  warning  Delete `␍`  prettier/prettier
   356:18  warning  Delete `␍`  prettier/prettier
   357:21  warning  Delete `␍`  prettier/prettier
   358:19  warning  Delete `␍`  prettier/prettier
   359:39  warning  Delete `␍`  prettier/prettier
   360:55  warning  Delete `␍`  prettier/prettier
   361:38  warning  Delete `␍`  prettier/prettier
   362:2   warning  Delete `␍`  prettier/prettier
   363:20  warning  Delete `␍`  prettier/prettier
   364:27  warning  Delete `␍`  prettier/prettier
   365:40  warning  Delete `␍`  prettier/prettier
   366:43  warning  Delete `␍`  prettier/prettier
   367:17  warning  Delete `␍`  prettier/prettier
   368:7   warning  Delete `␍`  prettier/prettier
   369:16  warning  Delete `␍`  prettier/prettier
   370:19  warning  Delete `␍`  prettier/prettier
   371:17  warning  Delete `␍`  prettier/prettier
   372:1   warning  Delete `␍`  prettier/prettier
   373:26  warning  Delete `␍`  prettier/prettier
   374:34  warning  Delete `␍`  prettier/prettier
   375:36  warning  Delete `␍`  prettier/prettier
   376:52  warning  Delete `␍`  prettier/prettier
   377:50  warning  Delete `␍`  prettier/prettier
   378:19  warning  Delete `␍`  prettier/prettier
   379:67  warning  Delete `␍`  prettier/prettier
   380:38  warning  Delete `␍`  prettier/prettier
   381:51  warning  Delete `␍`  prettier/prettier
   382:77  warning  Delete `␍`  prettier/prettier
   383:21  warning  Delete `␍`  prettier/prettier
   384:38  warning  Delete `␍`  prettier/prettier
   385:35  warning  Delete `␍`  prettier/prettier
   386:48  warning  Delete `␍`  prettier/prettier
   387:43  warning  Delete `␍`  prettier/prettier
   388:73  warning  Delete `␍`  prettier/prettier
   389:21  warning  Delete `␍`  prettier/prettier
   390:38  warning  Delete `␍`  prettier/prettier
   391:37  warning  Delete `␍`  prettier/prettier
   392:48  warning  Delete `␍`  prettier/prettier
   393:43  warning  Delete `␍`  prettier/prettier
   394:36  warning  Delete `␍`  prettier/prettier
   395:21  warning  Delete `␍`  prettier/prettier
   396:38  warning  Delete `␍`  prettier/prettier
   397:36  warning  Delete `␍`  prettier/prettier
   398:48  warning  Delete `␍`  prettier/prettier
   399:43  warning  Delete `␍`  prettier/prettier
   400:39  warning  Delete `␍`  prettier/prettier
   401:21  warning  Delete `␍`  prettier/prettier
   402:38  warning  Delete `␍`  prettier/prettier
   403:35  warning  Delete `␍`  prettier/prettier
   404:48  warning  Delete `␍`  prettier/prettier
   405:43  warning  Delete `␍`  prettier/prettier
   406:22  warning  Delete `␍`  prettier/prettier
   407:63  warning  Delete `␍`  prettier/prettier
   408:89  warning  Delete `␍`  prettier/prettier
   409:30  warning  Delete `␍`  prettier/prettier
   410:33  warning  Delete `␍`  prettier/prettier
   411:93  warning  Delete `␍`  prettier/prettier
   412:32  warning  Delete `␍`  prettier/prettier
   413:53  warning  Delete `␍`  prettier/prettier
   414:18  warning  Delete `␍`  prettier/prettier
   415:21  warning  Delete `␍`  prettier/prettier
   416:38  warning  Delete `␍`  prettier/prettier
   417:37  warning  Delete `␍`  prettier/prettier
   418:48  warning  Delete `␍`  prettier/prettier
   419:43  warning  Delete `␍`  prettier/prettier
   420:22  warning  Delete `␍`  prettier/prettier
   421:79  warning  Delete `␍`  prettier/prettier
   422:28  warning  Delete `␍`  prettier/prettier
   423:18  warning  Delete `␍`  prettier/prettier
   424:21  warning  Delete `␍`  prettier/prettier
   425:38  warning  Delete `␍`  prettier/prettier
   426:37  warning  Delete `␍`  prettier/prettier
   427:48  warning  Delete `␍`  prettier/prettier
   428:43  warning  Delete `␍`  prettier/prettier
   429:47  warning  Delete `␍`  prettier/prettier
   430:21  warning  Delete `␍`  prettier/prettier
   431:19  warning  Delete `␍`  prettier/prettier
   432:39  warning  Delete `␍`  prettier/prettier
   433:55  warning  Delete `␍`  prettier/prettier
   434:38  warning  Delete `␍`  prettier/prettier
   435:2   warning  Delete `␍`  prettier/prettier
   436:20  warning  Delete `␍`  prettier/prettier
   437:27  warning  Delete `␍`  prettier/prettier
   438:24  warning  Delete `␍`  prettier/prettier
   439:14  warning  Delete `␍`  prettier/prettier
   440:7   warning  Delete `␍`  prettier/prettier
   441:16  warning  Delete `␍`  prettier/prettier
   442:19  warning  Delete `␍`  prettier/prettier
   443:17  warning  Delete `␍`  prettier/prettier
   444:1   warning  Delete `␍`  prettier/prettier
   445:23  warning  Delete `␍`  prettier/prettier
   446:34  warning  Delete `␍`  prettier/prettier
   447:36  warning  Delete `␍`  prettier/prettier
   448:49  warning  Delete `␍`  prettier/prettier
   449:50  warning  Delete `␍`  prettier/prettier
   450:19  warning  Delete `␍`  prettier/prettier
   451:57  warning  Delete `␍`  prettier/prettier
   452:38  warning  Delete `␍`  prettier/prettier
   453:51  warning  Delete `␍`  prettier/prettier
   454:77  warning  Delete `␍`  prettier/prettier
   455:21  warning  Delete `␍`  prettier/prettier
   456:38  warning  Delete `␍`  prettier/prettier
   457:35  warning  Delete `␍`  prettier/prettier
   458:48  warning  Delete `␍`  prettier/prettier
   459:43  warning  Delete `␍`  prettier/prettier
   460:78  warning  Delete `␍`  prettier/prettier
   461:21  warning  Delete `␍`  prettier/prettier
   462:38  warning  Delete `␍`  prettier/prettier
   463:37  warning  Delete `␍`  prettier/prettier
   464:48  warning  Delete `␍`  prettier/prettier
   465:43  warning  Delete `␍`  prettier/prettier
   466:36  warning  Delete `␍`  prettier/prettier
   467:21  warning  Delete `␍`  prettier/prettier
   468:38  warning  Delete `␍`  prettier/prettier
   469:38  warning  Delete `␍`  prettier/prettier
   470:48  warning  Delete `␍`  prettier/prettier
   471:43  warning  Delete `␍`  prettier/prettier
   472:79  warning  Delete `␍`  prettier/prettier
   473:21  warning  Delete `␍`  prettier/prettier
   474:38  warning  Delete `␍`  prettier/prettier
   475:39  warning  Delete `␍`  prettier/prettier
   476:48  warning  Delete `␍`  prettier/prettier
   477:43  warning  Delete `␍`  prettier/prettier
   478:34  warning  Delete `␍`  prettier/prettier
   479:21  warning  Delete `␍`  prettier/prettier
   480:38  warning  Delete `␍`  prettier/prettier
   481:37  warning  Delete `␍`  prettier/prettier
   482:48  warning  Delete `␍`  prettier/prettier
   483:43  warning  Delete `␍`  prettier/prettier
   484:47  warning  Delete `␍`  prettier/prettier
   485:21  warning  Delete `␍`  prettier/prettier
   486:19  warning  Delete `␍`  prettier/prettier
   487:39  warning  Delete `␍`  prettier/prettier
   488:55  warning  Delete `␍`  prettier/prettier
   489:38  warning  Delete `␍`  prettier/prettier
   490:2   warning  Delete `␍`  prettier/prettier
   491:27  warning  Delete `␍`  prettier/prettier
   492:23  warning  Delete `␍`  prettier/prettier
   493:46  warning  Delete `␍`  prettier/prettier
   494:30  warning  Delete `␍`  prettier/prettier
   495:19  warning  Delete `␍`  prettier/prettier
   496:7   warning  Delete `␍`  prettier/prettier
   497:16  warning  Delete `␍`  prettier/prettier
   498:19  warning  Delete `␍`  prettier/prettier
   499:17  warning  Delete `␍`  prettier/prettier
   500:1   warning  Delete `␍`  prettier/prettier
   501:30  warning  Delete `␍`  prettier/prettier
   502:34  warning  Delete `␍`  prettier/prettier
   503:36  warning  Delete `␍`  prettier/prettier
   504:56  warning  Delete `␍`  prettier/prettier
   505:50  warning  Delete `␍`  prettier/prettier
   506:19  warning  Delete `␍`  prettier/prettier
   507:35  warning  Delete `␍`  prettier/prettier
   508:55  warning  Delete `␍`  prettier/prettier
   509:17  warning  Delete `␍`  prettier/prettier
   510:38  warning  Delete `␍`  prettier/prettier
   511:51  warning  Delete `␍`  prettier/prettier
   512:77  warning  Delete `␍`  prettier/prettier
   513:21  warning  Delete `␍`  prettier/prettier
   514:38  warning  Delete `␍`  prettier/prettier
   515:35  warning  Delete `␍`  prettier/prettier
   516:48  warning  Delete `␍`  prettier/prettier
   517:43  warning  Delete `␍`  prettier/prettier
   518:22  warning  Delete `␍`  prettier/prettier
   519:81  warning  Delete `␍`  prettier/prettier
   520:41  warning  Delete `␍`  prettier/prettier
   521:62  warning  Delete `␍`  prettier/prettier
   522:18  warning  Delete `␍`  prettier/prettier
   523:21  warning  Delete `␍`  prettier/prettier
   524:38  warning  Delete `␍`  prettier/prettier
   525:39  warning  Delete `␍`  prettier/prettier
   526:48  warning  Delete `␍`  prettier/prettier
   527:43  warning  Delete `␍`  prettier/prettier
   528:22  warning  Delete `␍`  prettier/prettier
   529:28  warning  Delete `␍`  prettier/prettier
   530:87  warning  Delete `␍`  prettier/prettier
   531:35  warning  Delete `␍`  prettier/prettier
   532:18  warning  Delete `␍`  prettier/prettier
   533:21  warning  Delete `␍`  prettier/prettier
   534:38  warning  Delete `␍`  prettier/prettier
   535:47  warning  Delete `␍`  prettier/prettier
   536:48  warning  Delete `␍`  prettier/prettier
   537:43  warning  Delete `␍`  prettier/prettier
   538:79  warning  Delete `␍`  prettier/prettier
   539:21  warning  Delete `␍`  prettier/prettier
   540:38  warning  Delete `␍`  prettier/prettier
   541:40  warning  Delete `␍`  prettier/prettier
   542:48  warning  Delete `␍`  prettier/prettier
   543:43  warning  Delete `␍`  prettier/prettier
   544:41  warning  Delete `␍`  prettier/prettier
   545:21  warning  Delete `␍`  prettier/prettier
   546:19  warning  Delete `␍`  prettier/prettier
   547:39  warning  Delete `␍`  prettier/prettier
   548:62  warning  Delete `␍`  prettier/prettier
   549:38  warning  Delete `␍`  prettier/prettier
   550:2   warning  Delete `␍`  prettier/prettier
   551:23  warning  Delete `␍`  prettier/prettier
   552:41  warning  Delete `␍`  prettier/prettier
   553:7   warning  Delete `␍`  prettier/prettier
   554:16  warning  Delete `␍`  prettier/prettier
   555:19  warning  Delete `␍`  prettier/prettier
   556:39  warning  Delete `␍`  prettier/prettier
   557:62  warning  Delete `␍`  prettier/prettier
   558:38  warning  Delete `␍`  prettier/prettier
   559:2   warning  Delete `␍`  prettier/prettier
   560:23  warning  Delete `␍`  prettier/prettier
   561:37  warning  Delete `␍`  prettier/prettier
   562:19  warning  Delete `␍`  prettier/prettier
   563:7   warning  Delete `␍`  prettier/prettier
   564:16  warning  Delete `␍`  prettier/prettier
   565:19  warning  Delete `␍`  prettier/prettier
   566:17  warning  Delete `␍`  prettier/prettier
   567:1   warning  Delete `␍`  prettier/prettier
   568:32  warning  Delete `␍`  prettier/prettier
   569:34  warning  Delete `␍`  prettier/prettier
   570:36  warning  Delete `␍`  prettier/prettier
   571:58  warning  Delete `␍`  prettier/prettier
   572:50  warning  Delete `␍`  prettier/prettier
   573:19  warning  Delete `␍`  prettier/prettier
   574:58  warning  Delete `␍`  prettier/prettier
   575:38  warning  Delete `␍`  prettier/prettier
   576:51  warning  Delete `␍`  prettier/prettier
   577:77  warning  Delete `␍`  prettier/prettier
   578:21  warning  Delete `␍`  prettier/prettier
   579:38  warning  Delete `␍`  prettier/prettier
   580:35  warning  Delete `␍`  prettier/prettier
   581:48  warning  Delete `␍`  prettier/prettier
   582:43  warning  Delete `␍`  prettier/prettier
   583:74  warning  Delete `␍`  prettier/prettier
   584:21  warning  Delete `␍`  prettier/prettier
   585:38  warning  Delete `␍`  prettier/prettier
   586:35  warning  Delete `␍`  prettier/prettier
   587:50  warning  Delete `␍`  prettier/prettier
   588:43  warning  Delete `␍`  prettier/prettier
   589:22  warning  Delete `␍`  prettier/prettier
   590:64  warning  Delete `␍`  prettier/prettier
   591:55  warning  Delete `␍`  prettier/prettier
   592:68  warning  Delete `␍`  prettier/prettier
   593:18  warning  Delete `␍`  prettier/prettier
   594:21  warning  Delete `␍`  prettier/prettier
   595:19  warning  Delete `␍`  prettier/prettier
   596:39  warning  Delete `␍`  prettier/prettier
   597:55  warning  Delete `␍`  prettier/prettier
   598:38  warning  Delete `␍`  prettier/prettier
   599:2   warning  Delete `␍`  prettier/prettier
   600:26  warning  Delete `␍`  prettier/prettier
   601:21  warning  Delete `␍`  prettier/prettier
   602:7   warning  Delete `␍`  prettier/prettier
   603:16  warning  Delete `␍`  prettier/prettier
   604:19  warning  Delete `␍`  prettier/prettier
   605:17  warning  Delete `␍`  prettier/prettier
   606:1   warning  Delete `␍`  prettier/prettier
   607:30  warning  Delete `␍`  prettier/prettier
   608:34  warning  Delete `␍`  prettier/prettier
   609:36  warning  Delete `␍`  prettier/prettier
   610:56  warning  Delete `␍`  prettier/prettier
   611:50  warning  Delete `␍`  prettier/prettier
   612:19  warning  Delete `␍`  prettier/prettier
   613:55  warning  Delete `␍`  prettier/prettier
   614:38  warning  Delete `␍`  prettier/prettier
   615:51  warning  Delete `␍`  prettier/prettier
   616:77  warning  Delete `␍`  prettier/prettier
   617:21  warning  Delete `␍`  prettier/prettier
   618:38  warning  Delete `␍`  prettier/prettier
   619:37  warning  Delete `␍`  prettier/prettier
   620:48  warning  Delete `␍`  prettier/prettier
   621:43  warning  Delete `␍`  prettier/prettier
   622:47  warning  Delete `␍`  prettier/prettier
   623:21  warning  Delete `␍`  prettier/prettier
   624:19  warning  Delete `␍`  prettier/prettier
   625:39  warning  Delete `␍`  prettier/prettier
   626:55  warning  Delete `␍`  prettier/prettier
   627:38  warning  Delete `␍`  prettier/prettier
   628:2   warning  Delete `␍`  prettier/prettier
   629:17  warning  Delete `␍`  prettier/prettier
   630:7   warning  Delete `␍`  prettier/prettier
   631:16  warning  Delete `␍`  prettier/prettier
   632:19  warning  Delete `␍`  prettier/prettier
   633:17  warning  Delete `␍`  prettier/prettier
   634:1   warning  Delete `␍`  prettier/prettier
   635:31  warning  Delete `␍`  prettier/prettier
   636:34  warning  Delete `␍`  prettier/prettier
   637:36  warning  Delete `␍`  prettier/prettier
   638:57  warning  Delete `␍`  prettier/prettier
   639:50  warning  Delete `␍`  prettier/prettier
   640:19  warning  Delete `␍`  prettier/prettier
   641:61  warning  Delete `␍`  prettier/prettier
   642:38  warning  Delete `␍`  prettier/prettier
   643:51  warning  Delete `␍`  prettier/prettier
   644:77  warning  Delete `␍`  prettier/prettier
   645:21  warning  Delete `␍`  prettier/prettier
   646:38  warning  Delete `␍`  prettier/prettier
   647:39  warning  Delete `␍`  prettier/prettier
   648:48  warning  Delete `␍`  prettier/prettier
   649:43  warning  Delete `␍`  prettier/prettier
   650:22  warning  Delete `␍`  prettier/prettier
   651:68  warning  Delete `␍`  prettier/prettier
   652:65  warning  Delete `␍`  prettier/prettier
   653:18  warning  Delete `␍`  prettier/prettier
   654:21  warning  Delete `␍`  prettier/prettier
   655:38  warning  Delete `␍`  prettier/prettier
   656:39  warning  Delete `␍`  prettier/prettier
   657:48  warning  Delete `␍`  prettier/prettier
   658:43  warning  Delete `␍`  prettier/prettier
   659:34  warning  Delete `␍`  prettier/prettier
   660:21  warning  Delete `␍`  prettier/prettier
   661:38  warning  Delete `␍`  prettier/prettier
   662:43  warning  Delete `␍`  prettier/prettier
   663:48  warning  Delete `␍`  prettier/prettier
   664:43  warning  Delete `␍`  prettier/prettier
   665:60  warning  Delete `␍`  prettier/prettier
   666:21  warning  Delete `␍`  prettier/prettier
   667:19  warning  Delete `␍`  prettier/prettier
   668:39  warning  Delete `␍`  prettier/prettier
   669:62  warning  Delete `␍`  prettier/prettier
   670:38  warning  Delete `␍`  prettier/prettier
   671:2   warning  Delete `␍`  prettier/prettier
   672:28  warning  Delete `␍`  prettier/prettier
   673:20  warning  Delete `␍`  prettier/prettier
   674:21  warning  Delete `␍`  prettier/prettier
   675:7   warning  Delete `␍`  prettier/prettier
   676:16  warning  Delete `␍`  prettier/prettier
   677:19  warning  Delete `␍`  prettier/prettier
   678:17  warning  Delete `␍`  prettier/prettier
   679:1   warning  Delete `␍`  prettier/prettier
   680:30  warning  Delete `␍`  prettier/prettier
   681:34  warning  Delete `␍`  prettier/prettier
   682:36  warning  Delete `␍`  prettier/prettier
   683:56  warning  Delete `␍`  prettier/prettier
   684:50  warning  Delete `␍`  prettier/prettier
   685:19  warning  Delete `␍`  prettier/prettier
   686:63  warning  Delete `␍`  prettier/prettier
   687:38  warning  Delete `␍`  prettier/prettier
   688:51  warning  Delete `␍`  prettier/prettier
   689:77  warning  Delete `␍`  prettier/prettier
   690:21  warning  Delete `␍`  prettier/prettier
   691:38  warning  Delete `␍`  prettier/prettier
   692:35  warning  Delete `␍`  prettier/prettier
   693:48  warning  Delete `␍`  prettier/prettier
   694:43  warning  Delete `␍`  prettier/prettier
   695:40  warning  Delete `␍`  prettier/prettier
   696:21  warning  Delete `␍`  prettier/prettier
   697:38  warning  Delete `␍`  prettier/prettier
   698:37  warning  Delete `␍`  prettier/prettier
   699:48  warning  Delete `␍`  prettier/prettier
   700:43  warning  Delete `␍`  prettier/prettier
   701:36  warning  Delete `␍`  prettier/prettier
   702:21  warning  Delete `␍`  prettier/prettier
   703:38  warning  Delete `␍`  prettier/prettier
   704:37  warning  Delete `␍`  prettier/prettier
   705:48  warning  Delete `␍`  prettier/prettier
   706:43  warning  Delete `␍`  prettier/prettier
   707:47  warning  Delete `␍`  prettier/prettier
   708:21  warning  Delete `␍`  prettier/prettier
   709:19  warning  Delete `␍`  prettier/prettier
   710:39  warning  Delete `␍`  prettier/prettier
   711:55  warning  Delete `␍`  prettier/prettier
   712:38  warning  Delete `␍`  prettier/prettier
   713:2   warning  Delete `␍`  prettier/prettier
   714:21  warning  Delete `␍`  prettier/prettier
   715:28  warning  Delete `␍`  prettier/prettier
   716:44  warning  Delete `␍`  prettier/prettier
   717:7   warning  Delete `␍`  prettier/prettier
   718:16  warning  Delete `␍`  prettier/prettier
   719:19  warning  Delete `␍`  prettier/prettier
   720:17  warning  Delete `␍`  prettier/prettier
   721:1   warning  Delete `␍`  prettier/prettier
   722:36  warning  Delete `␍`  prettier/prettier
   723:34  warning  Delete `␍`  prettier/prettier
   724:36  warning  Delete `␍`  prettier/prettier
   725:62  warning  Delete `␍`  prettier/prettier
   726:50  warning  Delete `␍`  prettier/prettier
   727:19  warning  Delete `␍`  prettier/prettier
   728:35  warning  Delete `␍`  prettier/prettier
   729:48  warning  Delete `␍`  prettier/prettier
   730:17  warning  Delete `␍`  prettier/prettier
   731:38  warning  Delete `␍`  prettier/prettier
   732:51  warning  Delete `␍`  prettier/prettier
   733:77  warning  Delete `␍`  prettier/prettier
   734:21  warning  Delete `␍`  prettier/prettier
   735:38  warning  Delete `␍`  prettier/prettier
   736:35  warning  Delete `␍`  prettier/prettier
   737:48  warning  Delete `␍`  prettier/prettier
   738:43  warning  Delete `␍`  prettier/prettier
   739:40  warning  Delete `␍`  prettier/prettier
   740:21  warning  Delete `␍`  prettier/prettier
   741:38  warning  Delete `␍`  prettier/prettier
   742:37  warning  Delete `␍`  prettier/prettier
   743:48  warning  Delete `␍`  prettier/prettier
   744:43  warning  Delete `␍`  prettier/prettier
   745:36  warning  Delete `␍`  prettier/prettier
   746:21  warning  Delete `␍`  prettier/prettier
   747:38  warning  Delete `␍`  prettier/prettier
   748:43  warning  Delete `␍`  prettier/prettier
   749:48  warning  Delete `␍`  prettier/prettier
   750:43  warning  Delete `␍`  prettier/prettier
   751:22  warning  Delete `␍`  prettier/prettier
   752:83  warning  Delete `␍`  prettier/prettier
   753:18  warning  Delete `␍`  prettier/prettier
   754:21  warning  Delete `␍`  prettier/prettier
   755:38  warning  Delete `␍`  prettier/prettier
   756:40  warning  Delete `␍`  prettier/prettier
   757:48  warning  Delete `␍`  prettier/prettier
   758:43  warning  Delete `␍`  prettier/prettier
   759:39  warning  Delete `␍`  prettier/prettier
   760:21  warning  Delete `␍`  prettier/prettier
   761:38  warning  Delete `␍`  prettier/prettier
   762:37  warning  Delete `␍`  prettier/prettier
   763:48  warning  Delete `␍`  prettier/prettier
   764:43  warning  Delete `␍`  prettier/prettier
   765:47  warning  Delete `␍`  prettier/prettier
   766:21  warning  Delete `␍`  prettier/prettier
   767:19  warning  Delete `␍`  prettier/prettier
   768:39  warning  Delete `␍`  prettier/prettier
   769:55  warning  Delete `␍`  prettier/prettier
   770:38  warning  Delete `␍`  prettier/prettier
   771:2   warning  Delete `␍`  prettier/prettier
   772:27  warning  Delete `␍`  prettier/prettier
   773:29  warning  Delete `␍`  prettier/prettier
   774:34  warning  Delete `␍`  prettier/prettier
   775:39  warning  Delete `␍`  prettier/prettier
   776:18  warning  Delete `␍`  prettier/prettier
   777:7   warning  Delete `␍`  prettier/prettier
   778:16  warning  Delete `␍`  prettier/prettier
   779:19  warning  Delete `␍`  prettier/prettier
   780:17  warning  Delete `␍`  prettier/prettier
   781:1   warning  Delete `␍`  prettier/prettier
   782:29  warning  Delete `␍`  prettier/prettier
   783:34  warning  Delete `␍`  prettier/prettier
   784:36  warning  Delete `␍`  prettier/prettier
   785:55  warning  Delete `␍`  prettier/prettier
   786:50  warning  Delete `␍`  prettier/prettier
   787:19  warning  Delete `␍`  prettier/prettier
   788:35  warning  Delete `␍`  prettier/prettier
   789:51  warning  Delete `␍`  prettier/prettier
   790:17  warning  Delete `␍`  prettier/prettier
   791:38  warning  Delete `␍`  prettier/prettier
   792:51  warning  Delete `␍`  prettier/prettier
   793:77  warning  Delete `␍`  prettier/prettier
   794:21  warning  Delete `␍`  prettier/prettier
   795:38  warning  Delete `␍`  prettier/prettier
   796:40  warning  Delete `␍`  prettier/prettier
   797:48  warning  Delete `␍`  prettier/prettier
   798:43  warning  Delete `␍`  prettier/prettier
   799:48  warning  Delete `␍`  prettier/prettier
   800:21  warning  Delete `␍`  prettier/prettier
   801:38  warning  Delete `␍`  prettier/prettier
   802:42  warning  Delete `␍`  prettier/prettier
   803:48  warning  Delete `␍`  prettier/prettier
   804:43  warning  Delete `␍`  prettier/prettier
   805:39  warning  Delete `␍`  prettier/prettier
   806:21  warning  Delete `␍`  prettier/prettier
   807:38  warning  Delete `␍`  prettier/prettier
   808:42  warning  Delete `␍`  prettier/prettier
   809:48  warning  Delete `␍`  prettier/prettier
   810:43  warning  Delete `␍`  prettier/prettier
   811:51  warning  Delete `␍`  prettier/prettier
   812:21  warning  Delete `␍`  prettier/prettier
   813:38  warning  Delete `␍`  prettier/prettier
   814:44  warning  Delete `␍`  prettier/prettier
   815:48  warning  Delete `␍`  prettier/prettier
   816:43  warning  Delete `␍`  prettier/prettier
   817:39  warning  Delete `␍`  prettier/prettier
   818:21  warning  Delete `␍`  prettier/prettier
   819:38  warning  Delete `␍`  prettier/prettier
   820:42  warning  Delete `␍`  prettier/prettier
   821:48  warning  Delete `␍`  prettier/prettier
   822:43  warning  Delete `␍`  prettier/prettier
   823:50  warning  Delete `␍`  prettier/prettier
   824:21  warning  Delete `␍`  prettier/prettier
   825:38  warning  Delete `␍`  prettier/prettier
   826:44  warning  Delete `␍`  prettier/prettier
   827:48  warning  Delete `␍`  prettier/prettier
   828:43  warning  Delete `␍`  prettier/prettier
   829:78  warning  Delete `␍`  prettier/prettier
   830:21  warning  Delete `␍`  prettier/prettier
   831:38  warning  Delete `␍`  prettier/prettier
   832:44  warning  Delete `␍`  prettier/prettier
   833:48  warning  Delete `␍`  prettier/prettier
   834:43  warning  Delete `␍`  prettier/prettier
   835:53  warning  Delete `␍`  prettier/prettier
   836:21  warning  Delete `␍`  prettier/prettier
   837:19  warning  Delete `␍`  prettier/prettier
   838:39  warning  Delete `␍`  prettier/prettier
   839:66  warning  Delete `␍`  prettier/prettier
   840:38  warning  Delete `␍`  prettier/prettier
   841:2   warning  Delete `␍`  prettier/prettier
   842:25  warning  Delete `␍`  prettier/prettier
   843:30  warning  Delete `␍`  prettier/prettier
   844:45  warning  Delete `␍`  prettier/prettier
   845:24  warning  Delete `␍`  prettier/prettier
   846:34  warning  Delete `␍`  prettier/prettier
   847:40  warning  Delete `␍`  prettier/prettier
   848:30  warning  Delete `␍`  prettier/prettier
   849:7   warning  Delete `␍`  prettier/prettier
   850:16  warning  Delete `␍`  prettier/prettier
   851:19  warning  Delete `␍`  prettier/prettier
   852:17  warning  Delete `␍`  prettier/prettier
   853:1   warning  Delete `␍`  prettier/prettier
   854:32  warning  Delete `␍`  prettier/prettier
   855:34  warning  Delete `␍`  prettier/prettier
   856:36  warning  Delete `␍`  prettier/prettier
   857:58  warning  Delete `␍`  prettier/prettier
   858:50  warning  Delete `␍`  prettier/prettier
   859:19  warning  Delete `␍`  prettier/prettier
   860:64  warning  Delete `␍`  prettier/prettier
   861:38  warning  Delete `␍`  prettier/prettier
   862:51  warning  Delete `␍`  prettier/prettier
   863:77  warning  Delete `␍`  prettier/prettier
   864:21  warning  Delete `␍`  prettier/prettier
   865:38  warning  Delete `␍`  prettier/prettier
   866:39  warning  Delete `␍`  prettier/prettier
   867:48  warning  Delete `␍`  prettier/prettier
   868:43  warning  Delete `␍`  prettier/prettier
   869:43  warning  Delete `␍`  prettier/prettier
   870:21  warning  Delete `␍`  prettier/prettier
   871:19  warning  Delete `␍`  prettier/prettier
   872:39  warning  Delete `␍`  prettier/prettier
   873:55  warning  Delete `␍`  prettier/prettier
   874:38  warning  Delete `␍`  prettier/prettier
   875:2   warning  Delete `␍`  prettier/prettier
   876:17  warning  Delete `␍`  prettier/prettier
   877:7   warning  Delete `␍`  prettier/prettier
   878:16  warning  Delete `␍`  prettier/prettier
   879:19  warning  Delete `␍`  prettier/prettier
   880:17  warning  Delete `␍`  prettier/prettier
   881:1   warning  Delete `␍`  prettier/prettier
   882:24  warning  Delete `␍`  prettier/prettier
   883:29  warning  Delete `␍`  prettier/prettier
   884:51  warning  Delete `␍`  prettier/prettier
   885:41  warning  Delete `␍`  prettier/prettier
   886:43  warning  Delete `␍`  prettier/prettier
   887:44  warning  Delete `␍`  prettier/prettier
   888:16  warning  Delete `␍`  prettier/prettier
   889:19  warning  Delete `␍`  prettier/prettier
   890:1   warning  Delete `␍`  prettier/prettier
   891:25  warning  Delete `␍`  prettier/prettier
   892:48  warning  Delete `␍`  prettier/prettier
   893:24  warning  Delete `␍`  prettier/prettier
   894:29  warning  Delete `␍`  prettier/prettier
   895:83  warning  Delete `␍`  prettier/prettier
   896:17  warning  Delete `␍`  prettier/prettier
   897:52  warning  Delete `␍`  prettier/prettier
   898:24  warning  Delete `␍`  prettier/prettier
   899:32  warning  Delete `␍`  prettier/prettier
   900:34  warning  Delete `␍`  prettier/prettier
   901:28  warning  Delete `␍`  prettier/prettier
   902:55  warning  Delete `␍`  prettier/prettier
   903:19  warning  Delete `␍`  prettier/prettier
   904:34  warning  Delete `␍`  prettier/prettier
   905:28  warning  Delete `␍`  prettier/prettier
   906:47  warning  Delete `␍`  prettier/prettier
   907:19  warning  Delete `␍`  prettier/prettier
   908:16  warning  Delete `␍`  prettier/prettier
   909:19  warning  Delete `␍`  prettier/prettier
   910:1   warning  Delete `␍`  prettier/prettier
   911:25  warning  Delete `␍`  prettier/prettier
   912:46  warning  Delete `␍`  prettier/prettier
   913:24  warning  Delete `␍`  prettier/prettier
   914:29  warning  Delete `␍`  prettier/prettier
   915:81  warning  Delete `␍`  prettier/prettier
   916:17  warning  Delete `␍`  prettier/prettier
   917:45  warning  Delete `␍`  prettier/prettier
   918:25  warning  Delete `␍`  prettier/prettier
   919:32  warning  Delete `␍`  prettier/prettier
   920:34  warning  Delete `␍`  prettier/prettier
   921:28  warning  Delete `␍`  prettier/prettier
   922:37  warning  Delete `␍`  prettier/prettier
   923:19  warning  Delete `␍`  prettier/prettier
   924:34  warning  Delete `␍`  prettier/prettier
   925:28  warning  Delete `␍`  prettier/prettier
   926:50  warning  Delete `␍`  prettier/prettier
   927:19  warning  Delete `␍`  prettier/prettier
   928:34  warning  Delete `␍`  prettier/prettier
   929:28  warning  Delete `␍`  prettier/prettier
   930:49  warning  Delete `␍`  prettier/prettier
   931:19  warning  Delete `␍`  prettier/prettier
   932:16  warning  Delete `␍`  prettier/prettier
   933:27  warning  Delete `␍`  prettier/prettier
   934:53  warning  Delete `␍`  prettier/prettier
   935:43  warning  Delete `␍`  prettier/prettier
   936:15  warning  Delete `␍`  prettier/prettier
   937:19  warning  Delete `␍`  prettier/prettier
   938:1   warning  Delete `␍`  prettier/prettier
   939:23  warning  Delete `␍`  prettier/prettier
   940:45  warning  Delete `␍`  prettier/prettier
   941:22  warning  Delete `␍`  prettier/prettier
   942:29  warning  Delete `␍`  prettier/prettier
   943:80  warning  Delete `␍`  prettier/prettier
   944:17  warning  Delete `␍`  prettier/prettier
   945:14  warning  Delete `␍`  prettier/prettier
   946:44  warning  Delete `␍`  prettier/prettier
   947:36  warning  Delete `␍`  prettier/prettier
   948:15  warning  Delete `␍`  prettier/prettier
   949:24  warning  Delete `␍`  prettier/prettier
   950:29  warning  Delete `␍`  prettier/prettier
   951:69  warning  Delete `␍`  prettier/prettier
   952:61  warning  Delete `␍`  prettier/prettier
   953:62  warning  Delete `␍`  prettier/prettier
   954:16  warning  Delete `␍`  prettier/prettier
   955:19  warning  Delete `␍`  prettier/prettier
   956:14  warning  Delete `␍`  prettier/prettier
   957:11  warning  Delete `␍`  prettier/prettier
   958:9   warning  Delete `␍`  prettier/prettier
   959:12  warning  Delete `␍`  prettier/prettier
   960:1   warning  Delete `␍`  prettier/prettier
   961:15  warning  Delete `␍`  prettier/prettier
   962:15  warning  Delete `␍`  prettier/prettier
   963:17  warning  Delete `␍`  prettier/prettier
   964:26  warning  Delete `␍`  prettier/prettier
   965:13  warning  Delete `␍`  prettier/prettier
   966:2   warning  Delete `␍`  prettier/prettier
   967:1   warning  Delete `␍`  prettier/prettier
   968:66  warning  Delete `␍`  prettier/prettier
   969:8   warning  Delete `␍`  prettier/prettier
   970:17  warning  Delete `␍`  prettier/prettier
   971:26  warning  Delete `␍`  prettier/prettier
   972:13  warning  Delete `␍`  prettier/prettier
   973:2   warning  Delete `␍`  prettier/prettier
   974:11  warning  Delete `␍`  prettier/prettier
   975:33  warning  Delete `␍`  prettier/prettier
   976:19  warning  Delete `␍`  prettier/prettier
   977:26  warning  Delete `␍`  prettier/prettier
   978:27  warning  Delete `␍`  prettier/prettier
   979:20  warning  Delete `␍`  prettier/prettier
   980:2   warning  Delete `␍`  prettier/prettier
   981:9   warning  Delete `␍`  prettier/prettier
   982:36  warning  Delete `␍`  prettier/prettier
   983:20  warning  Delete `␍`  prettier/prettier
   984:39  warning  Delete `␍`  prettier/prettier
   985:21  warning  Delete `␍`  prettier/prettier
   986:28  warning  Delete `␍`  prettier/prettier
   987:13  warning  Delete `␍`  prettier/prettier
   988:21  warning  Delete `␍`  prettier/prettier
   989:2   warning  Delete `␍`  prettier/prettier
   990:12  warning  Delete `␍`  prettier/prettier
   991:22  warning  Delete `␍`  prettier/prettier
   992:20  warning  Delete `␍`  prettier/prettier
   993:27  warning  Delete `␍`  prettier/prettier
   994:2   warning  Delete `␍`  prettier/prettier
   995:1   warning  Delete `␍`  prettier/prettier
   996:66  warning  Delete `␍`  prettier/prettier
   997:10  warning  Delete `␍`  prettier/prettier
   998:17  warning  Delete `␍`  prettier/prettier
   999:36  warning  Delete `␍`  prettier/prettier
  1000:13  warning  Delete `␍`  prettier/prettier
  1001:2   warning  Delete `␍`  prettier/prettier
  1002:1   warning  Delete `␍`  prettier/prettier
  1003:66  warning  Delete `␍`  prettier/prettier
  1004:7   warning  Delete `␍`  prettier/prettier
  1005:20  warning  Delete `␍`  prettier/prettier
  1006:10  warning  Delete `␍`  prettier/prettier
  1007:21  warning  Delete `␍`  prettier/prettier
  1008:35  warning  Delete `␍`  prettier/prettier
  1009:20  warning  Delete `␍`  prettier/prettier
  1010:2   warning  Delete `␍`  prettier/prettier
  1011:13  warning  Delete `␍`  prettier/prettier
  1012:33  warning  Delete `␍`  prettier/prettier
  1013:19  warning  Delete `␍`  prettier/prettier
  1014:26  warning  Delete `␍`  prettier/prettier
  1015:23  warning  Delete `␍`  prettier/prettier
  1016:20  warning  Delete `␍`  prettier/prettier
  1017:29  warning  Delete `␍`  prettier/prettier
  1018:23  warning  Delete `␍`  prettier/prettier
  1019:2   warning  Delete `␍`  prettier/prettier
  1020:12  warning  Delete `␍`  prettier/prettier
  1021:13  warning  Delete `␍`  prettier/prettier
  1022:14  warning  Delete `␍`  prettier/prettier
  1023:20  warning  Delete `␍`  prettier/prettier
  1024:17  warning  Delete `␍`  prettier/prettier
  1025:26  warning  Delete `␍`  prettier/prettier
  1026:12  warning  Delete `␍`  prettier/prettier
  1027:2   warning  Delete `␍`  prettier/prettier
  1028:15  warning  Delete `␍`  prettier/prettier
  1029:21  warning  Delete `␍`  prettier/prettier
  1030:21  warning  Delete `␍`  prettier/prettier
  1031:23  warning  Delete `␍`  prettier/prettier
  1032:30  warning  Delete `␍`  prettier/prettier
  1033:19  warning  Delete `␍`  prettier/prettier
  1034:14  warning  Delete `␍`  prettier/prettier
  1035:22  warning  Delete `␍`  prettier/prettier
  1036:27  warning  Delete `␍`  prettier/prettier
  1037:21  warning  Delete `␍`  prettier/prettier
  1038:2   warning  Delete `␍`  prettier/prettier
  1039:21  warning  Delete `␍`  prettier/prettier
  1040:21  warning  Delete `␍`  prettier/prettier
  1041:30  warning  Delete `␍`  prettier/prettier
  1042:2   warning  Delete `␍`  prettier/prettier
  1043:22  warning  Delete `␍`  prettier/prettier
  1044:27  warning  Delete `␍`  prettier/prettier
  1045:30  warning  Delete `␍`  prettier/prettier
  1046:20  warning  Delete `␍`  prettier/prettier
  1047:2   warning  Delete `␍`  prettier/prettier
  1048:1   warning  Delete `␍`  prettier/prettier
  1049:66  warning  Delete `␍`  prettier/prettier
  1050:11  warning  Delete `␍`  prettier/prettier
  1051:17  warning  Delete `␍`  prettier/prettier
  1052:26  warning  Delete `␍`  prettier/prettier
  1053:13  warning  Delete `␍`  prettier/prettier
  1054:2   warning  Delete `␍`  prettier/prettier
  1055:11  warning  Delete `␍`  prettier/prettier
  1056:17  warning  Delete `␍`  prettier/prettier
  1057:26  warning  Delete `␍`  prettier/prettier
  1058:13  warning  Delete `␍`  prettier/prettier
  1059:2   warning  Delete `␍`  prettier/prettier
  1060:14  warning  Delete `␍`  prettier/prettier
  1061:36  warning  Delete `␍`  prettier/prettier
  1062:20  warning  Delete `␍`  prettier/prettier
  1063:19  warning  Delete `␍`  prettier/prettier
  1064:21  warning  Delete `␍`  prettier/prettier
  1065:13  warning  Delete `␍`  prettier/prettier
  1066:28  warning  Delete `␍`  prettier/prettier
  1067:2   warning  Delete `␍`  prettier/prettier
  1068:14  warning  Delete `␍`  prettier/prettier
  1069:36  warning  Delete `␍`  prettier/prettier
  1070:20  warning  Delete `␍`  prettier/prettier
  1071:19  warning  Delete `␍`  prettier/prettier
  1072:21  warning  Delete `␍`  prettier/prettier
  1073:20  warning  Delete `␍`  prettier/prettier
  1074:2   warning  Delete `␍`  prettier/prettier
  1075:13  warning  Delete `␍`  prettier/prettier
  1076:13  warning  Delete `␍`  prettier/prettier
  1077:21  warning  Delete `␍`  prettier/prettier
  1078:20  warning  Delete `␍`  prettier/prettier
  1079:23  warning  Delete `␍`  prettier/prettier
  1080:2   warning  Delete `␍`  prettier/prettier
  1081:1   warning  Delete `␍`  prettier/prettier
  1082:66  warning  Delete `␍`  prettier/prettier
  1083:8   warning  Delete `␍`  prettier/prettier
  1084:17  warning  Delete `␍`  prettier/prettier
  1085:23  warning  Delete `␍`  prettier/prettier
  1086:13  warning  Delete `␍`  prettier/prettier
  1087:33  warning  Delete `␍`  prettier/prettier
  1088:19  warning  Delete `␍`  prettier/prettier
  1089:26  warning  Delete `␍`  prettier/prettier
  1090:23  warning  Delete `␍`  prettier/prettier
  1091:29  warning  Delete `␍`  prettier/prettier
  1092:2   warning  Delete `␍`  prettier/prettier
  1093:15  warning  Delete `␍`  prettier/prettier
  1094:15  warning  Delete `␍`  prettier/prettier
  1095:15  warning  Delete `␍`  prettier/prettier
  1096:11  warning  Delete `␍`  prettier/prettier
  1097:15  warning  Delete `␍`  prettier/prettier
  1098:26  warning  Delete `␍`  prettier/prettier
  1099:17  warning  Delete `␍`  prettier/prettier
  1100:2   warning  Delete `␍`  prettier/prettier
  1101:11  warning  Delete `␍`  prettier/prettier
  1102:27  warning  Delete `␍`  prettier/prettier
  1103:20  warning  Delete `␍`  prettier/prettier
  1104:2   warning  Delete `␍`  prettier/prettier
  1105:12  warning  Delete `␍`  prettier/prettier
  1106:21  warning  Delete `␍`  prettier/prettier
  1107:20  warning  Delete `␍`  prettier/prettier
  1108:26  warning  Delete `␍`  prettier/prettier
  1109:2   warning  Delete `␍`  prettier/prettier
  1110:1   warning  Delete `␍`  prettier/prettier
  1111:66  warning  Delete `␍`  prettier/prettier
  1112:12  warning  Delete `␍`  prettier/prettier
  1113:13  warning  Delete `␍`  prettier/prettier
  1114:14  warning  Delete `␍`  prettier/prettier
  1115:17  warning  Delete `␍`  prettier/prettier
  1116:26  warning  Delete `␍`  prettier/prettier
  1117:2   warning  Delete `␍`  prettier/prettier
  1118:11  warning  Delete `␍`  prettier/prettier
  1119:17  warning  Delete `␍`  prettier/prettier
  1120:36  warning  Delete `␍`  prettier/prettier
  1121:13  warning  Delete `␍`  prettier/prettier
  1122:19  warning  Delete `␍`  prettier/prettier
  1123:41  warning  Delete `␍`  prettier/prettier
  1124:2   warning  Delete `␍`  prettier/prettier
  1125:22  warning  Delete `␍`  prettier/prettier
  1126:23  warning  Delete `␍`  prettier/prettier
  1127:2   warning  Delete `␍`  prettier/prettier
  1128:14  warning  Delete `␍`  prettier/prettier
  1129:33  warning  Delete `␍`  prettier/prettier
  1130:19  warning  Delete `␍`  prettier/prettier
  1131:25  warning  Delete `␍`  prettier/prettier
  1132:23  warning  Delete `␍`  prettier/prettier
  1133:29  warning  Delete `␍`  prettier/prettier
  1134:20  warning  Delete `␍`  prettier/prettier
  1135:20  warning  Delete `␍`  prettier/prettier
  1136:2   warning  Delete `␍`  prettier/prettier
  1137:14  warning  Delete `␍`  prettier/prettier
  1138:13  warning  Delete `␍`  prettier/prettier
  1139:21  warning  Delete `␍`  prettier/prettier
  1140:21  warning  Delete `␍`  prettier/prettier
  1141:20  warning  Delete `␍`  prettier/prettier
  1142:2   warning  Delete `␍`  prettier/prettier
  1143:1   warning  Delete `␍`  prettier/prettier
  1144:66  warning  Delete `␍`  prettier/prettier
  1145:8   warning  Delete `␍`  prettier/prettier
  1146:22  warning  Delete `␍`  prettier/prettier
  1147:30  warning  Delete `␍`  prettier/prettier
  1148:33  warning  Delete `␍`  prettier/prettier
  1149:30  warning  Delete `␍`  prettier/prettier
  1150:32  warning  Delete `␍`  prettier/prettier
  1151:17  warning  Delete `␍`  prettier/prettier
  1152:25  warning  Delete `␍`  prettier/prettier
  1153:13  warning  Delete `␍`  prettier/prettier
  1154:2   warning  Delete `␍`  prettier/prettier
  1155:12  warning  Delete `␍`  prettier/prettier
  1156:33  warning  Delete `␍`  prettier/prettier
  1157:19  warning  Delete `␍`  prettier/prettier
  1158:26  warning  Delete `␍`  prettier/prettier
  1159:29  warning  Delete `␍`  prettier/prettier
  1160:20  warning  Delete `␍`  prettier/prettier
  1161:27  warning  Delete `␍`  prettier/prettier
  1162:18  warning  Delete `␍`  prettier/prettier
  1163:2   warning  Delete `␍`  prettier/prettier
  1164:20  warning  Delete `␍`  prettier/prettier
  1165:23  warning  Delete `␍`  prettier/prettier
  1166:2   warning  Delete `␍`  prettier/prettier
  1167:1   warning  Delete `␍`  prettier/prettier
  1168:66  warning  Delete `␍`  prettier/prettier
  1169:9   warning  Delete `␍`  prettier/prettier
  1170:13  warning  Delete `␍`  prettier/prettier
  1171:23  warning  Delete `␍`  prettier/prettier
  1172:17  warning  Delete `␍`  prettier/prettier
  1173:26  warning  Delete `␍`  prettier/prettier
  1174:12  warning  Delete `␍`  prettier/prettier
  1175:2   warning  Delete `␍`  prettier/prettier
  1176:12  warning  Delete `␍`  prettier/prettier
  1177:21  warning  Delete `␍`  prettier/prettier
  1178:20  warning  Delete `␍`  prettier/prettier
  1179:23  warning  Delete `␍`  prettier/prettier
  1180:2   warning  Delete `␍`  prettier/prettier
  1181:19  warning  Delete `␍`  prettier/prettier
  1182:21  warning  Delete `␍`  prettier/prettier
  1183:20  warning  Delete `␍`  prettier/prettier
  1184:2   warning  Delete `␍`  prettier/prettier
  1185:1   warning  Delete `␍`  prettier/prettier
  1186:66  warning  Delete `␍`  prettier/prettier
  1187:8   warning  Delete `␍`  prettier/prettier
  1188:17  warning  Delete `␍`  prettier/prettier
  1189:23  warning  Delete `␍`  prettier/prettier
  1190:13  warning  Delete `␍`  prettier/prettier
  1191:19  warning  Delete `␍`  prettier/prettier
  1192:21  warning  Delete `␍`  prettier/prettier
  1193:2   warning  Delete `␍`  prettier/prettier
  1194:13  warning  Delete `␍`  prettier/prettier
  1195:33  warning  Delete `␍`  prettier/prettier
  1196:19  warning  Delete `␍`  prettier/prettier
  1197:21  warning  Delete `␍`  prettier/prettier
  1198:33  warning  Delete `␍`  prettier/prettier
  1199:24  warning  Delete `␍`  prettier/prettier
  1200:23  warning  Delete `␍`  prettier/prettier
  1201:30  warning  Delete `␍`  prettier/prettier
  1202:2   warning  Delete `␍`  prettier/prettier
  1203:23  warning  Delete `␍`  prettier/prettier
  1204:27  warning  Delete `␍`  prettier/prettier
  1205:34  warning  Delete `␍`  prettier/prettier
  1206:39  warning  Delete `␍`  prettier/prettier
  1207:2   warning  Delete `␍`  prettier/prettier
  1208:14  warning  Delete `␍`  prettier/prettier
  1209:23  warning  Delete `␍`  prettier/prettier
  1210:33  warning  Delete `␍`  prettier/prettier
  1211:19  warning  Delete `␍`  prettier/prettier
  1212:2   warning  Delete `␍`  prettier/prettier
  1213:1   warning  Delete `␍`  prettier/prettier
  1214:66  warning  Delete `␍`  prettier/prettier
  1215:9   warning  Delete `␍`  prettier/prettier
  1216:33  warning  Delete `␍`  prettier/prettier
  1217:19  warning  Delete `␍`  prettier/prettier
  1218:30  warning  Delete `␍`  prettier/prettier
  1219:33  warning  Delete `␍`  prettier/prettier
  1220:20  warning  Delete `␍`  prettier/prettier
  1221:22  warning  Delete `␍`  prettier/prettier
  1222:27  warning  Delete `␍`  prettier/prettier
  1223:2   warning  Delete `␍`  prettier/prettier
  1224:1   warning  Delete `␍`  prettier/prettier
  1225:66  warning  Delete `␍`  prettier/prettier
  1226:13  warning  Delete `␍`  prettier/prettier
  1227:30  warning  Delete `␍`  prettier/prettier
  1228:33  warning  Delete `␍`  prettier/prettier
  1229:30  warning  Delete `␍`  prettier/prettier
  1230:22  warning  Delete `␍`  prettier/prettier
  1231:17  warning  Delete `␍`  prettier/prettier
  1232:26  warning  Delete `␍`  prettier/prettier
  1233:13  warning  Delete `␍`  prettier/prettier
  1234:18  warning  Delete `␍`  prettier/prettier
  1235:2   warning  Delete `␍`  prettier/prettier
  1236:13  warning  Delete `␍`  prettier/prettier
  1237:17  warning  Delete `␍`  prettier/prettier
  1238:25  warning  Delete `␍`  prettier/prettier
  1239:13  warning  Delete `␍`  prettier/prettier
  1240:2   warning  Delete `␍`  prettier/prettier
  1241:13  warning  Delete `␍`  prettier/prettier
  1242:33  warning  Delete `␍`  prettier/prettier
  1243:19  warning  Delete `␍`  prettier/prettier
  1244:20  warning  Delete `␍`  prettier/prettier
  1245:27  warning  Delete `␍`  prettier/prettier
  1246:39  warning  Delete `␍`  prettier/prettier
  1247:21  warning  Delete `␍`  prettier/prettier
  1248:24  warning  Delete `␍`  prettier/prettier
  1249:26  warning  Delete `␍`  prettier/prettier
  1250:2   warning  Delete `␍`  prettier/prettier
  1251:13  warning  Delete `␍`  prettier/prettier
  1252:36  warning  Delete `␍`  prettier/prettier
  1253:19  warning  Delete `␍`  prettier/prettier
  1254:23  warning  Delete `␍`  prettier/prettier
  1255:2   warning  Delete `␍`  prettier/prettier
  1256:14  warning  Delete `␍`  prettier/prettier
  1257:24  warning  Delete `␍`  prettier/prettier
  1258:32  warning  Delete `␍`  prettier/prettier
  1259:34  warning  Delete `␍`  prettier/prettier
  1260:2   warning  Delete `␍`  prettier/prettier
  1261:1   warning  Delete `␍`  prettier/prettier
  1262:66  warning  Delete `␍`  prettier/prettier
  1263:15  warning  Delete `␍`  prettier/prettier
  1264:17  warning  Delete `␍`  prettier/prettier
  1265:26  warning  Delete `␍`  prettier/prettier
  1266:10  warning  Delete `␍`  prettier/prettier
  1267:33  warning  Delete `␍`  prettier/prettier
  1268:22  warning  Delete `␍`  prettier/prettier
  1269:20  warning  Delete `␍`  prettier/prettier
  1270:19  warning  Delete `␍`  prettier/prettier
  1271:2   warning  Delete `␍`  prettier/prettier
  1272:13  warning  Delete `␍`  prettier/prettier
  1273:17  warning  Delete `␍`  prettier/prettier
  1274:46  warning  Delete `␍`  prettier/prettier
  1275:10  warning  Delete `␍`  prettier/prettier
  1276:21  warning  Delete `␍`  prettier/prettier
  1277:40  warning  Delete `␍`  prettier/prettier
  1278:25  warning  Delete `␍`  prettier/prettier
  1279:20  warning  Delete `␍`  prettier/prettier
  1280:2   warning  Delete `␍`  prettier/prettier
  1281:24  warning  Delete `␍`  prettier/prettier
  1282:23  warning  Delete `␍`  prettier/prettier
  1283:2   warning  Delete `␍`  prettier/prettier
  1284:16  warning  Delete `␍`  prettier/prettier
  1285:28  warning  Delete `␍`  prettier/prettier
  1286:33  warning  Delete `␍`  prettier/prettier
  1287:19  warning  Delete `␍`  prettier/prettier
  1288:26  warning  Delete `␍`  prettier/prettier
  1289:29  warning  Delete `␍`  prettier/prettier
  1290:23  warning  Delete `␍`  prettier/prettier
  1291:20  warning  Delete `␍`  prettier/prettier
  1292:2   warning  Delete `␍`  prettier/prettier
  1293:18  warning  Delete `␍`  prettier/prettier
  1294:33  warning  Delete `␍`  prettier/prettier
  1295:19  warning  Delete `␍`  prettier/prettier
  1296:27  warning  Delete `␍`  prettier/prettier
  1297:2   warning  Delete `␍`  prettier/prettier
  1298:18  warning  Delete `␍`  prettier/prettier
  1299:33  warning  Delete `␍`  prettier/prettier
  1300:21  warning  Delete `␍`  prettier/prettier
  1301:23  warning  Delete `␍`  prettier/prettier
  1302:26  warning  Delete `␍`  prettier/prettier
  1303:2   warning  Delete `␍`  prettier/prettier
  1304:18  warning  Delete `␍`  prettier/prettier
  1305:33  warning  Delete `␍`  prettier/prettier
  1306:19  warning  Delete `␍`  prettier/prettier
  1307:20  warning  Delete `␍`  prettier/prettier
  1308:23  warning  Delete `␍`  prettier/prettier
  1309:2   warning  Delete `␍`  prettier/prettier
  1310:18  warning  Delete `␍`  prettier/prettier
  1311:33  warning  Delete `␍`  prettier/prettier
  1312:19  warning  Delete `␍`  prettier/prettier
  1313:23  warning  Delete `␍`  prettier/prettier
  1314:2   warning  Delete `␍`  prettier/prettier
  1315:29  warning  Delete `␍`  prettier/prettier
  1316:23  warning  Delete `␍`  prettier/prettier
  1317:19  warning  Delete `␍`  prettier/prettier
  1318:2   warning  Delete `␍`  prettier/prettier
  1319:1   warning  Delete `␍`  prettier/prettier
  1320:66  warning  Delete `␍`  prettier/prettier
  1321:16  warning  Delete `␍`  prettier/prettier
  1322:17  warning  Delete `␍`  prettier/prettier
  1323:26  warning  Delete `␍`  prettier/prettier
  1324:12  warning  Delete `␍`  prettier/prettier
  1325:2   warning  Delete `␍`  prettier/prettier
  1326:22  warning  Delete `␍`  prettier/prettier
  1327:33  warning  Delete `␍`  prettier/prettier
  1328:19  warning  Delete `␍`  prettier/prettier
  1329:26  warning  Delete `␍`  prettier/prettier
  1330:23  warning  Delete `␍`  prettier/prettier
  1331:29  warning  Delete `␍`  prettier/prettier
  1332:20  warning  Delete `␍`  prettier/prettier
  1333:2   warning  Delete `␍`  prettier/prettier
  1334:13  warning  Delete `␍`  prettier/prettier
  1335:33  warning  Delete `␍`  prettier/prettier
  1336:21  warning  Delete `␍`  prettier/prettier
  1337:20  warning  Delete `␍`  prettier/prettier
  1338:23  warning  Delete `␍`  prettier/prettier
  1339:28  warning  Delete `␍`  prettier/prettier
  1340:33  warning  Delete `␍`  prettier/prettier
  1341:22  warning  Delete `␍`  prettier/prettier
  1342:22  warning  Delete `␍`  prettier/prettier
  1343:13  warning  Delete `␍`  prettier/prettier
  1344:20  warning  Delete `␍`  prettier/prettier
  1345:20  warning  Delete `␍`  prettier/prettier
  1346:15  warning  Delete `␍`  prettier/prettier
  1347:2   warning  Delete `␍`  prettier/prettier
  1348:9   warning  Delete `␍`  prettier/prettier

H:\codex\林家餐厅小程序\family-kitchen-c01\admin\src\views\Login.vue
    1:25   warning  Delete `␍`                                                                                                                                                                                                                                                                                                                   prettier/prettier
    2:37   warning  Delete `␍`                                                                                                                                                                                                                                                                                                                   prettier/prettier
    3:50   warning  Delete `␍`                                                                                                                                                                                                                                                                                                                   prettier/prettier
    4:42   warning  Delete `␍`                                                                                                                                                                                                                                                                                                                   prettier/prettier
    5:61   warning  Delete `␍`                                                                                                                                                                                                                                                                                                                   prettier/prettier
    6:46   warning  Delete `␍`                                                                                                                                                                                                                                                                                                                   prettier/prettier
    7:1    warning  Delete `␍`                                                                                                                                                                                                                                                                                                                   prettier/prettier
    8:28   warning  Delete `␍`                                                                                                                                                                                                                                                                                                                   prettier/prettier
    9:26   warning  Delete `␍`                                                                                                                                                                                                                                                                                                                   prettier/prettier
   10:29   warning  Delete `␍`                                                                                                                                                                                                                                                                                                                   prettier/prettier
   11:1    warning  Delete `␍`                                                                                                                                                                                                                                                                                                                   prettier/prettier
   12:37   warning  Delete `␍`                                                                                                                                                                                                                                                                                                                   prettier/prettier
   13:28   warning  Delete `␍`                                                                                                                                                                                                                                                                                                                   prettier/prettier
   14:1    warning  Delete `␍`                                                                                                                                                                                                                                                                                                                   prettier/prettier
   15:24   warning  Delete `␍`                                                                                                                                                                                                                                                                                                                   prettier/prettier
   16:21   warning  Delete `␍`                                                                                                                                                                                                                                                                                                                   prettier/prettier
   17:16   warning  Delete `␍`                                                                                                                                                                                                                                                                                                                   prettier/prettier
   18:4    warning  Delete `␍`                                                                                                                                                                                                                                                                                                                   prettier/prettier
   19:1    warning  Delete `␍`                                                                                                                                                                                                                                                                                                                   prettier/prettier
   20:27   warning  Delete `␍`                                                                                                                                                                                                                                                                                                                   prettier/prettier
   21:69   warning  Delete `␍`                                                                                                                                                                                                                                                                                                                   prettier/prettier
   22:69   warning  Delete `␍`                                                                                                                                                                                                                                                                                                                   prettier/prettier
   23:3    warning  Delete `␍`                                                                                                                                                                                                                                                                                                                   prettier/prettier
   24:1    warning  Delete `␍`                                                                                                                                                                                                                                                                                                                   prettier/prettier
   25:46   warning  Delete `␍`                                                                                                                                                                                                                                                                                                                   prettier/prettier
   26:30   warning  Delete `␍`                                                                                                                                                                                                                                                                                                                   prettier/prettier
   27:8    warning  Delete `␍`                                                                                                                                                                                                                                                                                                                   prettier/prettier
   28:36   warning  Delete `␍`                                                                                                                                                                                                                                                                                                                   prettier/prettier
   29:12   warning  Delete `␍`                                                                                                                                                                                                                                                                                                                   prettier/prettier
   30:12   warning  Delete `␍`                                                                                                                                                                                                                                                                                                                   prettier/prettier
   31:4    warning  Delete `␍`                                                                                                                                                                                                                                                                                                                   prettier/prettier
   32:24   warning  Delete `␍`                                                                                                                                                                                                                                                                                                                   prettier/prettier
   33:8    warning  Delete `␍`                                                                                                                                                                                                                                                                                                                   prettier/prettier
   34:52   warning  Delete `␍`                                                                                                                                                                                                                                                                                                                   prettier/prettier
   35:31   warning  Delete `␍`                                                                                                                                                                                                                                                                                                                   prettier/prettier
   36:74   warning  Delete `␍`                                                                                                                                                                                                                                                                                                                   prettier/prettier
   37:36   warning  Delete `␍`                                                                                                                                                                                                                                                                                                                   prettier/prettier
   38:12   warning  Delete `␍`                                                                                                                                                                                                                                                                                                                   prettier/prettier
   39:39   warning  Delete `␍`                                                                                                                                                                                                                                                                                                                   prettier/prettier
   40:14   warning  Delete `␍`                                                                                                                                                                                                                                                                                                                   prettier/prettier
   41:27   warning  Delete `␍`                                                                                                                                                                                                                                                                                                                   prettier/prettier
   42:4    warning  Delete `␍`                                                                                                                                                                                                                                                                                                                   prettier/prettier
   43:2    warning  Delete `␍`                                                                                                                                                                                                                                                                                                                   prettier/prettier
   44:10   warning  Delete `␍`                                                                                                                                                                                                                                                                                                                   prettier/prettier
   45:1    warning  Delete `␍`                                                                                                                                                                                                                                                                                                                   prettier/prettier
   46:11   warning  Delete `␍`                                                                                                                                                                                                                                                                                                                   prettier/prettier
   47:27   warning  Delete `␍`                                                                                                                                                                                                                                                                                                                   prettier/prettier
   48:35   warning  Delete `␍`                                                                                                                                                                                                                                                                                                                   prettier/prettier
   49:25   warning  Delete `␍`                                                                                                                                                                                                                                                                                                                   prettier/prettier
   50:29   warning  Delete `␍`                                                                                                                                                                                                                                                                                                                   prettier/prettier
   51:27   warning  Delete `␍`                                                                                                                                                                                                                                                                                                                   prettier/prettier
   52:48   warning  Delete `␍`                                                                                                                                                                                                                                                                                                                   prettier/prettier
   53:18   warning  Delete `␍`                                                                                                                                                                                                                                                                                                                   prettier/prettier
   54:75   warning  Delete `␍`                                                                                                                                                                                                                                                                                                                   prettier/prettier
   55:34   warning  Delete `␍`                                                                                                                                                                                                                                                                                                                   prettier/prettier
   56:15   warning  Delete `␍`                                                                                                                                                                                                                                                                                                                   prettier/prettier
   57:18   warning  Replace `·x1="21"·y1="15"·x2="27"·y2="8"·stroke="#C04A2C"·stroke-width="1.2"·stroke-linecap="round"·/>␍` with `⏎··············x1="21"⏎··············y1="15"⏎··············x2="27"⏎··············y2="8"⏎··············stroke="#C04A2C"⏎··············stroke-width="1.2"⏎··············stroke-linecap="round"⏎············/>`  prettier/prettier
   58:62   warning  Delete `␍`                                                                                                                                                                                                                                                                                                                   prettier/prettier
   59:17   warning  Delete `␍`                                                                                                                                                                                                                                                                                                                   prettier/prettier
   60:15   warning  Delete `␍`                                                                                                                                                                                                                                                                                                                   prettier/prettier
   61:63   warning  Delete `␍`                                                                                                                                                                                                                                                                                                                   prettier/prettier
   62:13   warning  Delete `␍`                                                                                                                                                                                                                                                                                                                   prettier/prettier
   63:1    warning  Delete `␍`                                                                                                                                                                                                                                                                                                                   prettier/prettier
   64:30   warning  Delete `␍`                                                                                                                                                                                                                                                                                                                   prettier/prettier
   65:26   warning  Delete `␍`                                                                                                                                                                                                                                                                                                                   prettier/prettier
   66:56   warning  Delete `␍`                                                                                                                                                                                                                                                                                                                   prettier/prettier
   67:43   warning  Delete `␍`                                                                                                                                                                                                                                                                                                                   prettier/prettier
   68:14   warning  Delete `␍`                                                                                                                                                                                                                                                                                                                   prettier/prettier
   69:27   warning  Delete `␍`                                                                                                                                                                                                                                                                                                                   prettier/prettier
   70:28   warning  Delete `␍`                                                                                                                                                                                                                                                                                                                   prettier/prettier
   71:23   warning  Delete `␍`                                                                                                                                                                                                                                                                                                                   prettier/prettier
   72:13   warning  Delete `␍`                                                                                                                                                                                                                                                                                                                   prettier/prettier
   73:13   warning  Delete `␍`                                                                                                                                                                                                                                                                                                                   prettier/prettier
   74:1    warning  Delete `␍`                                                                                                                                                                                                                                                                                                                   prettier/prettier
   75:30   warning  Delete `␍`                                                                                                                                                                                                                                                                                                                   prettier/prettier
   76:34   warning  Delete `␍`                                                                                                                                                                                                                                                                                                                   prettier/prettier
   77:32   warning  Delete `␍`                                                                                                                                                                                                                                                                                                                   prettier/prettier
   78:38   warning  Delete `␍`                                                                                                                                                                                                                                                                                                                   prettier/prettier
   79:42   warning  Delete `␍`                                                                                                                                                                                                                                                                                                                   prettier/prettier
   80:46   warning  Delete `␍`                                                                                                                                                                                                                                                                                                                   prettier/prettier
   81:15   warning  Delete `␍`                                                                                                                                                                                                                                                                                                                   prettier/prettier
   82:13   warning  Delete `␍`                                                                                                                                                                                                                                                                                                                   prettier/prettier
   83:1    warning  Delete `␍`                                                                                                                                                                                                                                                                                                                   prettier/prettier
   84:38   warning  Delete `␍`                                                                                                                                                                                                                                                                                                                   prettier/prettier
   85:45   warning  Delete `␍`                                                                                                                                                                                                                                                                                                                   prettier/prettier
   86:32   warning  Delete `␍`                                                                                                                                                                                                                                                                                                                   prettier/prettier
   87:38   warning  Delete `␍`                                                                                                                                                                                                                                                                                                                   prettier/prettier
   88:19   warning  Delete `␍`                                                                                                                                                                                                                                                                                                                   prettier/prettier
   89:91   warning  Delete `␍`                                                                                                                                                                                                                                                                                                                   prettier/prettier
   90:20   warning  Delete `␍`                                                                                                                                                                                                                                                                                                                   prettier/prettier
   91:89   warning  Delete `␍`                                                                                                                                                                                                                                                                                                                   prettier/prettier
   92:93   warning  Delete `␍`                                                                                                                                                                                                                                                                                                                   prettier/prettier
   93:20   warning  Delete `␍`                                                                                                                                                                                                                                                                                                                   prettier/prettier
   94:17   warning  Delete `␍`                                                                                                                                                                                                                                                                                                                   prettier/prettier
   95:15   warning  Delete `␍`                                                                                                                                                                                                                                                                                                                   prettier/prettier
   96:45   warning  Delete `␍`                                                                                                                                                                                                                                                                                                                   prettier/prettier
   97:13   warning  Delete `␍`                                                                                                                                                                                                                                                                                                                   prettier/prettier
   98:13   warning  Delete `␍`                                                                                                                                                                                                                                                                                                                   prettier/prettier
   99:1    warning  Delete `␍`                                                                                                                                                                                                                                                                                                                   prettier/prettier
  100:25   warning  Delete `␍`                                                                                                                                                                                                                                                                                                                   prettier/prettier
  101:25   warning  Delete `␍`                                                                                                                                                                                                                                                                                                                   prettier/prettier
  102:30   warning  Delete `␍`                                                                                                                                                                                                                                                                                                                   prettier/prettier
  103:58   warning  Delete `␍`                                                                                                                                                                                                                                                                                                                   prettier/prettier
  104:45   warning  Delete `␍`                                                                                                                                                                                                                                                                                                                   prettier/prettier
  105:48   warning  Delete `␍`                                                                                                                                                                                                                                                                                                                   prettier/prettier
  106:1    warning  Delete `␍`                                                                                                                                                                                                                                                                                                                   prettier/prettier
  107:17   warning  Delete `␍`                                                                                                                                                                                                                                                                                                                   prettier/prettier
  108:24   warning  Delete `␍`                                                                                                                                                                                                                                                                                                                   prettier/prettier
  109:24   warning  Delete `␍`                                                                                                                                                                                                                                                                                                                   prettier/prettier
  110:25   warning  Delete `␍`                                                                                                                                                                                                                                                                                                                   prettier/prettier
  111:31   warning  Delete `␍`                                                                                                                                                                                                                                                                                                                   prettier/prettier
  112:23   warning  Delete `␍`                                                                                                                                                                                                                                                                                                                   prettier/prettier
  113:40   warning  Delete `␍`                                                                                                                                                                                                                                                                                                                   prettier/prettier
  114:10   warning  Delete `␍`                                                                                                                                                                                                                                                                                                                   prettier/prettier
  115:52   warning  Delete `␍`                                                                                                                                                                                                                                                                                                                   prettier/prettier
  116:82   warning  Delete `␍`                                                                                                                                                                                                                                                                                                                   prettier/prettier
  117:26   warning  Delete `␍`                                                                                                                                                                                                                                                                                                                   prettier/prettier
  118:52   warning  Delete `␍`                                                                                                                                                                                                                                                                                                                   prettier/prettier
  119:22   warning  Delete `␍`                                                                                                                                                                                                                                                                                                                   prettier/prettier
  120:38   warning  Delete `␍`                                                                                                                                                                                                                                                                                                                   prettier/prettier
  121:30   warning  Delete `␍`                                                                                                                                                                                                                                                                                                                   prettier/prettier
  122:37   warning  Delete `␍`                                                                                                                                                                                                                                                                                                                   prettier/prettier
  123:27   warning  Delete `␍`                                                                                                                                                                                                                                                                                                                   prettier/prettier
  124:28   warning  Delete `␍`                                                                                                                                                                                                                                                                                                                   prettier/prettier
  125:41   warning  Delete `␍`                                                                                                                                                                                                                                                                                                                   prettier/prettier
  126:15   warning  Delete `␍`                                                                                                                                                                                                                                                                                                                   prettier/prettier
  127:26   warning  Delete `␍`                                                                                                                                                                                                                                                                                                                   prettier/prettier
  128:21   warning  Delete `␍`                                                                                                                                                                                                                                                                                                                   prettier/prettier
  129:27   warning  Delete `␍`                                                                                                                                                                                                                                                                                                                   prettier/prettier
  130:25   warning  Delete `␍`                                                                                                                                                                                                                                                                                                                   prettier/prettier
  131:31   warning  Delete `␍`                                                                                                                                                                                                                                                                                                                   prettier/prettier
  132:27   warning  Delete `␍`                                                                                                                                                                                                                                                                                                                   prettier/prettier
  133:33   warning  Delete `␍`                                                                                                                                                                                                                                                                                                                   prettier/prettier
  134:12   warning  Delete `␍`                                                                                                                                                                                                                                                                                                                   prettier/prettier
  135:19   warning  Delete `␍`                                                                                                                                                                                                                                                                                                                   prettier/prettier
  136:23   warning  Delete `␍`                                                                                                                                                                                                                                                                                                                   prettier/prettier
  137:19   warning  Delete `␍`                                                                                                                                                                                                                                                                                                                   prettier/prettier
  138:1    warning  Delete `␍`                                                                                                                                                                                                                                                                                                                   prettier/prettier
  139:27   warning  Delete `␍`                                                                                                                                                                                                                                                                                                                   prettier/prettier
  140:43   warning  Delete `␍`                                                                                                                                                                                                                                                                                                                   prettier/prettier
  141:65   warning  Delete `␍`                                                                                                                                                                                                                                                                                                                   prettier/prettier
  142:15   warning  Delete `␍`                                                                                                                                                                                                                                                                                                                   prettier/prettier
  143:13   warning  Delete `␍`                                                                                                                                                                                                                                                                                                                   prettier/prettier
  144:12   warning  Delete `␍`                                                                                                                                                                                                                                                                                                                   prettier/prettier
  145:9    warning  Delete `␍`                                                                                                                                                                                                                                                                                                                   prettier/prettier
  146:12   warning  Delete `␍`                                                                                                                                                                                                                                                                                                                   prettier/prettier
  147:1    warning  Delete `␍`                                                                                                                                                                                                                                                                                                                   prettier/prettier
  148:15   warning  Delete `␍`                                                                                                                                                                                                                                                                                                                   prettier/prettier
  149:14   warning  Delete `␍`                                                                                                                                                                                                                                                                                                                   prettier/prettier
  150:17   warning  Delete `␍`                                                                                                                                                                                                                                                                                                                   prettier/prettier
  151:28   warning  Delete `␍`                                                                                                                                                                                                                                                                                                                   prettier/prettier
  152:17   warning  Delete `␍`                                                                                                                                                                                                                                                                                                                   prettier/prettier
  153:37   warning  Delete `␍`                                                                                                                                                                                                                                                                                                                   prettier/prettier
  154:2    warning  Delete `␍`                                                                                                                                                                                                                                                                                                                   prettier/prettier
  155:1    warning  Delete `␍`                                                                                                                                                                                                                                                                                                                   prettier/prettier
  156:28   warning  Delete `␍`                                                                                                                                                                                                                                                                                                                   prettier/prettier
  157:16   warning  Replace `·grid-template-columns:·1fr;·}␍` with `⏎····grid-template-columns:·1fr;⏎··}`                                                                                                                                                                                                                                        prettier/prettier
  158:10   warning  Replace `·display:·none;·}␍` with `⏎····display:·none;⏎··}`                                                                                                                                                                                                                                                                  prettier/prettier
  159:2    warning  Delete `␍`                                                                                                                                                                                                                                                                                                                   prettier/prettier
  160:1    warning  Delete `␍`                                                                                                                                                                                                                                                                                                                   prettier/prettier
  161:71   warning  Delete `␍`                                                                                                                                                                                                                                                                                                                   prettier/prettier
  162:8    warning  Delete `␍`                                                                                                                                                                                                                                                                                                                   prettier/prettier
  163:22   warning  Delete `␍`                                                                                                                                                                                                                                                                                                                   prettier/prettier
  164:14   warning  Delete `␍`                                                                                                                                                                                                                                                                                                                   prettier/prettier
  165:75   warning  Delete `␍`                                                                                                                                                                                                                                                                                                                   prettier/prettier
  166:76   warning  Replace `␍⏎····var(--paper);␍` with `·var(--paper);`                                                                                                                                                                                                                                                                         prettier/prettier
  168:22   warning  Delete `␍`                                                                                                                                                                                                                                                                                                                   prettier/prettier
  169:17   warning  Delete `␍`                                                                                                                                                                                                                                                                                                                   prettier/prettier
  170:26   warning  Delete `␍`                                                                                                                                                                                                                                                                                                                   prettier/prettier
  171:39   warning  Delete `␍`                                                                                                                                                                                                                                                                                                                   prettier/prettier
  172:20   warning  Delete `␍`                                                                                                                                                                                                                                                                                                                   prettier/prettier
  173:2    warning  Delete `␍`                                                                                                                                                                                                                                                                                                                   prettier/prettier
  174:16   warning  Delete `␍`                                                                                                                                                                                                                                                                                                                   prettier/prettier
  175:44   warning  Delete `␍`                                                                                                                                                                                                                                                                                                                   prettier/prettier
  176:15   warning  Delete `␍`                                                                                                                                                                                                                                                                                                                   prettier/prettier
  177:22   warning  Delete `␍`                                                                                                                                                                                                                                                                                                                   prettier/prettier
  178:12   warning  Delete `␍`                                                                                                                                                                                                                                                                                                                   prettier/prettier
  179:24   warning  Delete `␍`                                                                                                                                                                                                                                                                                                                   prettier/prettier
  180:16   warning  Delete `␍`                                                                                                                                                                                                                                                                                                                   prettier/prettier
  181:28   warning  Delete `␍`                                                                                                                                                                                                                                                                                                                   prettier/prettier
  182:378  warning  Delete `␍`                                                                                                                                                                                                                                                                                                                   prettier/prettier
  183:2    warning  Delete `␍`                                                                                                                                                                                                                                                                                                                   prettier/prettier
  184:15   warning  Delete `␍`                                                                                                                                                                                                                                                                                                                   prettier/prettier
  185:22   warning  Delete `␍`                                                                                                                                                                                                                                                                                                                   prettier/prettier
  186:15   warning  Delete `␍`                                                                                                                                                                                                                                                                                                                   prettier/prettier
  187:22   warning  Delete `␍`                                                                                                                                                                                                                                                                                                                   prettier/prettier
  188:10   warning  Replace `·right:·0;␍` with `⏎··right:·0;`                                                                                                                                                                                                                                                                                    prettier/prettier
  189:15   warning  Replace `·height:·64px;␍` with `⏎··height:·64px;`                                                                                                                                                                                                                                                                            prettier/prettier
  190:73   warning  Delete `␍`                                                                                                                                                                                                                                                                                                                   prettier/prettier
  191:16   warning  Delete `␍`                                                                                                                                                                                                                                                                                                                   prettier/prettier
  192:2    warning  Delete `␍`                                                                                                                                                                                                                                                                                                                   prettier/prettier
  193:12   warning  Replace `·position:·relative;·z-index:·1;·}␍` with `⏎··position:·relative;⏎··z-index:·1;⏎}`                                                                                                                                                                                                                                  prettier/prettier
  194:1    warning  Delete `␍`                                                                                                                                                                                                                                                                                                                   prettier/prettier
  195:12   warning  Replace `·display:·flex;·align-items:·center;·gap:·16px;·}␍` with `⏎··display:·flex;⏎··align-items:·center;⏎··gap:·16px;⏎}`                                                                                                                                                                                                  prettier/prettier
  196:8    warning  Delete `␍`                                                                                                                                                                                                                                                                                                                   prettier/prettier
  197:15   warning  Delete `␍`                                                                                                                                                                                                                                                                                                                   prettier/prettier
  198:16   warning  Delete `␍`                                                                                                                                                                                                                                                                                                                   prettier/prettier
  199:26   warning  Delete `␍`                                                                                                                                                                                                                                                                                                                   prettier/prettier
  200:23   warning  Delete `␍`                                                                                                                                                                                                                                                                                                                   prettier/prettier
  201:17   warning  Delete `␍`                                                                                                                                                                                                                                                                                                                   prettier/prettier
  202:23   warning  Delete `␍`                                                                                                                                                                                                                                                                                                                   prettier/prettier
  203:27   warning  Delete `␍`                                                                                                                                                                                                                                                                                                                   prettier/prettier
  204:23   warning  Delete `␍`                                                                                                                                                                                                                                                                                                                   prettier/prettier
  205:2    warning  Delete `␍`                                                                                                                                                                                                                                                                                                                   prettier/prettier
  206:12   warning  Replace `·width:·26px;·height:·26px;·}␍` with `⏎··width:·26px;⏎··height:·26px;⏎}`                                                                                                                                                                                                                                            prettier/prettier
  207:11   warning  Delete `␍`                                                                                                                                                                                                                                                                                                                   prettier/prettier
  208:33   warning  Delete `␍`                                                                                                                                                                                                                                                                                                                   prettier/prettier
  209:19   warning  Delete `␍`                                                                                                                                                                                                                                                                                                                   prettier/prettier
  210:26   warning  Delete `␍`                                                                                                                                                                                                                                                                                                                   prettier/prettier
  211:23   warning  Delete `␍`                                                                                                                                                                                                                                                                                                                   prettier/prettier
  212:2    warning  Delete `␍`                                                                                                                                                                                                                                                                                                                   prettier/prettier
  213:1    warning  Delete `␍`                                                                                                                                                                                                                                                                                                                   prettier/prettier
  214:13   warning  Delete `␍`                                                                                                                                                                                                                                                                                                                   prettier/prettier
  215:20   warning  Delete `␍`                                                                                                                                                                                                                                                                                                                   prettier/prettier
  216:23   warning  Delete `␍`                                                                                                                                                                                                                                                                                                                   prettier/prettier
  217:19   warning  Delete `␍`                                                                                                                                                                                                                                                                                                                   prettier/prettier
  218:2    warning  Delete `␍`                                                                                                                                                                                                                                                                                                                   prettier/prettier
  219:8    warning  Delete `␍`                                                                                                                                                                                                                                                                                                                   prettier/prettier
  220:36   warning  Delete `␍`                                                                                                                                                                                                                                                                                                                   prettier/prettier
  221:20   warning  Delete `␍`                                                                                                                                                                                                                                                                                                                   prettier/prettier
  222:37   warning  Delete `␍`                                                                                                                                                                                                                                                                                                                   prettier/prettier
  223:21   warning  Delete `␍`                                                                                                                                                                                                                                                                                                                   prettier/prettier
  224:28   warning  Delete `␍`                                                                                                                                                                                                                                                                                                                   prettier/prettier
  225:21   warning  Delete `␍`                                                                                                                                                                                                                                                                                                                   prettier/prettier
  226:13   warning  Delete `␍`                                                                                                                                                                                                                                                                                                                   prettier/prettier
  227:60   warning  Delete `␍`                                                                                                                                                                                                                                                                                                                   prettier/prettier
  228:2    warning  Delete `␍`                                                                                                                                                                                                                                                                                                                   prettier/prettier
  229:12   warning  Delete `␍`                                                                                                                                                                                                                                                                                                                   prettier/prettier
  230:22   warning  Delete `␍`                                                                                                                                                                                                                                                                                                                   prettier/prettier
  231:20   warning  Delete `␍`                                                                                                                                                                                                                                                                                                                   prettier/prettier
  232:27   warning  Delete `␍`                                                                                                                                                                                                                                                                                                                   prettier/prettier
  233:20   warning  Delete `␍`                                                                                                                                                                                                                                                                                                                   prettier/prettier
  234:2    warning  Delete `␍`                                                                                                                                                                                                                                                                                                                   prettier/prettier
  235:11   warning  Delete `␍`                                                                                                                                                                                                                                                                                                                   prettier/prettier
  236:22   warning  Delete `␍`                                                                                                                                                                                                                                                                                                                   prettier/prettier
  237:20   warning  Delete `␍`                                                                                                                                                                                                                                                                                                                   prettier/prettier
  238:27   warning  Delete `␍`                                                                                                                                                                                                                                                                                                                   prettier/prettier
  239:36   warning  Delete `␍`                                                                                                                                                                                                                                                                                                                   prettier/prettier
  240:20   warning  Delete `␍`                                                                                                                                                                                                                                                                                                                   prettier/prettier
  241:27   warning  Delete `␍`                                                                                                                                                                                                                                                                                                                   prettier/prettier
  242:2    warning  Delete `␍`                                                                                                                                                                                                                                                                                                                   prettier/prettier
  243:10   warning  Delete `␍`                                                                                                                                                                                                                                                                                                                   prettier/prettier
  244:20   warning  Delete `␍`                                                                                                                                                                                                                                                                                                                   prettier/prettier
  245:33   warning  Delete `␍`                                                                                                                                                                                                                                                                                                                   prettier/prettier
  246:19   warning  Delete `␍`                                                                                                                                                                                                                                                                                                                   prettier/prettier
  247:21   warning  Delete `␍`                                                                                                                                                                                                                                                                                                                   prettier/prettier
  248:23   warning  Delete `␍`                                                                                                                                                                                                                                                                                                                   prettier/prettier
  249:20   warning  Delete `␍`                                                                                                                                                                                                                                                                                                                   prettier/prettier
  250:65   warning  Delete `␍`                                                                                                                                                                                                                                                                                                                   prettier/prettier
  251:2    warning  Delete `␍`                                                                                                                                                                                                                                                                                                                   prettier/prettier
  252:1    warning  Delete `␍`                                                                                                                                                                                                                                                                                                                   prettier/prettier
  253:13   warning  Replace `·margin-top:·auto;·}␍` with `⏎··margin-top:·auto;⏎}`                                                                                                                                                                                                                                                                prettier/prettier
  254:13   warning  Delete `␍`                                                                                                                                                                                                                                                                                                                   prettier/prettier
  255:15   warning  Delete `␍`                                                                                                                                                                                                                                                                                                                   prettier/prettier
  256:31   warning  Replace `to·right,·var(--ink)·0%,·var(--ink)·25%,·transparent·25%,·transparent·28%,·var(--ink)·28%,·var(--ink)·100%);␍` with `⏎····to·right,⏎····var(--ink)·0%,⏎····var(--ink)·25%,⏎····transparent·25%,⏎····transparent·28%,⏎····var(--ink)·28%,⏎····var(--ink)·100%⏎··);`                                                  prettier/prettier
  257:16   warning  Delete `␍`                                                                                                                                                                                                                                                                                                                   prettier/prettier
  258:23   warning  Delete `␍`                                                                                                                                                                                                                                                                                                                   prettier/prettier
  259:2    warning  Delete `␍`                                                                                                                                                                                                                                                                                                                   prettier/prettier
  260:13   warning  Delete `␍`                                                                                                                                                                                                                                                                                                                   prettier/prettier
  261:17   warning  Delete `␍`                                                                                                                                                                                                                                                                                                                   prettier/prettier
  262:13   warning  Delete `␍`                                                                                                                                                                                                                                                                                                                   prettier/prettier
  263:25   warning  Delete `␍`                                                                                                                                                                                                                                                                                                                   prettier/prettier
  264:33   warning  Delete `␍`                                                                                                                                                                                                                                                                                                                   prettier/prettier
  265:19   warning  Delete `␍`                                                                                                                                                                                                                                                                                                                   prettier/prettier
  266:23   warning  Delete `␍`                                                                                                                                                                                                                                                                                                                   prettier/prettier
  267:25   warning  Delete `␍`                                                                                                                                                                                                                                                                                                                   prettier/prettier
  268:2    warning  Delete `␍`                                                                                                                                                                                                                                                                                                                   prettier/prettier
  269:12   warning  Replace `·color:·var(--persimmon);·font-weight:·600;·}␍` with `⏎··color:·var(--persimmon);⏎··font-weight:·600;⏎}`                                                                                                                                                                                                            prettier/prettier
  270:12   warning  Replace `·color:·var(--ink-4);·}␍` with `⏎··color:·var(--ink-4);⏎}`                                                                                                                                                                                                                                                          prettier/prettier
  271:1    warning  Delete `␍`                                                                                                                                                                                                                                                                                                                   prettier/prettier
  272:21   warning  Delete `␍`                                                                                                                                                                                                                                                                                                                   prettier/prettier
  273:9    warning  Delete `␍`                                                                                                                                                                                                                                                                                                                   prettier/prettier
  274:22   warning  Delete `␍`                                                                                                                                                                                                                                                                                                                   prettier/prettier
  275:16   warning  Delete `␍`                                                                                                                                                                                                                                                                                                                   prettier/prettier
  276:15   warning  Delete `␍`                                                                                                                                                                                                                                                                                                                   prettier/prettier
  277:16   warning  Delete `␍`                                                                                                                                                                                                                                                                                                                   prettier/prettier
  278:17   warning  Delete `␍`                                                                                                                                                                                                                                                                                                                   prettier/prettier
  279:17   warning  Delete `␍`                                                                                                                                                                                                                                                                                                                   prettier/prettier
  280:28   warning  Delete `␍`                                                                                                                                                                                                                                                                                                                   prettier/prettier
  281:68   warning  Delete `␍`                                                                                                                                                                                                                                                                                                                   prettier/prettier
  282:2    warning  Delete `␍`                                                                                                                                                                                                                                                                                                                   prettier/prettier
  283:13   warning  Replace `·position:·absolute;·inset:·0;·}␍` with `⏎··position:·absolute;⏎··inset:·0;⏎}`                                                                                                                                                                                                                                      prettier/prettier
  284:17   warning  Replace `·width:·100%;·height:·100%;·}␍` with `⏎··width:·100%;⏎··height:·100%;⏎}`                                                                                                                                                                                                                                            prettier/prettier
  285:16   warning  Delete `␍`                                                                                                                                                                                                                                                                                                                   prettier/prettier
  286:22   warning  Delete `␍`                                                                                                                                                                                                                                                                                                                   prettier/prettier
  287:12   warning  Delete `␍`                                                                                                                                                                                                                                                                                                                   prettier/prettier
  288:17   warning  Delete `␍`                                                                                                                                                                                                                                                                                                                   prettier/prettier
  289:23   warning  Delete `␍`                                                                                                                                                                                                                                                                                                                   prettier/prettier
  290:27   warning  Delete `␍`                                                                                                                                                                                                                                                                                                                   prettier/prettier
  291:36   warning  Delete `␍`                                                                                                                                                                                                                                                                                                                   prettier/prettier
  292:20   warning  Delete `␍`                                                                                                                                                                                                                                                                                                                   prettier/prettier
  293:19   warning  Delete `␍`                                                                                                                                                                                                                                                                                                                   prettier/prettier
  294:27   warning  Delete `␍`                                                                                                                                                                                                                                                                                                                   prettier/prettier
  295:27   warning  Delete `␍`                                                                                                                                                                                                                                                                                                                   prettier/prettier
  296:37   warning  Delete `␍`                                                                                                                                                                                                                                                                                                                   prettier/prettier
  297:2    warning  Delete `␍`                                                                                                                                                                                                                                                                                                                   prettier/prettier
  298:17   warning  Delete `␍`                                                                                                                                                                                                                                                                                                                   prettier/prettier
  299:15   warning  Delete `␍`                                                                                                                                                                                                                                                                                                                   prettier/prettier
  300:22   warning  Delete `␍`                                                                                                                                                                                                                                                                                                                   prettier/prettier
  301:14   warning  Delete `␍`                                                                                                                                                                                                                                                                                                                   prettier/prettier
  302:40   warning  Delete `␍`                                                                                                                                                                                                                                                                                                                   prettier/prettier
  303:24   warning  Delete `␍`                                                                                                                                                                                                                                                                                                                   prettier/prettier
  304:16   warning  Delete `␍`                                                                                                                                                                                                                                                                                                                   prettier/prettier
  305:2    warning  Delete `␍`                                                                                                                                                                                                                                                                                                                   prettier/prettier
  306:1    warning  Delete `␍`                                                                                                                                                                                                                                                                                                                   prettier/prettier
  307:71   warning  Delete `␍`                                                                                                                                                                                                                                                                                                                   prettier/prettier
  308:9    warning  Delete `␍`                                                                                                                                                                                                                                                                                                                   prettier/prettier
  309:17   warning  Delete `␍`                                                                                                                                                                                                                                                                                                                   prettier/prettier
  310:23   warning  Delete `␍`                                                                                                                                                                                                                                                                                                                   prettier/prettier
  311:27   warning  Delete `␍`                                                                                                                                                                                                                                                                                                                   prettier/prettier
  312:17   warning  Delete `␍`                                                                                                                                                                                                                                                                                                                   prettier/prettier
  313:30   warning  Delete `␍`                                                                                                                                                                                                                                                                                                                   prettier/prettier
  314:2    warning  Delete `␍`                                                                                                                                                                                                                                                                                                                   prettier/prettier
  315:13   warning  Delete `␍`                                                                                                                                                                                                                                                                                                                   prettier/prettier
  316:15   warning  Delete `␍`                                                                                                                                                                                                                                                                                                                   prettier/prettier
  317:20   warning  Delete `␍`                                                                                                                                                                                                                                                                                                                   prettier/prettier
  318:66   warning  Delete `␍`                                                                                                                                                                                                                                                                                                                   prettier/prettier
  319:2    warning  Delete `␍`                                                                                                                                                                                                                                                                                                                   prettier/prettier
  320:16   warning  Delete `␍`                                                                                                                                                                                                                                                                                                                   prettier/prettier
  321:33   warning  Delete `␍`                                                                                                                                                                                                                                                                                                                   prettier/prettier
  322:19   warning  Delete `␍`                                                                                                                                                                                                                                                                                                                   prettier/prettier
  323:26   warning  Delete `␍`                                                                                                                                                                                                                                                                                                                   prettier/prettier
  324:27   warning  Delete `␍`                                                                                                                                                                                                                                                                                                                   prettier/prettier
  325:23   warning  Delete `␍`                                                                                                                                                                                                                                                                                                                   prettier/prettier
  326:2    warning  Delete `␍`                                                                                                                                                                                                                                                                                                                   prettier/prettier
  327:14   warning  Delete `␍`                                                                                                                                                                                                                                                                                                                   prettier/prettier
  328:36   warning  Delete `␍`                                                                                                                                                                                                                                                                                                                   prettier/prettier
  329:20   warning  Delete `␍`                                                                                                                                                                                                                                                                                                                   prettier/prettier
  330:19   warning  Delete `␍`                                                                                                                                                                                                                                                                                                                   prettier/prettier
  331:27   warning  Delete `␍`                                                                                                                                                                                                                                                                                                                   prettier/prettier
  332:21   warning  Delete `␍`                                                                                                                                                                                                                                                                                                                   prettier/prettier
  333:19   warning  Delete `␍`                                                                                                                                                                                                                                                                                                                   prettier/prettier
  334:21   warning  Delete `␍`                                                                                                                                                                                                                                                                                                                   prettier/prettier
  335:2    warning  Delete `␍`                                                                                                                                                                                                                                                                                                                   prettier/prettier
  336:12   warning  Delete `␍`                                                                                                                                                                                                                                                                                                                   prettier/prettier
  337:36   warning  Delete `␍`                                                                                                                                                                                                                                                                                                                   prettier/prettier
  338:22   warning  Delete `␍`                                                                                                                                                                                                                                                                                                                   prettier/prettier
  339:23   warning  Delete `␍`                                                                                                                                                                                                                                                                                                                   prettier/prettier
  340:20   warning  Delete `␍`                                                                                                                                                                                                                                                                                                                   prettier/prettier
  341:19   warning  Delete `␍`                                                                                                                                                                                                                                                                                                                   prettier/prettier
  342:2    warning  Delete `␍`                                                                                                                                                                                                                                                                                                                   prettier/prettier
  343:1    warning  Delete `␍`                                                                                                                                                                                                                                                                                                                   prettier/prettier
  344:36   warning  Delete `␍`                                                                                                                                                                                                                                                                                                                   prettier/prettier
  345:33   warning  Delete `␍`                                                                                                                                                                                                                                                                                                                   prettier/prettier
  346:21   warning  Delete `␍`                                                                                                                                                                                                                                                                                                                   prettier/prettier
  347:26   warning  Delete `␍`                                                                                                                                                                                                                                                                                                                   prettier/prettier
  348:23   warning  Delete `␍`                                                                                                                                                                                                                                                                                                                   prettier/prettier
  349:29   warning  Delete `␍`                                                                                                                                                                                                                                                                                                                   prettier/prettier
  350:23   warning  Delete `␍`                                                                                                                                                                                                                                                                                                                   prettier/prettier
  351:20   warning  Delete `␍`                                                                                                                                                                                                                                                                                                                   prettier/prettier
  352:2    warning  Delete `␍`                                                                                                                                                                                                                                                                                                                   prettier/prettier
  353:34   warning  Delete `␍`                                                                                                                                                                                                                                                                                                                   prettier/prettier
  354:41   warning  Delete `␍`                                                                                                                                                                                                                                                                                                                   prettier/prettier
  355:19   warning  Delete `␍`                                                                                                                                                                                                                                                                                                                   prettier/prettier
  356:2    warning  Delete `␍`                                                                                                                                                                                                                                                                                                                   prettier/prettier
  357:32   warning  Replace `·height:·48px;·}␍` with `⏎··height:·48px;⏎}`                                                                                                                                                                                                                                                                        prettier/prettier
  358:49   warning  Delete `␍`                                                                                                                                                                                                                                                                                                                   prettier/prettier
  359:33   warning  Delete `␍`                                                                                                                                                                                                                                                                                                                   prettier/prettier
  360:19   warning  Delete `␍`                                                                                                                                                                                                                                                                                                                   prettier/prettier
  361:26   warning  Delete `␍`                                                                                                                                                                                                                                                                                                                   prettier/prettier
  362:2    warning  Delete `␍`                                                                                                                                                                                                                                                                                                                   prettier/prettier
  363:1    warning  Delete `␍`                                                                                                                                                                                                                                                                                                                   prettier/prettier
  364:10   warning  Delete `␍`                                                                                                                                                                                                                                                                                                                   prettier/prettier
  365:15   warning  Delete `␍`                                                                                                                                                                                                                                                                                                                   prettier/prettier
  366:20   warning  Delete `␍`                                                                                                                                                                                                                                                                                                                   prettier/prettier
  367:16   warning  Delete `␍`                                                                                                                                                                                                                                                                                                                   prettier/prettier
  368:36   warning  Delete `␍`                                                                                                                                                                                                                                                                                                                   prettier/prettier
  369:20   warning  Delete `␍`                                                                                                                                                                                                                                                                                                                   prettier/prettier
  370:19   warning  Delete `␍`                                                                                                                                                                                                                                                                                                                   prettier/prettier
  371:26   warning  Delete `␍`                                                                                                                                                                                                                                                                                                                   prettier/prettier
  372:30   warning  Delete `␍`                                                                                                                                                                                                                                                                                                                   prettier/prettier
  373:2    warning  Delete `␍`                                                                                                                                                                                                                                                                                                                   prettier/prettier
  374:1    warning  Delete `␍`                                                                                                                                                                                                                                                                                                                   prettier/prettier
  375:8    warning  Delete `␍`                                                                                                                                                                                                                                                                                                                   prettier/prettier
  376:20   warning  Delete `␍`                                                                                                                                                                                                                                                                                                                   prettier/prettier
  377:22   warning  Delete `␍`                                                                                                                                                                                                                                                                                                                   prettier/prettier
  378:28   warning  Delete `␍`                                                                                                                                                                                                                                                                                                                   prettier/prettier
  379:34   warning  Delete `␍`                                                                                                                                                                                                                                                                                                                   prettier/prettier
  380:30   warning  Delete `␍`                                                                                                                                                                                                                                                                                                                   prettier/prettier
  381:17   warning  Delete `␍`                                                                                                                                                                                                                                                                                                                   prettier/prettier
  382:13   warning  Delete `␍`                                                                                                                                                                                                                                                                                                                   prettier/prettier
  383:25   warning  Delete `␍`                                                                                                                                                                                                                                                                                                                   prettier/prettier
  384:2    warning  Delete `␍`                                                                                                                                                                                                                                                                                                                   prettier/prettier
  385:12   warning  Delete `␍`                                                                                                                                                                                                                                                                                                                   prettier/prettier
  386:33   warning  Delete `␍`                                                                                                                                                                                                                                                                                                                   prettier/prettier
  387:19   warning  Delete `␍`                                                                                                                                                                                                                                                                                                                   prettier/prettier
  388:25   warning  Delete `␍`                                                                                                                                                                                                                                                                                                                   prettier/prettier
  389:27   warning  Delete `␍`                                                                                                                                                                                                                                                                                                                   prettier/prettier
  390:20   warning  Delete `␍`                                                                                                                                                                                                                                                                                                                   prettier/prettier
  391:2    warning  Delete `␍`                                                                                                                                                                                                                                                                                                                   prettier/prettier
  392:12   warning  Delete `␍`                                                                                                                                                                                                                                                                                                                   prettier/prettier
  393:33   warning  Delete `␍`                                                                                                                                                                                                                                                                                                                   prettier/prettier
  394:21   warning  Delete `␍`                                                                                                                                                                                                                                                                                                                   prettier/prettier
  395:23   warning  Delete `␍`                                                                                                                                                                                                                                                                                                                   prettier/prettier
  396:2    warning  Delete `␍`                                                                                                                                                                                                                                                                                                                   prettier/prettier
  397:1    warning  Delete `␍`                                                                                                                                                                                                                                                                                                                   prettier/prettier
  398:71   warning  Delete `␍`                                                                                                                                                                                                                                                                                                                   prettier/prettier
  399:18   warning  Delete `␍`                                                                                                                                                                                                                                                                                                                   prettier/prettier
  400:9    warning  Replace `·opacity:·0;·transform:·translateY(18px);·}␍` with `⏎····opacity:·0;⏎····transform:·translateY(18px);⏎··}`                                                                                                                                                                                                          prettier/prettier
  401:6    warning  Replace `··{·opacity:·1;·transform:·translateY(0);·}␍` with `{⏎····opacity:·1;⏎····transform:·translateY(0);⏎··}`                                                                                                                                                                                                            prettier/prettier
  402:2    warning  Delete `␍`                                                                                                                                                                                                                                                                                                                   prettier/prettier
  403:21   warning  Delete `␍`                                                                                                                                                                                                                                                                                                                   prettier/prettier
  404:9    warning  Replace `·opacity:·0;·transform:·rotate(-22deg)·scale(1.3);·}␍` with `⏎····opacity:·0;⏎····transform:·rotate(-22deg)·scale(1.3);⏎··}`                                                                                                                                                                                        prettier/prettier
  405:6    warning  Replace `··{·opacity:·0.85;·transform:·rotate(-8deg)·scale(1);·}␍` with `{⏎····opacity:·0.85;⏎····transform:·rotate(-8deg)·scale(1);⏎··}`                                                                                                                                                                                    prettier/prettier
  406:2    warning  Delete `␍`                                                                                                                                                                                                                                                                                                                   prettier/prettier
  407:9    warning  Delete `␍`                                                                                                                                                                                                                                                                                                                   prettier/prettier

H:\codex\林家餐厅小程序\family-kitchen-c01\admin\src\views\NotFound.vue
    1:25  warning  Delete `␍`                                                                             prettier/prettier
    2:40  warning  Delete `␍`                                                                             prettier/prettier
    3:1   warning  Delete `␍`                                                                             prettier/prettier
    4:28  warning  Delete `␍`                                                                             prettier/prettier
    5:10  warning  Delete `␍`                                                                             prettier/prettier
    6:1   warning  Delete `␍`                                                                             prettier/prettier
    7:11  warning  Delete `␍`                                                                             prettier/prettier
    8:26  warning  Delete `␍`                                                                             prettier/prettier
    9:23  warning  Delete `␍`                                                                             prettier/prettier
   10:60  warning  Delete `␍`                                                                             prettier/prettier
   11:48  warning  Delete `␍`                                                                             prettier/prettier
   12:47  warning  Delete `␍`                                                                             prettier/prettier
   13:28  warning  Delete `␍`                                                                             prettier/prettier
   14:74  warning  Delete `␍`                                                                             prettier/prettier
   15:67  warning  Delete `␍`                                                                             prettier/prettier
   16:13  warning  Delete `␍`                                                                             prettier/prettier
   17:57  warning  Delete `␍`                                                                             prettier/prettier
   18:11  warning  Delete `␍`                                                                             prettier/prettier
   19:9   warning  Delete `␍`                                                                             prettier/prettier
   20:12  warning  Delete `␍`                                                                             prettier/prettier
   21:1   warning  Delete `␍`                                                                             prettier/prettier
   22:15  warning  Delete `␍`                                                                             prettier/prettier
   23:13  warning  Delete `␍`                                                                             prettier/prettier
   24:21  warning  Delete `␍`                                                                             prettier/prettier
   25:17  warning  Delete `␍`                                                                             prettier/prettier
   26:23  warning  Delete `␍`                                                                             prettier/prettier
   27:27  warning  Delete `␍`                                                                             prettier/prettier
   28:28  warning  Delete `␍`                                                                             prettier/prettier
   29:17  warning  Delete `␍`                                                                             prettier/prettier
   30:2   warning  Delete `␍`                                                                             prettier/prettier
   31:8   warning  Delete `␍`                                                                             prettier/prettier
   32:20  warning  Delete `␍`                                                                             prettier/prettier
   33:20  warning  Delete `␍`                                                                             prettier/prettier
   34:22  warning  Delete `␍`                                                                             prettier/prettier
   35:2   warning  Delete `␍`                                                                             prettier/prettier
   36:11  warning  Delete `␍`                                                                             prettier/prettier
   37:33  warning  Delete `␍`                                                                             prettier/prettier
   38:19  warning  Delete `␍`                                                                             prettier/prettier
   39:26  warning  Delete `␍`                                                                             prettier/prettier
   40:27  warning  Delete `␍`                                                                             prettier/prettier
   41:20  warning  Delete `␍`                                                                             prettier/prettier
   42:23  warning  Delete `␍`                                                                             prettier/prettier
   43:2   warning  Delete `␍`                                                                             prettier/prettier
   44:9   warning  Delete `␍`                                                                             prettier/prettier
   45:36  warning  Delete `␍`                                                                             prettier/prettier
   46:20  warning  Delete `␍`                                                                             prettier/prettier
   47:37  warning  Delete `␍`                                                                             prettier/prettier
   48:21  warning  Delete `␍`                                                                             prettier/prettier
   49:27  warning  Delete `␍`                                                                             prettier/prettier
   50:13  warning  Delete `␍`                                                                             prettier/prettier
   51:21  warning  Delete `␍`                                                                             prettier/prettier
   52:2   warning  Delete `␍`                                                                             prettier/prettier
   53:12  warning  Delete `␍`                                                                             prettier/prettier
   54:22  warning  Delete `␍`                                                                             prettier/prettier
   55:20  warning  Delete `␍`                                                                             prettier/prettier
   56:27  warning  Delete `␍`                                                                             prettier/prettier
   57:2   warning  Delete `␍`                                                                             prettier/prettier
   58:7   warning  Delete `␍`                                                                             prettier/prettier
   59:23  warning  Delete `␍`                                                                             prettier/prettier
   60:23  warning  Delete `␍`                                                                             prettier/prettier
   61:19  warning  Delete `␍`                                                                             prettier/prettier
   62:20  warning  Delete `␍`                                                                             prettier/prettier
   63:2   warning  Delete `␍`                                                                             prettier/prettier
   64:11  warning  Delete `␍`                                                                             prettier/prettier
   65:17  warning  Delete `␍`                                                                             prettier/prettier
   66:13  warning  Delete `␍`                                                                             prettier/prettier
   67:2   warning  Delete `␍`                                                                             prettier/prettier
   68:11  warning  Delete `␍`                                                                             prettier/prettier
   69:26  warning  Delete `␍`                                                                             prettier/prettier
   70:23  warning  Delete `␍`                                                                             prettier/prettier
   71:16  warning  Delete `␍`                                                                             prettier/prettier
   72:22  warning  Delete `␍`                                                                             prettier/prettier
   73:24  warning  Delete `␍`                                                                             prettier/prettier
   74:36  warning  Delete `␍`                                                                             prettier/prettier
   75:20  warning  Delete `␍`                                                                             prettier/prettier
   76:19  warning  Delete `␍`                                                                             prettier/prettier
   77:19  warning  Delete `␍`                                                                             prettier/prettier
   78:37  warning  Delete `␍`                                                                             prettier/prettier
   79:2   warning  Delete `␍`                                                                             prettier/prettier
   80:17  warning  Replace `·background:·var(--persimmon);·}␍` with `⏎··background:·var(--persimmon);⏎}`  prettier/prettier
   81:9   warning  Delete `␍`                                                                             prettier/prettier
   82:27  warning  Delete `␍`                                                                             prettier/prettier
   83:33  warning  Delete `␍`                                                                             prettier/prettier
   84:23  warning  Delete `␍`                                                                             prettier/prettier
   85:22  warning  Delete `␍`                                                                             prettier/prettier
   86:24  warning  Delete `␍`                                                                             prettier/prettier
   87:33  warning  Delete `␍`                                                                             prettier/prettier
   88:19  warning  Delete `␍`                                                                             prettier/prettier
   89:19  warning  Delete `␍`                                                                             prettier/prettier
   90:30  warning  Delete `␍`                                                                             prettier/prettier
   91:2   warning  Delete `␍`                                                                             prettier/prettier
   92:15  warning  Delete `␍`                                                                             prettier/prettier
   93:28  warning  Delete `␍`                                                                             prettier/prettier
   94:21  warning  Delete `␍`                                                                             prettier/prettier
   95:2   warning  Delete `␍`                                                                             prettier/prettier
   96:10  warning  Delete `␍`                                                                             prettier/prettier
   97:22  warning  Delete `␍`                                                                             prettier/prettier
   98:17  warning  Delete `␍`                                                                             prettier/prettier
   99:11  warning  Delete `␍`                                                                             prettier/prettier
  100:33  warning  Delete `␍`                                                                             prettier/prettier
  101:21  warning  Delete `␍`                                                                             prettier/prettier
  102:26  warning  Delete `␍`                                                                             prettier/prettier
  103:23  warning  Delete `␍`                                                                             prettier/prettier
  104:2   warning  Delete `␍`                                                                             prettier/prettier
  105:9   warning  Delete `␍`                                                                             prettier/prettier

H:\codex\林家餐厅小程序\family-kitchen-c01\admin\src\views\ai\AiConfig.vue
    1:25  warning  Delete `␍`                                                                                                                                                                                                                                                 prettier/prettier
    2:38  warning  Delete `␍`                                                                                                                                                                                                                                                 prettier/prettier
    3:42  warning  Delete `␍`                                                                                                                                                                                                                                                 prettier/prettier
    4:49  warning  Delete `␍`                                                                                                                                                                                                                                                 prettier/prettier
    5:1   warning  Delete `␍`                                                                                                                                                                                                                                                 prettier/prettier
    6:28  warning  Delete `␍`                                                                                                                                                                                                                                                 prettier/prettier
    7:27  warning  Delete `␍`                                                                                                                                                                                                                                                 prettier/prettier
    8:28  warning  Delete `␍`                                                                                                                                                                                                                                                 prettier/prettier
    9:31  warning  Delete `␍`                                                                                                                                                                                                                                                 prettier/prettier
   10:24  warning  Delete `␍`                                                                                                                                                                                                                                                 prettier/prettier
   11:35  warning  Delete `␍`                                                                                                                                                                                                                                                 prettier/prettier
   12:31  warning  Delete `␍`                                                                                                                                                                                                                                                 prettier/prettier
   13:48  warning  Delete `␍`                                                                                                                                                                                                                                                 prettier/prettier
   14:46  warning  Delete `␍`                                                                                                                                                                                                                                                 prettier/prettier
   15:20  warning  Delete `␍`                                                                                                                                                                                                                                                 prettier/prettier
   16:20  warning  Delete `␍`                                                                                                                                                                                                                                                 prettier/prettier
   17:43  warning  Delete `␍`                                                                                                                                                                                                                                                 prettier/prettier
   18:41  warning  Delete `␍`                                                                                                                                                                                                                                                 prettier/prettier
   19:43  warning  Delete `␍`                                                                                                                                                                                                                                                 prettier/prettier
   20:44  warning  Delete `␍`                                                                                                                                                                                                                                                 prettier/prettier
   21:37  warning  Delete `␍`                                                                                                                                                                                                                                                 prettier/prettier
   22:44  warning  Delete `␍`                                                                                                                                                                                                                                                 prettier/prettier
   23:42  warning  Delete `␍`                                                                                                                                                                                                                                                 prettier/prettier
   24:45  warning  Delete `␍`                                                                                                                                                                                                                                                 prettier/prettier
   25:45  warning  Delete `␍`                                                                                                                                                                                                                                                 prettier/prettier
   26:38  warning  Delete `␍`                                                                                                                                                                                                                                                 prettier/prettier
   27:4   warning  Delete `␍`                                                                                                                                                                                                                                                 prettier/prettier
   28:1   warning  Delete `␍`                                                                                                                                                                                                                                                 prettier/prettier
   29:26  warning  Delete `␍`                                                                                                                                                                                                                                                 prettier/prettier
   30:44  warning  Delete `␍`                                                                                                                                                                                                                                                 prettier/prettier
   31:40  warning  Delete `␍`                                                                                                                                                                                                                                                 prettier/prettier
   32:40  warning  Delete `␍`                                                                                                                                                                                                                                                 prettier/prettier
   33:3   warning  Delete `␍`                                                                                                                                                                                                                                                 prettier/prettier
   34:1   warning  Delete `␍`                                                                                                                                                                                                                                                 prettier/prettier
   35:69  warning  Delete `␍`                                                                                                                                                                                                                                                 prettier/prettier
   36:1   warning  Delete `␍`                                                                                                                                                                                                                                                 prettier/prettier
   37:24  warning  Delete `␍`                                                                                                                                                                                                                                                 prettier/prettier
   38:24  warning  Delete `␍`                                                                                                                                                                                                                                                 prettier/prettier
   39:8   warning  Delete `␍`                                                                                                                                                                                                                                                 prettier/prettier
   40:44  warning  Delete `␍`                                                                                                                                                                                                                                                 prettier/prettier
   41:12  warning  Delete `␍`                                                                                                                                                                                                                                                 prettier/prettier
   42:35  warning  Delete `␍`                                                                                                                                                                                                                                                 prettier/prettier
   43:14  warning  Delete `␍`                                                                                                                                                                                                                                                 prettier/prettier
   44:27  warning  Delete `␍`                                                                                                                                                                                                                                                 prettier/prettier
   45:4   warning  Delete `␍`                                                                                                                                                                                                                                                 prettier/prettier
   46:2   warning  Delete `␍`                                                                                                                                                                                                                                                 prettier/prettier
   47:1   warning  Delete `␍`                                                                                                                                                                                                                                                 prettier/prettier
   48:24  warning  Delete `␍`                                                                                                                                                                                                                                                 prettier/prettier
   49:23  warning  Delete `␍`                                                                                                                                                                                                                                                 prettier/prettier
   50:8   warning  Delete `␍`                                                                                                                                                                                                                                                 prettier/prettier
   51:53  warning  Delete `␍`                                                                                                                                                                                                                                                 prettier/prettier
   52:35  warning  Delete `␍`                                                                                                                                                                                                                                                 prettier/prettier
   53:12  warning  Delete `␍`                                                                                                                                                                                                                                                 prettier/prettier
   54:29  warning  Delete `␍`                                                                                                                                                                                                                                                 prettier/prettier
   55:14  warning  Delete `␍`                                                                                                                                                                                                                                                 prettier/prettier
   56:26  warning  Delete `␍`                                                                                                                                                                                                                                                 prettier/prettier
   57:4   warning  Delete `␍`                                                                                                                                                                                                                                                 prettier/prettier
   58:2   warning  Delete `␍`                                                                                                                                                                                                                                                 prettier/prettier
   59:1   warning  Delete `␍`                                                                                                                                                                                                                                                 prettier/prettier
   60:34  warning  Delete `␍`                                                                                                                                                                                                                                                 prettier/prettier
   61:24  warning  Delete `␍`                                                                                                                                                                                                                                                 prettier/prettier
   62:27  warning  Delete `␍`                                                                                                                                                                                                                                                 prettier/prettier
   63:8   warning  Delete `␍`                                                                                                                                                                                                                                                 prettier/prettier
   64:74  warning  Delete `␍`                                                                                                                                                                                                                                                 prettier/prettier
   65:31  warning  Delete `␍`                                                                                                                                                                                                                                                 prettier/prettier
   66:63  warning  Delete `␍`                                                                                                                                                                                                                                                 prettier/prettier
   67:13  warning  Delete `␍`                                                                                                                                                                                                                                                 prettier/prettier
   68:46  warning  Delete `␍`                                                                                                                                                                                                                                                 prettier/prettier
   69:6   warning  Delete `␍`                                                                                                                                                                                                                                                 prettier/prettier
   70:12  warning  Delete `␍`                                                                                                                                                                                                                                                 prettier/prettier
   71:31  warning  Delete `␍`                                                                                                                                                                                                                                                 prettier/prettier
   72:14  warning  Delete `␍`                                                                                                                                                                                                                                                 prettier/prettier
   73:27  warning  Delete `␍`                                                                                                                                                                                                                                                 prettier/prettier
   74:4   warning  Delete `␍`                                                                                                                                                                                                                                                 prettier/prettier
   75:2   warning  Delete `␍`                                                                                                                                                                                                                                                 prettier/prettier
   76:1   warning  Delete `␍`                                                                                                                                                                                                                                                 prettier/prettier
   77:17  warning  Delete `␍`                                                                                                                                                                                                                                                 prettier/prettier
   78:10  warning  Delete `␍`                                                                                                                                                                                                                                                 prettier/prettier
   79:1   warning  Delete `␍`                                                                                                                                                                                                                                                 prettier/prettier
   80:11  warning  Delete `␍`                                                                                                                                                                                                                                                 prettier/prettier
   81:41  warning  Delete `␍`                                                                                                                                                                                                                                                 prettier/prettier
   82:26  warning  Delete `␍`                                                                                                                                                                                                                                                 prettier/prettier
   83:27  warning  Delete `␍`                                                                                                                                                                                                                                                 prettier/prettier
   84:52  warning  Delete `␍`                                                                                                                                                                                                                                                 prettier/prettier
   85:59  warning  Delete `␍`                                                                                                                                                                                                                                                 prettier/prettier
   86:72  warning  Delete `␍`                                                                                                                                                                                                                                                 prettier/prettier
   87:13  warning  Delete `␍`                                                                                                                                                                                                                                                 prettier/prettier
   88:27  warning  Delete `␍`                                                                                                                                                                                                                                                 prettier/prettier
   89:79  warning  Delete `␍`                                                                                                                                                                                                                                                 prettier/prettier
   90:44  warning  Delete `␍`                                                                                                                                                                                                                                                 prettier/prettier
   91:18  warning  Delete `␍`                                                                                                                                                                                                                                                 prettier/prettier
   92:13  warning  Delete `␍`                                                                                                                                                                                                                                                 prettier/prettier
   93:14  warning  Delete `␍`                                                                                                                                                                                                                                                 prettier/prettier
   94:1   warning  Delete `␍`                                                                                                                                                                                                                                                 prettier/prettier
   95:9   warning  Replace `·v-if="testResult"·class="test-result"·:class="{·success:·testResult.ok,·fail:·!testResult.ok·}">␍` with `⏎······v-if="testResult"⏎······class="test-result"⏎······:class="{·success:·testResult.ok,·fail:·!testResult.ok·}"⏎····>`               prettier/prettier
   96:9   warning  Replace `·testResult.ok·?·`连接成功···模型:·${testResult.model}`·:·'连接失败···请检查·API·Key·环境变量'·}}␍` with `⏎········testResult.ok⏎··········?·`连接成功···模型:·${testResult.model}`⏎··········:·'连接失败···请检查·API·Key·环境变量'⏎······}}`                                      prettier/prettier
   97:11  warning  Delete `␍`                                                                                                                                                                                                                                                 prettier/prettier
   98:1   warning  Delete `␍`                                                                                                                                                                                                                                                 prettier/prettier
   99:25  warning  Delete `␍`                                                                                                                                                                                                                                                 prettier/prettier
  100:30  warning  Delete `␍`                                                                                                                                                                                                                                                 prettier/prettier
  101:49  warning  Delete `␍`                                                                                                                                                                                                                                                 prettier/prettier
  102:30  warning  Delete `␍`                                                                                                                                                                                                                                                 prettier/prettier
  103:32  warning  Delete `␍`                                                                                                                                                                                                                                                 prettier/prettier
  104:37  warning  Delete `␍`                                                                                                                                                                                                                                                 prettier/prettier
  105:48  warning  Delete `␍`                                                                                                                                                                                                                                                 prettier/prettier
  106:23  warning  Replace `·v-for="p·in·providerOptions"·:key="p.value"·:value="p.value"·:label="p.label"·/>␍` with `⏎··············v-for="p·in·providerOptions"⏎··············:key="p.value"⏎··············:value="p.value"⏎··············:label="p.label"⏎············/>`  prettier/prettier
  107:23  warning  Delete `␍`                                                                                                                                                                                                                                                 prettier/prettier
  108:15  warning  Delete `␍`                                                                                                                                                                                                                                                 prettier/prettier
  109:32  warning  Delete `␍`                                                                                                                                                                                                                                                 prettier/prettier
  110:37  warning  Delete `␍`                                                                                                                                                                                                                                                 prettier/prettier
  111:55  warning  Delete `␍`                                                                                                                                                                                                                                                 prettier/prettier
  112:15  warning  Delete `␍`                                                                                                                                                                                                                                                 prettier/prettier
  113:32  warning  Delete `␍`                                                                                                                                                                                                                                                 prettier/prettier
  114:35  warning  Delete `␍`                                                                                                                                                                                                                                                 prettier/prettier
  115:53  warning  Delete `␍`                                                                                                                                                                                                                                                 prettier/prettier
  116:15  warning  Delete `␍`                                                                                                                                                                                                                                                 prettier/prettier
  117:32  warning  Delete `␍`                                                                                                                                                                                                                                                 prettier/prettier
  118:41  warning  Delete `␍`                                                                                                                                                                                                                                                 prettier/prettier
  119:56  warning  Delete `␍`                                                                                                                                                                                                                                                 prettier/prettier
  120:15  warning  Delete `␍`                                                                                                                                                                                                                                                 prettier/prettier
  121:32  warning  Delete `␍`                                                                                                                                                                                                                                                 prettier/prettier
  122:35  warning  Delete `␍`                                                                                                                                                                                                                                                 prettier/prettier
  123:53  warning  Delete `␍`                                                                                                                                                                                                                                                 prettier/prettier
  124:15  warning  Delete `␍`                                                                                                                                                                                                                                                 prettier/prettier
  125:32  warning  Delete `␍`                                                                                                                                                                                                                                                 prettier/prettier
  126:34  warning  Delete `␍`                                                                                                                                                                                                                                                 prettier/prettier
  127:89  warning  Delete `␍`                                                                                                                                                                                                                                                 prettier/prettier
  128:15  warning  Delete `␍`                                                                                                                                                                                                                                                 prettier/prettier
  129:32  warning  Delete `␍`                                                                                                                                                                                                                                                 prettier/prettier
  130:34  warning  Delete `␍`                                                                                                                                                                                                                                                 prettier/prettier
  131:93  warning  Delete `␍`                                                                                                                                                                                                                                                 prettier/prettier
  132:15  warning  Delete `␍`                                                                                                                                                                                                                                                 prettier/prettier
  133:13  warning  Delete `␍`                                                                                                                                                                                                                                                 prettier/prettier
  134:23  warning  Replace `API·Key·通过环境变量·DEEPSEEK_API_KEY·/·OPENAI_API_KEY·/·CLAUDE_API_KEY·配置，此处不可查看。</p>␍` with `⏎········API·Key·通过环境变量·DEEPSEEK_API_KEY·/·OPENAI_API_KEY·/·CLAUDE_API_KEY·配置，此处不可查看。⏎······</p>`                                                        prettier/prettier
  135:15  warning  Delete `␍`                                                                                                                                                                                                                                                 prettier/prettier
  136:1   warning  Delete `␍`                                                                                                                                                                                                                                                 prettier/prettier
  137:18  warning  Delete `␍`                                                                                                                                                                                                                                                 prettier/prettier
  138:30  warning  Delete `␍`                                                                                                                                                                                                                                                 prettier/prettier
  139:42  warning  Delete `␍`                                                                                                                                                                                                                                                 prettier/prettier
  140:32  warning  Delete `␍`                                                                                                                                                                                                                                                 prettier/prettier
  141:34  warning  Delete `␍`                                                                                                                                                                                                                                                 prettier/prettier
  142:75  warning  Delete `␍`                                                                                                                                                                                                                                                 prettier/prettier
  143:28  warning  Delete `␍`                                                                                                                                                                                                                                                 prettier/prettier
  144:15  warning  Delete `␍`                                                                                                                                                                                                                                                 prettier/prettier
  145:34  warning  Delete `␍`                                                                                                                                                                                                                                                 prettier/prettier
  146:73  warning  Delete `␍`                                                                                                                                                                                                                                                 prettier/prettier
  147:28  warning  Delete `␍`                                                                                                                                                                                                                                                 prettier/prettier
  148:15  warning  Delete `␍`                                                                                                                                                                                                                                                 prettier/prettier
  149:34  warning  Delete `␍`                                                                                                                                                                                                                                                 prettier/prettier
  150:75  warning  Delete `␍`                                                                                                                                                                                                                                                 prettier/prettier
  151:28  warning  Delete `␍`                                                                                                                                                                                                                                                 prettier/prettier
  152:15  warning  Delete `␍`                                                                                                                                                                                                                                                 prettier/prettier
  153:34  warning  Delete `␍`                                                                                                                                                                                                                                                 prettier/prettier
  154:76  warning  Delete `␍`                                                                                                                                                                                                                                                 prettier/prettier
  155:28  warning  Delete `␍`                                                                                                                                                                                                                                                 prettier/prettier
  156:15  warning  Delete `␍`                                                                                                                                                                                                                                                 prettier/prettier
  157:34  warning  Delete `␍`                                                                                                                                                                                                                                                 prettier/prettier
  158:69  warning  Delete `␍`                                                                                                                                                                                                                                                 prettier/prettier
  159:28  warning  Delete `␍`                                                                                                                                                                                                                                                 prettier/prettier
  160:15  warning  Delete `␍`                                                                                                                                                                                                                                                 prettier/prettier
  161:13  warning  Delete `␍`                                                                                                                                                                                                                                                 prettier/prettier
  162:15  warning  Delete `␍`                                                                                                                                                                                                                                                 prettier/prettier
  163:1   warning  Delete `␍`                                                                                                                                                                                                                                                 prettier/prettier
  164:18  warning  Delete `␍`                                                                                                                                                                                                                                                 prettier/prettier
  165:30  warning  Delete `␍`                                                                                                                                                                                                                                                 prettier/prettier
  166:48  warning  Delete `␍`                                                                                                                                                                                                                                                 prettier/prettier
  167:30  warning  Delete `␍`                                                                                                                                                                                                                                                 prettier/prettier
  168:32  warning  Delete `␍`                                                                                                                                                                                                                                                 prettier/prettier
  169:30  warning  Delete `␍`                                                                                                                                                                                                                                                 prettier/prettier
  170:27  warning  Replace `·v-model="config.RATE_LIMIT_RECIPE_GENERATION_PER_DAY"·:min="1"·:max="1000"·/>␍` with `⏎············v-model="config.RATE_LIMIT_RECIPE_GENERATION_PER_DAY"⏎············:min="1"⏎············:max="1000"⏎··········/>`                              prettier/prettier
  171:15  warning  Delete `␍`                                                                                                                                                                                                                                                 prettier/prettier
  172:32  warning  Delete `␍`                                                                                                                                                                                                                                                 prettier/prettier
  173:30  warning  Delete `␍`                                                                                                                                                                                                                                                 prettier/prettier
  174:27  warning  Replace `·v-model="config.RATE_LIMIT_SMART_RECOMMEND_PER_DAY"·:min="1"·:max="1000"·/>␍` with `⏎············v-model="config.RATE_LIMIT_SMART_RECOMMEND_PER_DAY"⏎············:min="1"⏎············:max="1000"⏎··········/>`                                  prettier/prettier
  175:15  warning  Delete `␍`                                                                                                                                                                                                                                                 prettier/prettier
  176:32  warning  Delete `␍`                                                                                                                                                                                                                                                 prettier/prettier
  177:30  warning  Delete `␍`                                                                                                                                                                                                                                                 prettier/prettier
  178:27  warning  Replace `·v-model="config.RATE_LIMIT_COOKING_ASSISTANT_PER_DAY"·:min="1"·:max="1000"·/>␍` with `⏎············v-model="config.RATE_LIMIT_COOKING_ASSISTANT_PER_DAY"⏎············:min="1"⏎············:max="1000"⏎··········/>`                              prettier/prettier
  179:15  warning  Delete `␍`                                                                                                                                                                                                                                                 prettier/prettier
  180:32  warning  Delete `␍`                                                                                                                                                                                                                                                 prettier/prettier
  181:30  warning  Delete `␍`                                                                                                                                                                                                                                                 prettier/prettier
  182:27  warning  Replace `·v-model="config.RATE_LIMIT_NUTRITION_ANALYSIS_PER_DAY"·:min="1"·:max="1000"·/>␍` with `⏎············v-model="config.RATE_LIMIT_NUTRITION_ANALYSIS_PER_DAY"⏎············:min="1"⏎············:max="1000"⏎··········/>`                            prettier/prettier
  183:15  warning  Delete `␍`                                                                                                                                                                                                                                                 prettier/prettier
  184:32  warning  Delete `␍`                                                                                                                                                                                                                                                 prettier/prettier
  185:30  warning  Delete `␍`                                                                                                                                                                                                                                                 prettier/prettier
  186:99  warning  Delete `␍`                                                                                                                                                                                                                                                 prettier/prettier
  187:15  warning  Delete `␍`                                                                                                                                                                                                                                                 prettier/prettier
  188:13  warning  Delete `␍`                                                                                                                                                                                                                                                 prettier/prettier
  189:15  warning  Delete `␍`                                                                                                                                                                                                                                                 prettier/prettier
  190:1   warning  Delete `␍`                                                                                                                                                                                                                                                 prettier/prettier
  191:26  warning  Delete `␍`                                                                                                                                                                                                                                                 prettier/prettier
  192:81  warning  Delete `␍`                                                                                                                                                                                                                                                 prettier/prettier
  193:11  warning  Delete `␍`                                                                                                                                                                                                                                                 prettier/prettier
  194:9   warning  Delete `␍`                                                                                                                                                                                                                                                 prettier/prettier
  195:12  warning  Delete `␍`                                                                                                                                                                                                                                                 prettier/prettier
  196:1   warning  Delete `␍`                                                                                                                                                                                                                                                 prettier/prettier
  197:15  warning  Delete `␍`                                                                                                                                                                                                                                                 prettier/prettier
  198:8   warning  Delete `␍`                                                                                                                                                                                                                                                 prettier/prettier
  199:17  warning  Delete `␍`                                                                                                                                                                                                                                                 prettier/prettier
  200:26  warning  Delete `␍`                                                                                                                                                                                                                                                 prettier/prettier
  201:13  warning  Delete `␍`                                                                                                                                                                                                                                                 prettier/prettier
  202:2   warning  Delete `␍`                                                                                                                                                                                                                                                 prettier/prettier
  203:1   warning  Delete `␍`                                                                                                                                                                                                                                                 prettier/prettier
  204:8   warning  Delete `␍`                                                                                                                                                                                                                                                 prettier/prettier
  205:17  warning  Delete `␍`                                                                                                                                                                                                                                                 prettier/prettier
  206:34  warning  Delete `␍`                                                                                                                                                                                                                                                 prettier/prettier
  207:25  warning  Delete `␍`                                                                                                                                                                                                                                                 prettier/prettier
  208:13  warning  Delete `␍`                                                                                                                                                                                                                                                 prettier/prettier
  209:2   warning  Delete `␍`                                                                                                                                                                                                                                                 prettier/prettier
  210:10  warning  Replace `·max-width:·640px;·}␍` with `⏎··max-width:·640px;⏎}`                                                                                                                                                                                              prettier/prettier
  211:11  warning  Delete `␍`                                                                                                                                                                                                                                                 prettier/prettier
  212:33  warning  Delete `␍`                                                                                                                                                                                                                                                 prettier/prettier
  213:19  warning  Delete `␍`                                                                                                                                                                                                                                                 prettier/prettier
  214:26  warning  Delete `␍`                                                                                                                                                                                                                                                 prettier/prettier
  215:27  warning  Delete `␍`                                                                                                                                                                                                                                                 prettier/prettier
  216:20  warning  Delete `␍`                                                                                                                                                                                                                                                 prettier/prettier
  217:23  warning  Delete `␍`                                                                                                                                                                                                                                                 prettier/prettier
  218:2   warning  Delete `␍`                                                                                                                                                                                                                                                 prettier/prettier
  219:14  warning  Delete `␍`                                                                                                                                                                                                                                                 prettier/prettier
  220:36  warning  Delete `␍`                                                                                                                                                                                                                                                 prettier/prettier
  221:20  warning  Delete `␍`                                                                                                                                                                                                                                                 prettier/prettier
  222:39  warning  Delete `␍`                                                                                                                                                                                                                                                 prettier/prettier
  223:21  warning  Delete `␍`                                                                                                                                                                                                                                                 prettier/prettier
  224:28  warning  Delete `␍`                                                                                                                                                                                                                                                 prettier/prettier
  225:13  warning  Delete `␍`                                                                                                                                                                                                                                                 prettier/prettier
  226:21  warning  Delete `␍`                                                                                                                                                                                                                                                 prettier/prettier
  227:2   warning  Delete `␍`                                                                                                                                                                                                                                                 prettier/prettier
  228:17  warning  Delete `␍`                                                                                                                                                                                                                                                 prettier/prettier
  229:22  warning  Delete `␍`                                                                                                                                                                                                                                                 prettier/prettier
  230:20  warning  Delete `␍`                                                                                                                                                                                                                                                 prettier/prettier
  231:27  warning  Delete `␍`                                                                                                                                                                                                                                                 prettier/prettier
  232:2   warning  Delete `␍`                                                                                                                                                                                                                                                 prettier/prettier
  233:12  warning  Delete `␍`                                                                                                                                                                                                                                                 prettier/prettier
  234:20  warning  Delete `␍`                                                                                                                                                                                                                                                 prettier/prettier
  235:23  warning  Delete `␍`                                                                                                                                                                                                                                                 prettier/prettier
  236:19  warning  Delete `␍`                                                                                                                                                                                                                                                 prettier/prettier
  237:20  warning  Delete `␍`                                                                                                                                                                                                                                                 prettier/prettier
  238:2   warning  Delete `␍`                                                                                                                                                                                                                                                 prettier/prettier
  239:1   warning  Delete `␍`                                                                                                                                                                                                                                                 prettier/prettier
  240:13  warning  Delete `␍`                                                                                                                                                                                                                                                 prettier/prettier
  241:27  warning  Delete `␍`                                                                                                                                                                                                                                                 prettier/prettier
  242:33  warning  Delete `␍`                                                                                                                                                                                                                                                 prettier/prettier
  243:23  warning  Delete `␍`                                                                                                                                                                                                                                                 prettier/prettier
  244:21  warning  Delete `␍`                                                                                                                                                                                                                                                 prettier/prettier
  245:24  warning  Delete `␍`                                                                                                                                                                                                                                                 prettier/prettier
  246:21  warning  Delete `␍`                                                                                                                                                                                                                                                 prettier/prettier
  247:33  warning  Delete `␍`                                                                                                                                                                                                                                                 prettier/prettier
  248:19  warning  Delete `␍`                                                                                                                                                                                                                                                 prettier/prettier
  249:30  warning  Delete `␍`                                                                                                                                                                                                                                                 prettier/prettier
  250:2   warning  Delete `␍`                                                                                                                                                                                                                                                 prettier/prettier
  251:19  warning  Replace `·border-color:·var(--persimmon);·color:·var(--persimmon);·}␍` with `⏎··border-color:·var(--persimmon);⏎··color:·var(--persimmon);⏎}`                                                                                                              prettier/prettier
  252:22  warning  Replace `·opacity:·0.5;·cursor:·not-allowed;·}␍` with `⏎··opacity:·0.5;⏎··cursor:·not-allowed;⏎}`                                                                                                                                                          prettier/prettier
  253:1   warning  Delete `␍`                                                                                                                                                                                                                                                 prettier/prettier
  254:15  warning  Delete `␍`                                                                                                                                                                                                                                                 prettier/prettier
  255:22  warning  Delete `␍`                                                                                                                                                                                                                                                 prettier/prettier
  256:22  warning  Delete `␍`                                                                                                                                                                                                                                                 prettier/prettier
  257:19  warning  Delete `␍`                                                                                                                                                                                                                                                 prettier/prettier
  258:33  warning  Delete `␍`                                                                                                                                                                                                                                                 prettier/prettier
  259:2   warning  Delete `␍`                                                                                                                                                                                                                                                 prettier/prettier
  260:23  warning  Replace `·background:·#f0f9eb;·color:·#67c23a;·border:·1px·solid·#e1f3d8;·}␍` with `⏎··background:·#f0f9eb;⏎··color:·#67c23a;⏎··border:·1px·solid·#e1f3d8;⏎}`                                                                                              prettier/prettier
  261:20  warning  Replace `·background:·#fef0f0;·color:·#f56c6c;·border:·1px·solid·#fde2e2;·}␍` with `⏎··background:·#fef0f0;⏎··color:·#f56c6c;⏎··border:·1px·solid·#fde2e2;⏎}`                                                                                              prettier/prettier
  262:1   warning  Delete `␍`                                                                                                                                                                                                                                                 prettier/prettier
  263:11  warning  Delete `␍`                                                                                                                                                                                                                                                 prettier/prettier
  264:30  warning  Delete `␍`                                                                                                                                                                                                                                                 prettier/prettier
  265:33  warning  Delete `␍`                                                                                                                                                                                                                                                 prettier/prettier
  266:23  warning  Delete `␍`                                                                                                                                                                                                                                                 prettier/prettier
  267:22  warning  Delete `␍`                                                                                                                                                                                                                                                 prettier/prettier
  268:2   warning  Delete `␍`                                                                                                                                                                                                                                                 prettier/prettier
  269:17  warning  Delete `␍`                                                                                                                                                                                                                                                 prettier/prettier
  270:36  warning  Delete `␍`                                                                                                                                                                                                                                                 prettier/prettier
  271:19  warning  Delete `␍`                                                                                                                                                                                                                                                 prettier/prettier
  272:20  warning  Delete `␍`                                                                                                                                                                                                                                                 prettier/prettier
  273:21  warning  Delete `␍`                                                                                                                                                                                                                                                 prettier/prettier
  274:20  warning  Delete `␍`                                                                                                                                                                                                                                                 prettier/prettier
  275:2   warning  Delete `␍`                                                                                                                                                                                                                                                 prettier/prettier
  276:1   warning  Delete `␍`                                                                                                                                                                                                                                                 prettier/prettier
  277:13  warning  Delete `␍`                                                                                                                                                                                                                                                 prettier/prettier
  278:17  warning  Delete `␍`                                                                                                                                                                                                                                                 prettier/prettier
  279:64  warning  Delete `␍`                                                                                                                                                                                                                                                 prettier/prettier
  280:13  warning  Delete `␍`                                                                                                                                                                                                                                                 prettier/prettier
  281:2   warning  Delete `␍`                                                                                                                                                                                                                                                 prettier/prettier
  282:13  warning  Delete `␍`                                                                                                                                                                                                                                                 prettier/prettier
  283:17  warning  Delete `␍`                                                                                                                                                                                                                                                 prettier/prettier
  284:26  warning  Delete `␍`                                                                                                                                                                                                                                                 prettier/prettier
  285:12  warning  Delete `␍`                                                                                                                                                                                                                                                 prettier/prettier
  286:2   warning  Delete `␍`                                                                                                                                                                                                                                                 prettier/prettier
  287:19  warning  Delete `␍`                                                                                                                                                                                                                                                 prettier/prettier
  288:19  warning  Delete `␍`                                                                                                                                                                                                                                                 prettier/prettier
  289:23  warning  Delete `␍`                                                                                                                                                                                                                                                 prettier/prettier
  290:33  warning  Delete `␍`                                                                                                                                                                                                                                                 prettier/prettier
  291:26  warning  Delete `␍`                                                                                                                                                                                                                                                 prettier/prettier
  292:2   warning  Delete `␍`                                                                                                                                                                                                                                                 prettier/prettier
  293:1   warning  Delete `␍`                                                                                                                                                                                                                                                 prettier/prettier
  294:15  warning  Delete `␍`                                                                                                                                                                                                                                                 prettier/prettier
  295:17  warning  Delete `␍`                                                                                                                                                                                                                                                 prettier/prettier
  296:19  warning  Delete `␍`                                                                                                                                                                                                                                                 prettier/prettier
  297:13  warning  Delete `␍`                                                                                                                                                                                                                                                 prettier/prettier
  298:2   warning  Delete `␍`                                                                                                                                                                                                                                                 prettier/prettier
  299:15  warning  Delete `␍`                                                                                                                                                                                                                                                 prettier/prettier
  300:17  warning  Delete `␍`                                                                                                                                                                                                                                                 prettier/prettier
  301:23  warning  Delete `␍`                                                                                                                                                                                                                                                 prettier/prettier
  302:12  warning  Delete `␍`                                                                                                                                                                                                                                                 prettier/prettier
  303:19  warning  Delete `␍`                                                                                                                                                                                                                                                 prettier/prettier
  304:21  warning  Delete `␍`                                                                                                                                                                                                                                                 prettier/prettier
  305:2   warning  Delete `␍`                                                                                                                                                                                                                                                 prettier/prettier
  306:1   warning  Delete `␍`                                                                                                                                                                                                                                                 prettier/prettier
  307:8   warning  Delete `␍`                                                                                                                                                                                                                                                 prettier/prettier
  308:20  warning  Delete `␍`                                                                                                                                                                                                                                                 prettier/prettier
  309:19  warning  Delete `␍`                                                                                                                                                                                                                                                 prettier/prettier
  310:23  warning  Delete `␍`                                                                                                                                                                                                                                                 prettier/prettier
  311:22  warning  Delete `␍`                                                                                                                                                                                                                                                 prettier/prettier
  312:2   warning  Delete `␍`                                                                                                                                                                                                                                                 prettier/prettier
  313:1   warning  Delete `␍`                                                                                                                                                                                                                                                 prettier/prettier
  314:11  warning  Delete `␍`                                                                                                                                                                                                                                                 prettier/prettier
  315:17  warning  Delete `␍`                                                                                                                                                                                                                                                 prettier/prettier
  316:29  warning  Delete `␍`                                                                                                                                                                                                                                                 prettier/prettier
  317:20  warning  Delete `␍`                                                                                                                                                                                                                                                 prettier/prettier
  318:2   warning  Delete `␍`                                                                                                                                                                                                                                                 prettier/prettier
  319:9   warning  Delete `␍`                                                                                                                                                                                                                                                 prettier/prettier

H:\codex\林家餐厅小程序\family-kitchen-c01\admin\src\views\ai\AiUsage.vue
    1:25  warning  Delete `␍`                                                                                                                                                                                                                  prettier/prettier
    2:38  warning  Delete `␍`                                                                                                                                                                                                                  prettier/prettier
    3:42  warning  Delete `␍`                                                                                                                                                                                                                  prettier/prettier
    4:70  warning  Delete `␍`                                                                                                                                                                                                                  prettier/prettier
    5:1   warning  Delete `␍`                                                                                                                                                                                                                  prettier/prettier
    6:28  warning  Delete `␍`                                                                                                                                                                                                                  prettier/prettier
    7:46  warning  Delete `␍`                                                                                                                                                                                                                  prettier/prettier
    8:36  warning  Delete `␍`                                                                                                                                                                                                                  prettier/prettier
    9:22  warning  Delete `␍`                                                                                                                                                                                                                  prettier/prettier
   10:21  warning  Delete `␍`                                                                                                                                                                                                                  prettier/prettier
   11:26  warning  Delete `␍`                                                                                                                                                                                                                  prettier/prettier
   12:22  warning  Delete `␍`                                                                                                                                                                                                                  prettier/prettier
   13:1   warning  Delete `␍`                                                                                                                                                                                                                  prettier/prettier
   14:29  warning  Delete `␍`                                                                                                                                                                                                                  prettier/prettier
   15:8   warning  Delete `␍`                                                                                                                                                                                                                  prettier/prettier
   16:57  warning  Delete `␍`                                                                                                                                                                                                                  prettier/prettier
   17:12  warning  Delete `␍`                                                                                                                                                                                                                  prettier/prettier
   18:31  warning  Delete `␍`                                                                                                                                                                                                                  prettier/prettier
   19:4   warning  Delete `␍`                                                                                                                                                                                                                  prettier/prettier
   20:2   warning  Delete `␍`                                                                                                                                                                                                                  prettier/prettier
   21:1   warning  Delete `␍`                                                                                                                                                                                                                  prettier/prettier
   22:28  warning  Delete `␍`                                                                                                                                                                                                                  prettier/prettier
   23:24  warning  Delete `␍`                                                                                                                                                                                                                  prettier/prettier
   24:8   warning  Delete `␍`                                                                                                                                                                                                                  prettier/prettier
   25:90  warning  Delete `␍`                                                                                                                                                                                                                  prettier/prettier
   26:44  warning  Delete `␍`                                                                                                                                                                                                                  prettier/prettier
   27:29  warning  Delete `␍`                                                                                                                                                                                                                  prettier/prettier
   28:12  warning  Delete `␍`                                                                                                                                                                                                                  prettier/prettier
   29:31  warning  Delete `␍`                                                                                                                                                                                                                  prettier/prettier
   30:14  warning  Delete `␍`                                                                                                                                                                                                                  prettier/prettier
   31:27  warning  Delete `␍`                                                                                                                                                                                                                  prettier/prettier
   32:4   warning  Delete `␍`                                                                                                                                                                                                                  prettier/prettier
   33:2   warning  Delete `␍`                                                                                                                                                                                                                  prettier/prettier
   34:1   warning  Delete `␍`                                                                                                                                                                                                                  prettier/prettier
   35:35  warning  Delete `␍`                                                                                                                                                                                                                  prettier/prettier
   36:18  warning  Delete `␍`                                                                                                                                                                                                                  prettier/prettier
   37:14  warning  Delete `␍`                                                                                                                                                                                                                  prettier/prettier
   38:2   warning  Delete `␍`                                                                                                                                                                                                                  prettier/prettier
   39:1   warning  Delete `␍`                                                                                                                                                                                                                  prettier/prettier
   40:18  warning  Delete `␍`                                                                                                                                                                                                                  prettier/prettier
   41:15  warning  Delete `␍`                                                                                                                                                                                                                  prettier/prettier
   42:14  warning  Delete `␍`                                                                                                                                                                                                                  prettier/prettier
   43:4   warning  Delete `␍`                                                                                                                                                                                                                  prettier/prettier
   44:10  warning  Delete `␍`                                                                                                                                                                                                                  prettier/prettier
   45:1   warning  Delete `␍`                                                                                                                                                                                                                  prettier/prettier
   46:11  warning  Delete `␍`                                                                                                                                                                                                                  prettier/prettier
   47:41  warning  Delete `␍`                                                                                                                                                                                                                  prettier/prettier
   48:26  warning  Delete `␍`                                                                                                                                                                                                                  prettier/prettier
   49:27  warning  Delete `␍`                                                                                                                                                                                                                  prettier/prettier
   50:58  warning  Delete `␍`                                                                                                                                                                                                                  prettier/prettier
   51:59  warning  Delete `␍`                                                                                                                                                                                                                  prettier/prettier
   52:13  warning  Delete `␍`                                                                                                                                                                                                                  prettier/prettier
   53:14  warning  Delete `␍`                                                                                                                                                                                                                  prettier/prettier
   54:1   warning  Delete `␍`                                                                                                                                                                                                                  prettier/prettier
   55:18  warning  Delete `␍`                                                                                                                                                                                                                  prettier/prettier
   56:42  warning  Delete `␍`                                                                                                                                                                                                                  prettier/prettier
   57:30  warning  Delete `␍`                                                                                                                                                                                                                  prettier/prettier
   58:61  warning  Delete `␍`                                                                                                                                                                                                                  prettier/prettier
   59:44  warning  Delete `␍`                                                                                                                                                                                                                  prettier/prettier
   60:13  warning  Delete `␍`                                                                                                                                                                                                                  prettier/prettier
   61:30  warning  Delete `␍`                                                                                                                                                                                                                  prettier/prettier
   62:79  warning  Delete `␍`                                                                                                                                                                                                                  prettier/prettier
   63:49  warning  Delete `␍`                                                                                                                                                                                                                  prettier/prettier
   64:13  warning  Delete `␍`                                                                                                                                                                                                                  prettier/prettier
   65:30  warning  Delete `␍`                                                                                                                                                                                                                  prettier/prettier
   66:65  warning  Delete `␍`                                                                                                                                                                                                                  prettier/prettier
   67:43  warning  Delete `␍`                                                                                                                                                                                                                  prettier/prettier
   68:13  warning  Delete `␍`                                                                                                                                                                                                                  prettier/prettier
   69:11  warning  Delete `␍`                                                                                                                                                                                                                  prettier/prettier
   70:1   warning  Delete `␍`                                                                                                                                                                                                                  prettier/prettier
   71:20  warning  Delete `␍`                                                                                                                                                                                                                  prettier/prettier
   72:39  warning  Delete `␍`                                                                                                                                                                                                                  prettier/prettier
   73:42  warning  Delete `␍`                                                                                                                                                                                                                  prettier/prettier
   74:16  warning  Replace `·:data="Object.entries(stats.byFeature).map(([k,·v])·=>·({·feature:·k,·...v·}))"·stripe>␍` with `⏎········:data="Object.entries(stats.byFeature).map(([k,·v])·=>·({·feature:·k,·...v·}))"⏎········stripe⏎······>`  prettier/prettier
   75:54  warning  Delete `␍`                                                                                                                                                                                                                  prettier/prettier
   76:66  warning  Delete `␍`                                                                                                                                                                                                                  prettier/prettier
   77:69  warning  Delete `␍`                                                                                                                                                                                                                  prettier/prettier
   78:84  warning  Delete `␍`                                                                                                                                                                                                                  prettier/prettier
   79:27  warning  Delete `␍`                                                                                                                                                                                                                  prettier/prettier
   80:18  warning  Delete `␍`                                                                                                                                                                                                                  prettier/prettier
   81:11  warning  Delete `␍`                                                                                                                                                                                                                  prettier/prettier
   82:1   warning  Delete `␍`                                                                                                                                                                                                                  prettier/prettier
   83:18  warning  Delete `␍`                                                                                                                                                                                                                  prettier/prettier
   84:26  warning  Delete `␍`                                                                                                                                                                                                                  prettier/prettier
   85:42  warning  Delete `␍`                                                                                                                                                                                                                  prettier/prettier
   86:37  warning  Delete `␍`                                                                                                                                                                                                                  prettier/prettier
   87:66  warning  Delete `␍`                                                                                                                                                                                                                  prettier/prettier
   88:73  warning  Delete `␍`                                                                                                                                                                                                                  prettier/prettier
   89:64  warning  Delete `␍`                                                                                                                                                                                                                  prettier/prettier
   90:73  warning  Delete `␍`                                                                                                                                                                                                                  prettier/prettier
   91:72  warning  Delete `␍`                                                                                                                                                                                                                  prettier/prettier
   92:66  warning  Delete `␍`                                                                                                                                                                                                                  prettier/prettier
   93:97  warning  Delete `␍`                                                                                                                                                                                                                  prettier/prettier
   94:27  warning  Delete `␍`                                                                                                                                                                                                                  prettier/prettier
   95:18  warning  Delete `␍`                                                                                                                                                                                                                  prettier/prettier
   96:31  warning  Delete `␍`                                                                                                                                                                                                                  prettier/prettier
   97:23  warning  Delete `␍`                                                                                                                                                                                                                  prettier/prettier
   98:31  warning  Delete `␍`                                                                                                                                                                                                                  prettier/prettier
   99:32  warning  Delete `␍`                                                                                                                                                                                                                  prettier/prettier
  100:25  warning  Delete `␍`                                                                                                                                                                                                                  prettier/prettier
  101:37  warning  Delete `␍`                                                                                                                                                                                                                  prettier/prettier
  102:41  warning  Delete `␍`                                                                                                                                                                                                                  prettier/prettier
  103:11  warning  Delete `␍`                                                                                                                                                                                                                  prettier/prettier
  104:13  warning  Delete `␍`                                                                                                                                                                                                                  prettier/prettier
  105:11  warning  Delete `␍`                                                                                                                                                                                                                  prettier/prettier
  106:9   warning  Delete `␍`                                                                                                                                                                                                                  prettier/prettier
  107:12  warning  Delete `␍`                                                                                                                                                                                                                  prettier/prettier
  108:1   warning  Delete `␍`                                                                                                                                                                                                                  prettier/prettier
  109:15  warning  Delete `␍`                                                                                                                                                                                                                  prettier/prettier
  110:8   warning  Delete `␍`                                                                                                                                                                                                                  prettier/prettier
  111:17  warning  Delete `␍`                                                                                                                                                                                                                  prettier/prettier
  112:26  warning  Delete `␍`                                                                                                                                                                                                                  prettier/prettier
  113:13  warning  Delete `␍`                                                                                                                                                                                                                  prettier/prettier
  114:2   warning  Delete `␍`                                                                                                                                                                                                                  prettier/prettier
  115:1   warning  Delete `␍`                                                                                                                                                                                                                  prettier/prettier
  116:8   warning  Delete `␍`                                                                                                                                                                                                                  prettier/prettier
  117:17  warning  Delete `␍`                                                                                                                                                                                                                  prettier/prettier
  118:34  warning  Delete `␍`                                                                                                                                                                                                                  prettier/prettier
  119:25  warning  Delete `␍`                                                                                                                                                                                                                  prettier/prettier
  120:2   warning  Delete `␍`                                                                                                                                                                                                                  prettier/prettier
  121:11  warning  Delete `␍`                                                                                                                                                                                                                  prettier/prettier
  122:33  warning  Delete `␍`                                                                                                                                                                                                                  prettier/prettier
  123:19  warning  Delete `␍`                                                                                                                                                                                                                  prettier/prettier
  124:26  warning  Delete `␍`                                                                                                                                                                                                                  prettier/prettier
  125:27  warning  Delete `␍`                                                                                                                                                                                                                  prettier/prettier
  126:20  warning  Delete `␍`                                                                                                                                                                                                                  prettier/prettier
  127:23  warning  Delete `␍`                                                                                                                                                                                                                  prettier/prettier
  128:2   warning  Delete `␍`                                                                                                                                                                                                                  prettier/prettier
  129:14  warning  Delete `␍`                                                                                                                                                                                                                  prettier/prettier
  130:36  warning  Delete `␍`                                                                                                                                                                                                                  prettier/prettier
  131:20  warning  Delete `␍`                                                                                                                                                                                                                  prettier/prettier
  132:39  warning  Delete `␍`                                                                                                                                                                                                                  prettier/prettier
  133:21  warning  Delete `␍`                                                                                                                                                                                                                  prettier/prettier
  134:13  warning  Delete `␍`                                                                                                                                                                                                                  prettier/prettier
  135:21  warning  Delete `␍`                                                                                                                                                                                                                  prettier/prettier
  136:2   warning  Delete `␍`                                                                                                                                                                                                                  prettier/prettier
  137:17  warning  Delete `␍`                                                                                                                                                                                                                  prettier/prettier
  138:22  warning  Delete `␍`                                                                                                                                                                                                                  prettier/prettier
  139:20  warning  Delete `␍`                                                                                                                                                                                                                  prettier/prettier
  140:27  warning  Delete `␍`                                                                                                                                                                                                                  prettier/prettier
  141:2   warning  Delete `␍`                                                                                                                                                                                                                  prettier/prettier
  142:1   warning  Delete `␍`                                                                                                                                                                                                                  prettier/prettier
  143:14  warning  Delete `␍`                                                                                                                                                                                                                  prettier/prettier
  144:17  warning  Delete `␍`                                                                                                                                                                                                                  prettier/prettier
  145:41  warning  Delete `␍`                                                                                                                                                                                                                  prettier/prettier
  146:13  warning  Delete `␍`                                                                                                                                                                                                                  prettier/prettier
  147:2   warning  Delete `␍`                                                                                                                                                                                                                  prettier/prettier
  148:13  warning  Delete `␍`                                                                                                                                                                                                                  prettier/prettier
  149:30  warning  Delete `␍`                                                                                                                                                                                                                  prettier/prettier
  150:33  warning  Delete `␍`                                                                                                                                                                                                                  prettier/prettier
  151:23  warning  Delete `␍`                                                                                                                                                                                                                  prettier/prettier
  152:22  warning  Delete `␍`                                                                                                                                                                                                                  prettier/prettier
  153:22  warning  Delete `␍`                                                                                                                                                                                                                  prettier/prettier
  154:2   warning  Delete `␍`                                                                                                                                                                                                                  prettier/prettier
  155:14  warning  Delete `␍`                                                                                                                                                                                                                  prettier/prettier
  156:36  warning  Delete `␍`                                                                                                                                                                                                                  prettier/prettier
  157:19  warning  Delete `␍`                                                                                                                                                                                                                  prettier/prettier
  158:20  warning  Delete `␍`                                                                                                                                                                                                                  prettier/prettier
  159:21  warning  Delete `␍`                                                                                                                                                                                                                  prettier/prettier
  160:2   warning  Delete `␍`                                                                                                                                                                                                                  prettier/prettier
  161:14  warning  Delete `␍`                                                                                                                                                                                                                  prettier/prettier
  162:19  warning  Delete `␍`                                                                                                                                                                                                                  prettier/prettier
  163:23  warning  Delete `␍`                                                                                                                                                                                                                  prettier/prettier
  164:19  warning  Delete `␍`                                                                                                                                                                                                                  prettier/prettier
  165:33  warning  Delete `␍`                                                                                                                                                                                                                  prettier/prettier
  166:26  warning  Delete `␍`                                                                                                                                                                                                                  prettier/prettier
  167:2   warning  Delete `␍`                                                                                                                                                                                                                  prettier/prettier
  168:1   warning  Delete `␍`                                                                                                                                                                                                                  prettier/prettier
  169:11  warning  Delete `␍`                                                                                                                                                                                                                  prettier/prettier
  170:30  warning  Delete `␍`                                                                                                                                                                                                                  prettier/prettier
  171:33  warning  Delete `␍`                                                                                                                                                                                                                  prettier/prettier
  172:23  warning  Delete `␍`                                                                                                                                                                                                                  prettier/prettier
  173:22  warning  Delete `␍`                                                                                                                                                                                                                  prettier/prettier
  174:2   warning  Delete `␍`                                                                                                                                                                                                                  prettier/prettier
  175:17  warning  Delete `␍`                                                                                                                                                                                                                  prettier/prettier
  176:36  warning  Delete `␍`                                                                                                                                                                                                                  prettier/prettier
  177:19  warning  Delete `␍`                                                                                                                                                                                                                  prettier/prettier
  178:20  warning  Delete `␍`                                                                                                                                                                                                                  prettier/prettier
  179:21  warning  Delete `␍`                                                                                                                                                                                                                  prettier/prettier
  180:20  warning  Delete `␍`                                                                                                                                                                                                                  prettier/prettier
  181:2   warning  Delete `␍`                                                                                                                                                                                                                  prettier/prettier
  182:1   warning  Delete `␍`                                                                                                                                                                                                                  prettier/prettier
  183:14  warning  Delete `␍`                                                                                                                                                                                                                  prettier/prettier
  184:17  warning  Delete `␍`                                                                                                                                                                                                                  prettier/prettier
  185:27  warning  Delete `␍`                                                                                                                                                                                                                  prettier/prettier
  186:20  warning  Delete `␍`                                                                                                                                                                                                                  prettier/prettier
  187:2   warning  Delete `␍`                                                                                                                                                                                                                  prettier/prettier
  188:9   warning  Delete `␍`                                                                                                                                                                                                                  prettier/prettier

H:\codex\林家餐厅小程序\family-kitchen-c01\admin\src\views\badge\BadgeFormDrawer.vue
    1:25   warning  Delete `␍`                                 prettier/prettier
    2:44   warning  Delete `␍`                                 prettier/prettier
    3:42   warning  Delete `␍`                                 prettier/prettier
    4:53   warning  Delete `␍`                                 prettier/prettier
    5:9    warning  Delete `␍`                                 prettier/prettier
    6:12   warning  Delete `␍`                                 prettier/prettier
    7:20   warning  Delete `␍`                                 prettier/prettier
    8:17   warning  Delete `␍`                                 prettier/prettier
    9:19   warning  Delete `␍`                                 prettier/prettier
   10:15   warning  Delete `␍`                                 prettier/prettier
   11:24   warning  Delete `␍`                                 prettier/prettier
   12:22   warning  Delete `␍`                                 prettier/prettier
   13:1    warning  Delete `␍`                                 prettier/prettier
   14:28   warning  Delete `␍`                                 prettier/prettier
   15:20   warning  Delete `␍`                                 prettier/prettier
   16:33   warning  Delete `␍`                                 prettier/prettier
   17:6    warning  Delete `␍`                                 prettier/prettier
   18:1    warning  Delete `␍`                                 prettier/prettier
   19:27   warning  Delete `␍`                                 prettier/prettier
   20:47   warning  Delete `␍`                                 prettier/prettier
   21:22   warning  Delete `␍`                                 prettier/prettier
   22:6    warning  Delete `␍`                                 prettier/prettier
   23:1    warning  Delete `␍`                                 prettier/prettier
   24:46   warning  Delete `␍`                                 prettier/prettier
   25:27   warning  Delete `␍`                                 prettier/prettier
   26:1    warning  Delete `␍`                                 prettier/prettier
   27:36   warning  Delete `␍`                                 prettier/prettier
   28:1    warning  Delete `␍`                                 prettier/prettier
   29:21   warning  Delete `␍`                                 prettier/prettier
   30:13   warning  Delete `␍`                                 prettier/prettier
   31:11   warning  Delete `␍`                                 prettier/prettier
   32:11   warning  Delete `␍`                                 prettier/prettier
   33:11   warning  Delete `␍`                                 prettier/prettier
   34:8    warning  Delete `␍`                                 prettier/prettier
   35:8    warning  Delete `␍`                                 prettier/prettier
   36:8    warning  Delete `␍`                                 prettier/prettier
   37:8    warning  Delete `␍`                                 prettier/prettier
   38:8    warning  Delete `␍`                                 prettier/prettier
   39:8    warning  Delete `␍`                                 prettier/prettier
   40:8    warning  Delete `␍`                                 prettier/prettier
   41:8    warning  Delete `␍`                                 prettier/prettier
   42:9    warning  Delete `␍`                                 prettier/prettier
   43:8    warning  Delete `␍`                                 prettier/prettier
   44:8    warning  Delete `␍`                                 prettier/prettier
   45:8    warning  Delete `␍`                                 prettier/prettier
   46:8    warning  Delete `␍`                                 prettier/prettier
   47:8    warning  Delete `␍`                                 prettier/prettier
   48:8    warning  Delete `␍`                                 prettier/prettier
   49:8    warning  Delete `␍`                                 prettier/prettier
   50:8    warning  Delete `␍`                                 prettier/prettier
   51:8    warning  Delete `␍`                                 prettier/prettier
   52:8    warning  Delete `␍`                                 prettier/prettier
   53:8    warning  Delete `␍`                                 prettier/prettier
   54:8    warning  Delete `␍`                                 prettier/prettier
   55:8    warning  Delete `␍`                                 prettier/prettier
   56:8    warning  Delete `␍`                                 prettier/prettier
   57:8    warning  Delete `␍`                                 prettier/prettier
   58:8    warning  Delete `␍`                                 prettier/prettier
   59:8    warning  Delete `␍`                                 prettier/prettier
   60:8    warning  Delete `␍`                                 prettier/prettier
   61:8    warning  Delete `␍`                                 prettier/prettier
   62:8    warning  Delete `␍`                                 prettier/prettier
   63:8    warning  Delete `␍`                                 prettier/prettier
   64:8    warning  Delete `␍`                                 prettier/prettier
   65:8    warning  Delete `␍`                                 prettier/prettier
   66:8    warning  Delete `␍`                                 prettier/prettier
   67:8    warning  Delete `␍`                                 prettier/prettier
   68:8    warning  Delete `␍`                                 prettier/prettier
   69:8    warning  Delete `␍`                                 prettier/prettier
   70:8    warning  Delete `␍`                                 prettier/prettier
   71:8    warning  Delete `␍`                                 prettier/prettier
   72:8    warning  Delete `␍`                                 prettier/prettier
   73:8    warning  Delete `␍`                                 prettier/prettier
   74:13   warning  Delete `␍`                                 prettier/prettier
   75:8    warning  Delete `␍`                                 prettier/prettier
   76:8    warning  Delete `␍`                                 prettier/prettier
   77:8    warning  Delete `␍`                                 prettier/prettier
   78:8    warning  Delete `␍`                                 prettier/prettier
   79:8    warning  Delete `␍`                                 prettier/prettier
   80:8    warning  Delete `␍`                                 prettier/prettier
   81:8    warning  Delete `␍`                                 prettier/prettier
   82:8    warning  Delete `␍`                                 prettier/prettier
   83:8    warning  Delete `␍`                                 prettier/prettier
   84:8    warning  Delete `␍`                                 prettier/prettier
   85:8    warning  Delete `␍`                                 prettier/prettier
   86:8    warning  Delete `␍`                                 prettier/prettier
   87:8    warning  Delete `␍`                                 prettier/prettier
   88:8    warning  Delete `␍`                                 prettier/prettier
   89:14   warning  Delete `␍`                                 prettier/prettier
   90:8    warning  Delete `␍`                                 prettier/prettier
   91:13   warning  Delete `␍`                                 prettier/prettier
   92:8    warning  Delete `␍`                                 prettier/prettier
   93:8    warning  Delete `␍`                                 prettier/prettier
   94:8    warning  Delete `␍`                                 prettier/prettier
   95:8    warning  Delete `␍`                                 prettier/prettier
   96:8    warning  Delete `␍`                                 prettier/prettier
   97:9    warning  Delete `␍`                                 prettier/prettier
   98:8    warning  Delete `␍`                                 prettier/prettier
   99:8    warning  Delete `␍`                                 prettier/prettier
  100:8    warning  Delete `␍`                                 prettier/prettier
  101:8    warning  Delete `␍`                                 prettier/prettier
  102:8    warning  Delete `␍`                                 prettier/prettier
  103:7    warning  Delete `␍`                                 prettier/prettier
  104:7    warning  Delete `␍`                                 prettier/prettier
  105:8    warning  Delete `␍`                                 prettier/prettier
  106:8    warning  Delete `␍`                                 prettier/prettier
  107:8    warning  Delete `␍`                                 prettier/prettier
  108:12   warning  Delete `␍`                                 prettier/prettier
  109:8    warning  Delete `␍`                                 prettier/prettier
  110:8    warning  Delete `␍`                                 prettier/prettier
  111:8    warning  Delete `␍`                                 prettier/prettier
  112:14   warning  Delete `␍`                                 prettier/prettier
  113:14   warning  Delete `␍`                                 prettier/prettier
  114:11   warning  Delete `␍`                                 prettier/prettier
  115:11   warning  Delete `␍`                                 prettier/prettier
  116:8    warning  Delete `␍`                                 prettier/prettier
  117:8    warning  Delete `␍`                                 prettier/prettier
  118:8    warning  Delete `␍`                                 prettier/prettier
  119:8    warning  Delete `␍`                                 prettier/prettier
  120:8    warning  Delete `␍`                                 prettier/prettier
  121:8    warning  Delete `␍`                                 prettier/prettier
  122:8    warning  Delete `␍`                                 prettier/prettier
  123:8    warning  Delete `␍`                                 prettier/prettier
  124:8    warning  Delete `␍`                                 prettier/prettier
  125:13   warning  Delete `␍`                                 prettier/prettier
  126:8    warning  Delete `␍`                                 prettier/prettier
  127:8    warning  Delete `␍`                                 prettier/prettier
  128:8    warning  Delete `␍`                                 prettier/prettier
  129:8    warning  Delete `␍`                                 prettier/prettier
  130:8    warning  Delete `␍`                                 prettier/prettier
  131:7    warning  Delete `␍`                                 prettier/prettier
  132:8    warning  Delete `␍`                                 prettier/prettier
  133:8    warning  Delete `␍`                                 prettier/prettier
  134:8    warning  Delete `␍`                                 prettier/prettier
  135:8    warning  Delete `␍`                                 prettier/prettier
  136:8    warning  Delete `␍`                                 prettier/prettier
  137:8    warning  Delete `␍`                                 prettier/prettier
  138:8    warning  Delete `␍`                                 prettier/prettier
  139:7    warning  Delete `␍`                                 prettier/prettier
  140:8    warning  Delete `␍`                                 prettier/prettier
  141:8    warning  Delete `␍`                                 prettier/prettier
  142:8    warning  Delete `␍`                                 prettier/prettier
  143:13   warning  Delete `␍`                                 prettier/prettier
  144:8    warning  Delete `␍`                                 prettier/prettier
  145:8    warning  Delete `␍`                                 prettier/prettier
  146:8    warning  Delete `␍`                                 prettier/prettier
  147:8    warning  Delete `␍`                                 prettier/prettier
  148:8    warning  Delete `␍`                                 prettier/prettier
  149:9    warning  Delete `␍`                                 prettier/prettier
  150:8    warning  Delete `␍`                                 prettier/prettier
  151:8    warning  Delete `␍`                                 prettier/prettier
  152:7    warning  Delete `␍`                                 prettier/prettier
  153:8    warning  Delete `␍`                                 prettier/prettier
  154:9    warning  Delete `␍`                                 prettier/prettier
  155:8    warning  Delete `␍`                                 prettier/prettier
  156:8    warning  Delete `␍`                                 prettier/prettier
  157:8    warning  Delete `␍`                                 prettier/prettier
  158:8    warning  Delete `␍`                                 prettier/prettier
  159:8    warning  Delete `␍`                                 prettier/prettier
  160:8    warning  Delete `␍`                                 prettier/prettier
  161:8    warning  Delete `␍`                                 prettier/prettier
  162:8    warning  Delete `␍`                                 prettier/prettier
  163:13   warning  Delete `␍`                                 prettier/prettier
  164:8    warning  Delete `␍`                                 prettier/prettier
  165:8    warning  Delete `␍`                                 prettier/prettier
  166:8    warning  Delete `␍`                                 prettier/prettier
  167:8    warning  Delete `␍`                                 prettier/prettier
  168:8    warning  Delete `␍`                                 prettier/prettier
  169:8    warning  Delete `␍`                                 prettier/prettier
  170:8    warning  Delete `␍`                                 prettier/prettier
  171:8    warning  Delete `␍`                                 prettier/prettier
  172:8    warning  Delete `␍`                                 prettier/prettier
  173:8    warning  Delete `␍`                                 prettier/prettier
  174:8    warning  Delete `␍`                                 prettier/prettier
  175:8    warning  Delete `␍`                                 prettier/prettier
  176:8    warning  Delete `␍`                                 prettier/prettier
  177:8    warning  Delete `␍`                                 prettier/prettier
  178:8    warning  Delete `␍`                                 prettier/prettier
  179:8    warning  Delete `␍`                                 prettier/prettier
  180:8    warning  Delete `␍`                                 prettier/prettier
  181:8    warning  Delete `␍`                                 prettier/prettier
  182:8    warning  Delete `␍`                                 prettier/prettier
  183:8    warning  Delete `␍`                                 prettier/prettier
  184:8    warning  Delete `␍`                                 prettier/prettier
  185:8    warning  Delete `␍`                                 prettier/prettier
  186:8    warning  Delete `␍`                                 prettier/prettier
  187:8    warning  Delete `␍`                                 prettier/prettier
  188:8    warning  Delete `␍`                                 prettier/prettier
  189:8    warning  Delete `␍`                                 prettier/prettier
  190:3    warning  Delete `␍`                                 prettier/prettier
  191:1    warning  Delete `␍`                                 prettier/prettier
  192:19   warning  Delete `␍`                                 prettier/prettier
  193:11   warning  Delete `␍`                                 prettier/prettier
  194:13   warning  Delete `␍`                                 prettier/prettier
  195:19   warning  Delete `␍`                                 prettier/prettier
  196:13   warning  Delete `␍`                                 prettier/prettier
  197:20   warning  Delete `␍`                                 prettier/prettier
  198:21   warning  Delete `␍`                                 prettier/prettier
  199:30   warning  Delete `␍`                                 prettier/prettier
  200:26   warning  Delete `␍`                                 prettier/prettier
  201:25   warning  Delete `␍`                                 prettier/prettier
  202:17   warning  Delete `␍`                                 prettier/prettier
  203:41   warning  Delete `␍`                                 prettier/prettier
  204:16   warning  Delete `␍`                                 prettier/prettier
  205:4    warning  Delete `␍`                                 prettier/prettier
  206:1    warning  Delete `␍`                                 prettier/prettier
  207:7    warning  Delete `␍`                                 prettier/prettier
  208:23   warning  Delete `␍`                                 prettier/prettier
  209:13   warning  Delete `␍`                                 prettier/prettier
  210:16   warning  Delete `␍`                                 prettier/prettier
  211:37   warning  Delete `␍`                                 prettier/prettier
  212:6    warning  Delete `␍`                                 prettier/prettier
  213:15   warning  Delete `␍`                                 prettier/prettier
  214:25   warning  Delete `␍`                                 prettier/prettier
  215:23   warning  Delete `␍`                                 prettier/prettier
  216:32   warning  Delete `␍`                                 prettier/prettier
  217:36   warning  Delete `␍`                                 prettier/prettier
  218:48   warning  Delete `␍`                                 prettier/prettier
  219:36   warning  Delete `␍`                                 prettier/prettier
  220:42   warning  Delete `␍`                                 prettier/prettier
  221:44   warning  Delete `␍`                                 prettier/prettier
  222:48   warning  Delete `␍`                                 prettier/prettier
  223:52   warning  Delete `␍`                                 prettier/prettier
  224:81   warning  Delete `␍`                                 prettier/prettier
  225:38   warning  Delete `␍`                                 prettier/prettier
  226:54   warning  Delete `␍`                                 prettier/prettier
  227:44   warning  Delete `␍`                                 prettier/prettier
  228:11   warning  Delete `␍`                                 prettier/prettier
  229:15   warning  Delete `␍`                                 prettier/prettier
  230:23   warning  Delete `␍`                                 prettier/prettier
  231:19   warning  Delete `␍`                                 prettier/prettier
  232:21   warning  Delete `␍`                                 prettier/prettier
  233:27   warning  Delete `␍`                                 prettier/prettier
  234:21   warning  Delete `␍`                                 prettier/prettier
  235:28   warning  Delete `␍`                                 prettier/prettier
  236:29   warning  Delete `␍`                                 prettier/prettier
  237:38   warning  Delete `␍`                                 prettier/prettier
  238:34   warning  Delete `␍`                                 prettier/prettier
  239:33   warning  Delete `␍`                                 prettier/prettier
  240:25   warning  Delete `␍`                                 prettier/prettier
  241:32   warning  Delete `␍`                                 prettier/prettier
  242:24   warning  Delete `␍`                                 prettier/prettier
  243:11   warning  Delete `␍`                                 prettier/prettier
  244:8    warning  Delete `␍`                                 prettier/prettier
  245:6    warning  Delete `␍`                                 prettier/prettier
  246:5    warning  Delete `␍`                                 prettier/prettier
  247:3    warning  Delete `␍`                                 prettier/prettier
  248:1    warning  Delete `␍`                                 prettier/prettier
  249:45   warning  Delete `␍`                                 prettier/prettier
  250:42   warning  Delete `␍`                                 prettier/prettier
  251:40   warning  Delete `␍`                                 prettier/prettier
  252:12   warning  Delete `␍`                                 prettier/prettier
  253:4    warning  Delete `␍`                                 prettier/prettier
  254:27   warning  Delete `␍`                                 prettier/prettier
  255:32   warning  Delete `␍`                                 prettier/prettier
  256:12   warning  Delete `␍`                                 prettier/prettier
  257:4    warning  Delete `␍`                                 prettier/prettier
  258:1    warning  Delete `␍`                                 prettier/prettier
  259:42   warning  Delete `␍`                                 prettier/prettier
  260:8    warning  Delete `␍`                                 prettier/prettier
  261:64   warning  Delete `␍`                                 prettier/prettier
  262:12   warning  Delete `␍`                                 prettier/prettier
  263:40   warning  Delete `␍`                                 prettier/prettier
  264:12   warning  Delete `␍`                                 prettier/prettier
  265:4    warning  Delete `␍`                                 prettier/prettier
  266:1    warning  Delete `␍`                                 prettier/prettier
  267:23   warning  Delete `␍`                                 prettier/prettier
  268:8    warning  Delete `␍`                                 prettier/prettier
  269:24   warning  Delete `␍`                                 prettier/prettier
  270:48   warning  Delete `␍`                                 prettier/prettier
  271:33   warning  Delete `␍`                                 prettier/prettier
  272:45   warning  Delete `␍`                                 prettier/prettier
  273:33   warning  Delete `␍`                                 prettier/prettier
  274:39   warning  Delete `␍`                                 prettier/prettier
  275:41   warning  Delete `␍`                                 prettier/prettier
  276:45   warning  Delete `␍`                                 prettier/prettier
  277:49   warning  Delete `␍`                                 prettier/prettier
  278:36   warning  Delete `␍`                                 prettier/prettier
  279:35   warning  Delete `␍`                                 prettier/prettier
  280:51   warning  Delete `␍`                                 prettier/prettier
  281:41   warning  Delete `␍`                                 prettier/prettier
  282:10   warning  Delete `␍`                                 prettier/prettier
  283:33   warning  Delete `␍`                                 prettier/prettier
  284:13   warning  Delete `␍`                                 prettier/prettier
  285:30   warning  Delete `␍`                                 prettier/prettier
  286:29   warning  Delete `␍`                                 prettier/prettier
  287:33   warning  Delete `␍`                                 prettier/prettier
  288:45   warning  Delete `␍`                                 prettier/prettier
  289:33   warning  Delete `␍`                                 prettier/prettier
  290:39   warning  Delete `␍`                                 prettier/prettier
  291:41   warning  Delete `␍`                                 prettier/prettier
  292:45   warning  Delete `␍`                                 prettier/prettier
  293:49   warning  Delete `␍`                                 prettier/prettier
  294:36   warning  Delete `␍`                                 prettier/prettier
  295:35   warning  Delete `␍`                                 prettier/prettier
  296:51   warning  Delete `␍`                                 prettier/prettier
  297:41   warning  Delete `␍`                                 prettier/prettier
  298:10   warning  Delete `␍`                                 prettier/prettier
  299:33   warning  Delete `␍`                                 prettier/prettier
  300:6    warning  Delete `␍`                                 prettier/prettier
  301:19   warning  Delete `␍`                                 prettier/prettier
  302:14   warning  Delete `␍`                                 prettier/prettier
  303:26   warning  Delete `␍`                                 prettier/prettier
  304:4    warning  Delete `␍`                                 prettier/prettier
  305:2    warning  Delete `␍`                                 prettier/prettier
  306:1    warning  Delete `␍`                                 prettier/prettier
  307:31   warning  Delete `␍`                                 prettier/prettier
  308:33   warning  Delete `␍`                                 prettier/prettier
  309:2    warning  Delete `␍`                                 prettier/prettier
  310:10   warning  Delete `␍`                                 prettier/prettier
  311:1    warning  Delete `␍`                                 prettier/prettier
  312:11   warning  Delete `␍`                                 prettier/prettier
  313:13   warning  Delete `␍`                                 prettier/prettier
  314:27   warning  Delete `␍`                                 prettier/prettier
  315:38   warning  Delete `␍`                                 prettier/prettier
  316:20   warning  Delete `␍`                                 prettier/prettier
  317:17   warning  Delete `␍`                                 prettier/prettier
  318:25   warning  Delete `␍`                                 prettier/prettier
  319:4    warning  Delete `␍`                                 prettier/prettier
  320:54   warning  Delete `␍`                                 prettier/prettier
  321:43   warning  Delete `␍`                                 prettier/prettier
  322:1    warning  Delete `␍`                                 prettier/prettier
  323:39   warning  Attribute "v-if" should go before "label"  vue/attributes-order
  323:54   warning  Delete `␍`                                 prettier/prettier
  324:86   warning  Delete `␍`                                 prettier/prettier
  325:22   warning  Delete `␍`                                 prettier/prettier
  326:46   warning  Delete `␍`                                 prettier/prettier
  327:54   warning  Delete `␍`                                 prettier/prettier
  328:22   warning  Delete `␍`                                 prettier/prettier
  329:1    warning  Delete `␍`                                 prettier/prettier
  330:32   warning  Delete `␍`                                 prettier/prettier
  331:79   warning  Delete `␍`                                 prettier/prettier
  332:22   warning  Delete `␍`                                 prettier/prettier
  333:1    warning  Delete `␍`                                 prettier/prettier
  334:32   warning  Delete `␍`                                 prettier/prettier
  335:89   warning  Delete `␍`                                 prettier/prettier
  336:22   warning  Delete `␍`                                 prettier/prettier
  337:1    warning  Delete `␍`                                 prettier/prettier
  338:35   warning  Delete `␍`                                 prettier/prettier
  339:20   warning  Delete `␍`                                 prettier/prettier
  340:37   warning  Delete `␍`                                 prettier/prettier
  341:35   warning  Delete `␍`                                 prettier/prettier
  342:23   warning  Delete `␍`                                 prettier/prettier
  343:26   warning  Delete `␍`                                 prettier/prettier
  344:10   warning  Delete `␍`                                 prettier/prettier
  345:32   warning  Delete `␍`                                 prettier/prettier
  346:84   warning  Delete `␍`                                 prettier/prettier
  347:84   warning  Delete `␍`                                 prettier/prettier
  348:65   warning  Delete `␍`                                 prettier/prettier
  349:68   warning  Delete `␍`                                 prettier/prettier
  350:19   warning  Delete `␍`                                 prettier/prettier
  351:22   warning  Delete `␍`                                 prettier/prettier
  352:37   warning  Delete `␍`                                 prettier/prettier
  353:37   warning  Delete `␍`                                 prettier/prettier
  354:20   warning  Delete `␍`                                 prettier/prettier
  355:40   warning  Delete `␍`                                 prettier/prettier
  356:25   warning  Delete `␍`                                 prettier/prettier
  357:35   warning  Delete `␍`                                 prettier/prettier
  358:54   warning  Delete `␍`                                 prettier/prettier
  359:25   warning  Delete `␍`                                 prettier/prettier
  360:34   warning  Delete `␍`                                 prettier/prettier
  361:43   warning  Delete `␍`                                 prettier/prettier
  362:18   warning  Delete `␍`                                 prettier/prettier
  363:31   warning  Delete `␍`                                 prettier/prettier
  364:16   warning  Delete `␍`                                 prettier/prettier
  365:19   warning  Delete `␍`                                 prettier/prettier
  366:17   warning  Delete `␍`                                 prettier/prettier
  367:22   warning  Delete `␍`                                 prettier/prettier
  368:22   warning  Delete `␍`                                 prettier/prettier
  369:1    warning  Delete `␍`                                 prettier/prettier
  370:32   warning  Delete `␍`                                 prettier/prettier
  371:44   warning  Delete `␍`                                 prettier/prettier
  372:21   warning  Delete `␍`                                 prettier/prettier
  373:42   warning  Delete `␍`                                 prettier/prettier
  374:27   warning  Delete `␍`                                 prettier/prettier
  375:29   warning  Delete `␍`                                 prettier/prettier
  376:29   warning  Delete `␍`                                 prettier/prettier
  377:13   warning  Delete `␍`                                 prettier/prettier
  378:21   warning  Delete `␍`                                 prettier/prettier
  379:22   warning  Delete `␍`                                 prettier/prettier
  380:1    warning  Delete `␍`                                 prettier/prettier
  381:38   warning  Delete `␍`                                 prettier/prettier
  382:45   warning  Delete `␍`                                 prettier/prettier
  383:98   warning  Delete `␍`                                 prettier/prettier
  384:21   warning  Delete `␍`                                 prettier/prettier
  385:22   warning  Delete `␍`                                 prettier/prettier
  386:1    warning  Delete `␍`                                 prettier/prettier
  387:36   warning  Delete `␍`                                 prettier/prettier
  388:44   warning  Delete `␍`                                 prettier/prettier
  389:22   warning  Delete `␍`                                 prettier/prettier
  390:1    warning  Delete `␍`                                 prettier/prettier
  391:43   warning  Delete `␍`                                 prettier/prettier
  392:1    warning  Delete `␍`                                 prettier/prettier
  393:34   warning  Delete `␍`                                 prettier/prettier
  394:47   warning  Delete `␍`                                 prettier/prettier
  395:100  warning  Delete `␍`                                 prettier/prettier
  396:21   warning  Delete `␍`                                 prettier/prettier
  397:22   warning  Delete `␍`                                 prettier/prettier
  398:1    warning  Delete `␍`                                 prettier/prettier
  399:35   warning  Delete `␍`                                 prettier/prettier
  400:49   warning  Delete `␍`                                 prettier/prettier
  401:21   warning  Delete `␍`                                 prettier/prettier
  402:41   warning  Delete `␍`                                 prettier/prettier
  403:27   warning  Delete `␍`                                 prettier/prettier
  404:29   warning  Delete `␍`                                 prettier/prettier
  405:29   warning  Delete `␍`                                 prettier/prettier
  406:13   warning  Delete `␍`                                 prettier/prettier
  407:21   warning  Delete `␍`                                 prettier/prettier
  408:22   warning  Delete `␍`                                 prettier/prettier
  409:1    warning  Delete `␍`                                 prettier/prettier
  410:42   warning  Delete `␍`                                 prettier/prettier
  411:18   warning  Delete `␍`                                 prettier/prettier
  412:41   warning  Delete `␍`                                 prettier/prettier
  413:26   warning  Delete `␍`                                 prettier/prettier
  414:20   warning  Delete `␍`                                 prettier/prettier
  415:89   warning  Delete `␍`                                 prettier/prettier
  416:11   warning  Delete `␍`                                 prettier/prettier
  417:22   warning  Delete `␍`                                 prettier/prettier
  418:1    warning  Delete `␍`                                 prettier/prettier
  419:43   warning  Delete `␍`                                 prettier/prettier
  420:1    warning  Delete `␍`                                 prettier/prettier
  421:48   warning  Delete `␍`                                 prettier/prettier
  422:87   warning  Delete `␍`                                 prettier/prettier
  423:22   warning  Delete `␍`                                 prettier/prettier
  424:1    warning  Delete `␍`                                 prettier/prettier
  425:34   warning  Delete `␍`                                 prettier/prettier
  426:73   warning  Delete `␍`                                 prettier/prettier
  427:22   warning  Delete `␍`                                 prettier/prettier
  428:15   warning  Delete `␍`                                 prettier/prettier
  429:1    warning  Delete `␍`                                 prettier/prettier
  430:23   warning  Delete `␍`                                 prettier/prettier
  431:53   warning  Delete `␍`                                 prettier/prettier
  432:71   warning  Delete `␍`                                 prettier/prettier
  433:35   warning  Delete `␍`                                 prettier/prettier
  434:19   warning  Delete `␍`                                 prettier/prettier
  435:16   warning  Delete `␍`                                 prettier/prettier
  436:15   warning  Delete `␍`                                 prettier/prettier
  437:12   warning  Delete `␍`                                 prettier/prettier
  438:1    warning  Delete `␍`                                 prettier/prettier
  439:15   warning  Delete `␍`                                 prettier/prettier
  440:14   warning  Delete `␍`                                 prettier/prettier
  441:18   warning  Delete `␍`                                 prettier/prettier
  442:2    warning  Delete `␍`                                 prettier/prettier
  443:16   warning  Delete `␍`                                 prettier/prettier
  444:20   warning  Delete `␍`                                 prettier/prettier
  445:19   warning  Delete `␍`                                 prettier/prettier
  446:18   warning  Delete `␍`                                 prettier/prettier
  447:23   warning  Delete `␍`                                 prettier/prettier
  448:23   warning  Delete `␍`                                 prettier/prettier
  449:36   warning  Delete `␍`                                 prettier/prettier
  450:2    warning  Delete `␍`                                 prettier/prettier
  451:28   warning  Delete `␍`                                 prettier/prettier
  452:17   warning  Delete `␍`                                 prettier/prettier
  453:2    warning  Delete `␍`                                 prettier/prettier
  454:1    warning  Delete `␍`                                 prettier/prettier
  455:19   warning  Delete `␍`                                 prettier/prettier
  456:17   warning  Delete `␍`                                 prettier/prettier
  457:24   warning  Delete `␍`                                 prettier/prettier
  458:23   warning  Delete `␍`                                 prettier/prettier
  459:12   warning  Delete `␍`                                 prettier/prettier
  460:21   warning  Delete `␍`                                 prettier/prettier
  461:29   warning  Delete `␍`                                 prettier/prettier
  462:22   warning  Delete `␍`                                 prettier/prettier
  463:19   warning  Delete `␍`                                 prettier/prettier
  464:20   warning  Delete `␍`                                 prettier/prettier
  465:16   warning  Delete `␍`                                 prettier/prettier
  466:26   warning  Delete `␍`                                 prettier/prettier
  467:33   warning  Delete `␍`                                 prettier/prettier
  468:2    warning  Delete `␍`                                 prettier/prettier
  469:23   warning  Delete `␍`                                 prettier/prettier
  470:25   warning  Delete `␍`                                 prettier/prettier
  471:2    warning  Delete `␍`                                 prettier/prettier
  472:17   warning  Delete `␍`                                 prettier/prettier
  473:19   warning  Delete `␍`                                 prettier/prettier
  474:18   warning  Delete `␍`                                 prettier/prettier
  475:2    warning  Delete `␍`                                 prettier/prettier
  476:21   warning  Delete `␍`                                 prettier/prettier
  477:19   warning  Delete `␍`                                 prettier/prettier
  478:18   warning  Delete `␍`                                 prettier/prettier
  479:2    warning  Delete `␍`                                 prettier/prettier
  480:15   warning  Delete `␍`                                 prettier/prettier
  481:21   warning  Delete `␍`                                 prettier/prettier
  482:18   warning  Delete `␍`                                 prettier/prettier
  483:19   warning  Delete `␍`                                 prettier/prettier
  484:2    warning  Delete `␍`                                 prettier/prettier
  485:16   warning  Delete `␍`                                 prettier/prettier
  486:21   warning  Delete `␍`                                 prettier/prettier
  487:20   warning  Delete `␍`                                 prettier/prettier
  488:2    warning  Delete `␍`                                 prettier/prettier
  489:14   warning  Delete `␍`                                 prettier/prettier
  490:17   warning  Delete `␍`                                 prettier/prettier
  491:41   warning  Delete `␍`                                 prettier/prettier
  492:12   warning  Delete `␍`                                 prettier/prettier
  493:2    warning  Delete `␍`                                 prettier/prettier
  494:14   warning  Delete `␍`                                 prettier/prettier
  495:17   warning  Delete `␍`                                 prettier/prettier
  496:23   warning  Delete `␍`                                 prettier/prettier
  497:27   warning  Delete `␍`                                 prettier/prettier
  498:15   warning  Delete `␍`                                 prettier/prettier
  499:16   warning  Delete `␍`                                 prettier/prettier
  500:19   warning  Delete `␍`                                 prettier/prettier
  501:22   warning  Delete `␍`                                 prettier/prettier
  502:19   warning  Delete `␍`                                 prettier/prettier
  503:32   warning  Delete `␍`                                 prettier/prettier
  504:2    warning  Delete `␍`                                 prettier/prettier
  505:20   warning  Delete `␍`                                 prettier/prettier
  506:23   warning  Delete `␍`                                 prettier/prettier
  507:2    warning  Delete `␍`                                 prettier/prettier
  508:21   warning  Delete `␍`                                 prettier/prettier
  509:23   warning  Delete `␍`                                 prettier/prettier
  510:33   warning  Delete `␍`                                 prettier/prettier
  511:2    warning  Delete `␍`                                 prettier/prettier
  512:9    warning  Delete `␍`                                 prettier/prettier

H:\codex\林家餐厅小程序\family-kitchen-c01\admin\src\views\badge\BadgeList.vue
    1:25   warning  Delete `␍`                              prettier/prettier
    2:38   warning  Delete `␍`                              prettier/prettier
    3:56   warning  Delete `␍`                              prettier/prettier
    4:9    warning  Delete `␍`                              prettier/prettier
    5:12   warning  Delete `␍`                              prettier/prettier
    6:20   warning  Delete `␍`                              prettier/prettier
    7:17   warning  Delete `␍`                              prettier/prettier
    8:19   warning  Delete `␍`                              prettier/prettier
    9:24   warning  Delete `␍`                              prettier/prettier
   10:22   warning  Delete `␍`                              prettier/prettier
   11:10   error    'formatDate' is defined but never used  @typescript-eslint/no-unused-vars
   11:45   warning  Delete `␍`                              prettier/prettier
   12:53   warning  Delete `␍`                              prettier/prettier
   13:1    warning  Delete `␍`                              prettier/prettier
   14:28   warning  Delete `␍`                              prettier/prettier
   15:42   warning  Delete `␍`                              prettier/prettier
   16:22   warning  Delete `␍`                              prettier/prettier
   17:1    warning  Delete `␍`                              prettier/prettier
   18:20   warning  Delete `␍`                              prettier/prettier
   19:11   warning  Delete `␍`                              prettier/prettier
   20:16   warning  Delete `␍`                              prettier/prettier
   21:26   warning  Delete `␍`                              prettier/prettier
   22:46   warning  Delete `␍`                              prettier/prettier
   23:14   warning  Delete `␍`                              prettier/prettier
   24:4    warning  Delete `␍`                              prettier/prettier
   25:1    warning  Delete `␍`                              prettier/prettier
   26:34   warning  Delete `␍`                              prettier/prettier
   27:56   warning  Delete `␍`                              prettier/prettier
   28:1    warning  Delete `␍`                              prettier/prettier
   29:89   warning  Delete `␍`                              prettier/prettier
   30:85   warning  Delete `␍`                              prettier/prettier
   31:89   warning  Delete `␍`                              prettier/prettier
   32:1    warning  Delete `␍`                              prettier/prettier
   33:39   warning  Delete `␍`                              prettier/prettier
   34:24   warning  Delete `␍`                              prettier/prettier
   35:8    warning  Delete `␍`                              prettier/prettier
   36:38   warning  Delete `␍`                              prettier/prettier
   37:30   warning  Delete `␍`                              prettier/prettier
   38:38   warning  Delete `␍`                              prettier/prettier
   39:51   warning  Delete `␍`                              prettier/prettier
   40:38   warning  Delete `␍`                              prettier/prettier
   41:47   warning  Delete `␍`                              prettier/prettier
   42:8    warning  Delete `␍`                              prettier/prettier
   43:29   warning  Delete `␍`                              prettier/prettier
   44:29   warning  Delete `␍`                              prettier/prettier
   45:14   warning  Delete `␍`                              prettier/prettier
   46:27   warning  Delete `␍`                              prettier/prettier
   47:4    warning  Delete `␍`                              prettier/prettier
   48:2    warning  Delete `␍`                              prettier/prettier
   49:1    warning  Delete `␍`                              prettier/prettier
   50:25   warning  Delete `␍`                              prettier/prettier
   51:90   warning  Delete `␍`                              prettier/prettier
   52:15   warning  Delete `␍`                              prettier/prettier
   53:2    warning  Delete `␍`                              prettier/prettier
   54:1    warning  Delete `␍`                              prettier/prettier
   55:32   warning  Delete `␍`                              prettier/prettier
   56:29   warning  Delete `␍`                              prettier/prettier
   57:30   warning  Delete `␍`                              prettier/prettier
   58:2    warning  Delete `␍`                              prettier/prettier
   59:1    warning  Delete `␍`                              prettier/prettier
   60:52   warning  Delete `␍`                              prettier/prettier
   61:30   warning  Delete `␍`                              prettier/prettier
   62:30   warning  Delete `␍`                              prettier/prettier
   63:2    warning  Delete `␍`                              prettier/prettier
   64:1    warning  Delete `␍`                              prettier/prettier
   65:69   warning  Delete `␍`                              prettier/prettier
   66:8    warning  Delete `␍`                              prettier/prettier
   67:38   warning  Delete `␍`                              prettier/prettier
   68:55   warning  Delete `␍`                              prettier/prettier
   69:17   warning  Delete `␍`                              prettier/prettier
   70:12   warning  Delete `␍`                              prettier/prettier
   71:14   warning  Delete `␍`                              prettier/prettier
   72:4    warning  Delete `␍`                              prettier/prettier
   73:2    warning  Delete `␍`                              prettier/prettier
   74:1    warning  Delete `␍`                              prettier/prettier
   75:69   warning  Delete `␍`                              prettier/prettier
   76:8    warning  Delete `␍`                              prettier/prettier
   77:68   warning  Delete `␍`                              prettier/prettier
   78:31   warning  Delete `␍`                              prettier/prettier
   79:30   warning  Delete `␍`                              prettier/prettier
   80:23   warning  Delete `␍`                              prettier/prettier
   81:8    warning  Delete `␍`                              prettier/prettier
   82:38   warning  Delete `␍`                              prettier/prettier
   83:30   warning  Delete `␍`                              prettier/prettier
   84:17   warning  Delete `␍`                              prettier/prettier
   85:12   warning  Delete `␍`                              prettier/prettier
   86:14   warning  Delete `␍`                              prettier/prettier
   87:4    warning  Delete `␍`                              prettier/prettier
   88:2    warning  Delete `␍`                              prettier/prettier
   89:1    warning  Delete `␍`                              prettier/prettier
   90:45   warning  Delete `␍`                              prettier/prettier
   91:8    warning  Delete `␍`                              prettier/prettier
   92:32   warning  Delete `␍`                              prettier/prettier
   93:37   warning  Delete `␍`                              prettier/prettier
   94:14   warning  Delete `␍`                              prettier/prettier
   95:8    warning  Delete `␍`                              prettier/prettier
   96:33   warning  Delete `␍`                              prettier/prettier
   97:32   warning  Delete `␍`                              prettier/prettier
   98:25   warning  Delete `␍`                              prettier/prettier
   99:9    warning  Delete `␍`                              prettier/prettier
  100:7    warning  Delete `␍`                              prettier/prettier
  101:27   warning  Delete `␍`                              prettier/prettier
  102:36   warning  Delete `␍`                              prettier/prettier
  103:17   warning  Delete `␍`                              prettier/prettier
  104:12   warning  Delete `␍`                              prettier/prettier
  105:14   warning  Delete `␍`                              prettier/prettier
  106:4    warning  Delete `␍`                              prettier/prettier
  107:2    warning  Delete `␍`                              prettier/prettier
  108:1    warning  Delete `␍`                              prettier/prettier
  109:33   warning  Delete `␍`                              prettier/prettier
  110:31   warning  Delete `␍`                              prettier/prettier
  111:15   warning  Delete `␍`                              prettier/prettier
  112:2    warning  Delete `␍`                              prettier/prettier
  113:1    warning  Delete `␍`                              prettier/prettier
  114:17   warning  Delete `␍`                              prettier/prettier
  115:10   warning  Delete `␍`                              prettier/prettier
  116:1    warning  Delete `␍`                              prettier/prettier
  117:11   warning  Delete `␍`                              prettier/prettier
  118:8    warning  Delete `␍`                              prettier/prettier
  119:48   warning  Delete `␍`                              prettier/prettier
  120:46   warning  Delete `␍`                              prettier/prettier
  121:34   warning  Delete `␍`                              prettier/prettier
  122:97   warning  Delete `␍`                              prettier/prettier
  123:23   warning  Delete `␍`                              prettier/prettier
  124:44   warning  Delete `␍`                              prettier/prettier
  125:29   warning  Delete `␍`                              prettier/prettier
  126:31   warning  Delete `␍`                              prettier/prettier
  127:31   warning  Delete `␍`                              prettier/prettier
  128:15   warning  Delete `␍`                              prettier/prettier
  129:23   warning  Delete `␍`                              prettier/prettier
  130:24   warning  Delete `␍`                              prettier/prettier
  131:34   warning  Delete `␍`                              prettier/prettier
  132:95   warning  Delete `␍`                              prettier/prettier
  133:51   warning  Delete `␍`                              prettier/prettier
  134:52   warning  Delete `␍`                              prettier/prettier
  135:23   warning  Delete `␍`                              prettier/prettier
  136:24   warning  Delete `␍`                              prettier/prettier
  137:34   warning  Delete `␍`                              prettier/prettier
  138:98   warning  Delete `␍`                              prettier/prettier
  139:24   warning  Delete `␍`                              prettier/prettier
  140:23   warning  Delete `␍`                              prettier/prettier
  141:65   warning  Delete `␍`                              prettier/prettier
  142:51   warning  Delete `␍`                              prettier/prettier
  143:24   warning  Delete `␍`                              prettier/prettier
  144:17   warning  Delete `␍`                              prettier/prettier
  145:15   warning  Delete `␍`                              prettier/prettier
  146:1    warning  Delete `␍`                              prettier/prettier
  147:29   warning  Delete `␍`                              prettier/prettier
  148:33   warning  Delete `␍`                              prettier/prettier
  149:35   warning  Delete `␍`                              prettier/prettier
  150:60   warning  Delete `␍`                              prettier/prettier
  151:15   warning  Delete `␍`                              prettier/prettier
  152:36   warning  Delete `␍`                              prettier/prettier
  153:61   warning  Delete `␍`                              prettier/prettier
  154:75   warning  Delete `␍`                              prettier/prettier
  155:15   warning  Delete `␍`                              prettier/prettier
  156:13   warning  Delete `␍`                              prettier/prettier
  157:1    warning  Delete `␍`                              prettier/prettier
  158:58   warning  Delete `␍`                              prettier/prettier
  159:66   warning  Delete `␍`                              prettier/prettier
  160:40   warning  Delete `␍`                              prettier/prettier
  161:61   warning  Delete `␍`                              prettier/prettier
  162:22   warning  Delete `␍`                              prettier/prettier
  163:27   warning  Delete `␍`                              prettier/prettier
  164:59   warning  Delete `␍`                              prettier/prettier
  165:40   warning  Delete `␍`                              prettier/prettier
  166:59   warning  Delete `␍`                              prettier/prettier
  167:55   warning  Delete `␍`                              prettier/prettier
  168:22   warning  Delete `␍`                              prettier/prettier
  169:27   warning  Delete `␍`                              prettier/prettier
  170:49   warning  Delete `␍`                              prettier/prettier
  171:40   warning  Delete `␍`                              prettier/prettier
  172:60   warning  Delete `␍`                              prettier/prettier
  173:22   warning  Delete `␍`                              prettier/prettier
  174:27   warning  Delete `␍`                              prettier/prettier
  175:51   warning  Delete `␍`                              prettier/prettier
  176:40   warning  Delete `␍`                              prettier/prettier
  177:65   warning  Delete `␍`                              prettier/prettier
  178:22   warning  Delete `␍`                              prettier/prettier
  179:27   warning  Delete `␍`                              prettier/prettier
  180:50   warning  Delete `␍`                              prettier/prettier
  181:40   warning  Delete `␍`                              prettier/prettier
  182:71   warning  Delete `␍`                              prettier/prettier
  183:22   warning  Delete `␍`                              prettier/prettier
  184:27   warning  Delete `␍`                              prettier/prettier
  185:63   warning  Delete `␍`                              prettier/prettier
  186:40   warning  Delete `␍`                              prettier/prettier
  187:57   warning  Delete `␍`                              prettier/prettier
  188:22   warning  Delete `␍`                              prettier/prettier
  189:27   warning  Delete `␍`                              prettier/prettier
  190:63   warning  Delete `␍`                              prettier/prettier
  191:40   warning  Delete `␍`                              prettier/prettier
  192:78   warning  Delete `␍`                              prettier/prettier
  193:48   warning  Delete `␍`                              prettier/prettier
  194:22   warning  Delete `␍`                              prettier/prettier
  195:27   warning  Delete `␍`                              prettier/prettier
  196:65   warning  Delete `␍`                              prettier/prettier
  197:40   warning  Delete `␍`                              prettier/prettier
  198:89   warning  Delete `␍`                              prettier/prettier
  199:22   warning  Delete `␍`                              prettier/prettier
  200:27   warning  Delete `␍`                              prettier/prettier
  201:63   warning  Delete `␍`                              prettier/prettier
  202:40   warning  Delete `␍`                              prettier/prettier
  203:76   warning  Delete `␍`                              prettier/prettier
  204:47   warning  Delete `␍`                              prettier/prettier
  205:22   warning  Delete `␍`                              prettier/prettier
  206:22   warning  Delete `␍`                              prettier/prettier
  207:27   warning  Delete `␍`                              prettier/prettier
  208:82   warning  Delete `␍`                              prettier/prettier
  209:63   warning  Delete `␍`                              prettier/prettier
  210:40   warning  Delete `␍`                              prettier/prettier
  211:83   warning  Delete `␍`                              prettier/prettier
  212:101  warning  Delete `␍`                              prettier/prettier
  213:47   warning  Delete `␍`                              prettier/prettier
  214:25   warning  Delete `␍`                              prettier/prettier
  215:84   warning  Delete `␍`                              prettier/prettier
  216:22   warning  Delete `␍`                              prettier/prettier
  217:27   warning  Delete `␍`                              prettier/prettier
  218:18   warning  Delete `␍`                              prettier/prettier
  219:1    warning  Delete `␍`                              prettier/prettier
  220:21   warning  Delete `␍`                              prettier/prettier
  221:42   warning  Delete `␍`                              prettier/prettier
  222:43   warning  Delete `␍`                              prettier/prettier
  223:23   warning  Delete `␍`                              prettier/prettier
  224:40   warning  Delete `␍`                              prettier/prettier
  225:57   warning  Delete `␍`                              prettier/prettier
  226:19   warning  Delete `␍`                              prettier/prettier
  227:27   warning  Delete `␍`                              prettier/prettier
  228:31   warning  Delete `␍`                              prettier/prettier
  229:28   warning  Delete `␍`                              prettier/prettier
  230:9    warning  Delete `␍`                              prettier/prettier
  231:15   warning  Delete `␍`                              prettier/prettier
  232:1    warning  Delete `␍`                              prettier/prettier
  233:101  warning  Delete `␍`                              prettier/prettier
  234:9    warning  Delete `␍`                              prettier/prettier
  235:12   warning  Delete `␍`                              prettier/prettier
  236:1    warning  Delete `␍`                              prettier/prettier
  237:15   warning  Delete `␍`                              prettier/prettier
  238:14   warning  Delete `␍`                              prettier/prettier
  239:23   warning  Delete `␍`                              prettier/prettier
  240:2    warning  Delete `␍`                              prettier/prettier
  241:35   warning  Delete `␍`                              prettier/prettier
  242:20   warning  Delete `␍`                              prettier/prettier
  243:2    warning  Delete `␍`                              prettier/prettier
  244:16   warning  Delete `␍`                              prettier/prettier
  245:17   warning  Delete `␍`                              prettier/prettier
  246:34   warning  Delete `␍`                              prettier/prettier
  247:23   warning  Delete `␍`                              prettier/prettier
  248:23   warning  Delete `␍`                              prettier/prettier
  249:2    warning  Delete `␍`                              prettier/prettier
  250:16   warning  Delete `␍`                              prettier/prettier
  251:17   warning  Delete `␍`                              prettier/prettier
  252:23   warning  Delete `␍`                              prettier/prettier
  253:13   warning  Delete `␍`                              prettier/prettier
  254:2    warning  Delete `␍`                              prettier/prettier
  255:14   warning  Delete `␍`                              prettier/prettier
  256:19   warning  Delete `␍`                              prettier/prettier
  257:18   warning  Delete `␍`                              prettier/prettier
  258:2    warning  Delete `␍`                              prettier/prettier
  259:15   warning  Delete `␍`                              prettier/prettier
  260:19   warning  Delete `␍`                              prettier/prettier
  261:2    warning  Delete `␍`                              prettier/prettier
  262:15   warning  Delete `␍`                              prettier/prettier
  263:20   warning  Delete `␍`                              prettier/prettier
  264:2    warning  Delete `␍`                              prettier/prettier
  265:13   warning  Delete `␍`                              prettier/prettier
  266:19   warning  Delete `␍`                              prettier/prettier
  267:18   warning  Delete `␍`                              prettier/prettier
  268:26   warning  Delete `␍`                              prettier/prettier
  269:2    warning  Delete `␍`                              prettier/prettier
  270:14   warning  Delete `␍`                              prettier/prettier
  271:20   warning  Delete `␍`                              prettier/prettier
  272:17   warning  Delete `␍`                              prettier/prettier
  273:29   warning  Delete `␍`                              prettier/prettier
  274:2    warning  Delete `␍`                              prettier/prettier
  275:9    warning  Delete `␍`                              prettier/prettier
  276:18   warning  Delete `␍`                              prettier/prettier
  277:2    warning  Delete `␍`                              prettier/prettier
  278:9    warning  Delete `␍`                              prettier/prettier

H:\codex\林家餐厅小程序\family-kitchen-c01\admin\src\views\business-config\ChangeHistoryDrawer.vue
    1:25  warning  Delete `␍`  prettier/prettier
    2:34  warning  Delete `␍`  prettier/prettier
    3:94  warning  Delete `␍`  prettier/prettier
    4:1   warning  Delete `␍`  prettier/prettier
    5:28  warning  Delete `␍`  prettier/prettier
    6:23  warning  Delete `␍`  prettier/prettier
    7:29  warning  Delete `␍`  prettier/prettier
    8:6   warning  Delete `␍`  prettier/prettier
    9:1   warning  Delete `␍`  prettier/prettier
   10:27  warning  Delete `␍`  prettier/prettier
   11:46  warning  Delete `␍`  prettier/prettier
   12:6   warning  Delete `␍`  prettier/prettier
   13:1   warning  Delete `␍`  prettier/prettier
   14:28  warning  Delete `␍`  prettier/prettier
   15:40  warning  Delete `␍`  prettier/prettier
   16:22  warning  Delete `␍`  prettier/prettier
   17:21  warning  Delete `␍`  prettier/prettier
   18:21  warning  Delete `␍`  prettier/prettier
   19:1   warning  Delete `␍`  prettier/prettier
   20:39  warning  Delete `␍`  prettier/prettier
   21:24  warning  Delete `␍`  prettier/prettier
   22:8   warning  Delete `␍`  prettier/prettier
   23:31  warning  Delete `␍`  prettier/prettier
   24:87  warning  Delete `␍`  prettier/prettier
   25:70  warning  Delete `␍`  prettier/prettier
   26:29  warning  Delete `␍`  prettier/prettier
   27:29  warning  Delete `␍`  prettier/prettier
   28:14  warning  Delete `␍`  prettier/prettier
   29:27  warning  Delete `␍`  prettier/prettier
   30:4   warning  Delete `␍`  prettier/prettier
   31:2   warning  Delete `␍`  prettier/prettier
   32:1   warning  Delete `␍`  prettier/prettier
   33:7   warning  Delete `␍`  prettier/prettier
   34:53  warning  Delete `␍`  prettier/prettier
   35:16  warning  Delete `␍`  prettier/prettier
   36:16  warning  Delete `␍`  prettier/prettier
   37:22  warning  Delete `␍`  prettier/prettier
   38:14  warning  Delete `␍`  prettier/prettier
   39:6   warning  Delete `␍`  prettier/prettier
   40:5   warning  Delete `␍`  prettier/prettier
   41:3   warning  Delete `␍`  prettier/prettier
   42:1   warning  Delete `␍`  prettier/prettier
   43:97  warning  Delete `␍`  prettier/prettier
   44:72  warning  Delete `␍`  prettier/prettier
   45:88  warning  Delete `␍`  prettier/prettier
   46:26  warning  Delete `␍`  prettier/prettier
   47:81  warning  Delete `␍`  prettier/prettier
   48:76  warning  Delete `␍`  prettier/prettier
   49:6   warning  Delete `␍`  prettier/prettier
   50:4   warning  Delete `␍`  prettier/prettier
   51:14  warning  Delete `␍`  prettier/prettier
   52:2   warning  Delete `␍`  prettier/prettier
   53:1   warning  Delete `␍`  prettier/prettier
   54:41  warning  Delete `␍`  prettier/prettier
   55:18  warning  Delete `␍`  prettier/prettier
   56:10  warning  Delete `␍`  prettier/prettier
   57:2   warning  Delete `␍`  prettier/prettier
   58:10  warning  Delete `␍`  prettier/prettier
   59:1   warning  Delete `␍`  prettier/prettier
   60:11  warning  Delete `␍`  prettier/prettier
   61:13  warning  Delete `␍`  prettier/prettier
   62:30  warning  Delete `␍`  prettier/prettier
   63:54  warning  Delete `␍`  prettier/prettier
   64:17  warning  Delete `␍`  prettier/prettier
   65:60  warning  Delete `␍`  prettier/prettier
   66:4   warning  Delete `␍`  prettier/prettier
   67:30  warning  Delete `␍`  prettier/prettier
   68:59  warning  Delete `␍`  prettier/prettier
   69:59  warning  Delete `␍`  prettier/prettier
   70:27  warning  Delete `␍`  prettier/prettier
   71:58  warning  Delete `␍`  prettier/prettier
   72:85  warning  Delete `␍`  prettier/prettier
   73:82  warning  Delete `␍`  prettier/prettier
   74:15  warning  Delete `␍`  prettier/prettier
   75:27  warning  Delete `␍`  prettier/prettier
   76:74  warning  Delete `␍`  prettier/prettier
   77:37  warning  Delete `␍`  prettier/prettier
   78:14  warning  Delete `␍`  prettier/prettier
   79:66  warning  Delete `␍`  prettier/prettier
   80:43  warning  Delete `␍`  prettier/prettier
   81:66  warning  Delete `␍`  prettier/prettier
   82:17  warning  Delete `␍`  prettier/prettier
   83:15  warning  Delete `␍`  prettier/prettier
   84:13  warning  Delete `␍`  prettier/prettier
   85:21  warning  Delete `␍`  prettier/prettier
   86:32  warning  Delete `␍`  prettier/prettier
   87:29  warning  Delete `␍`  prettier/prettier
   88:30  warning  Delete `␍`  prettier/prettier
   89:23  warning  Delete `␍`  prettier/prettier
   90:35  warning  Delete `␍`  prettier/prettier
   91:39  warning  Delete `␍`  prettier/prettier
   92:9   warning  Delete `␍`  prettier/prettier
   93:11  warning  Delete `␍`  prettier/prettier
   94:15  warning  Delete `␍`  prettier/prettier
   95:12  warning  Delete `␍`  prettier/prettier
   96:1   warning  Delete `␍`  prettier/prettier
   97:15  warning  Delete `␍`  prettier/prettier
   98:9   warning  Delete `␍`  prettier/prettier
   99:36  warning  Delete `␍`  prettier/prettier
  100:19  warning  Delete `␍`  prettier/prettier
  101:2   warning  Delete `␍`  prettier/prettier
  102:8   warning  Delete `␍`  prettier/prettier
  103:17  warning  Delete `␍`  prettier/prettier
  104:23  warning  Delete `␍`  prettier/prettier
  105:12  warning  Delete `␍`  prettier/prettier
  106:19  warning  Delete `␍`  prettier/prettier
  107:18  warning  Delete `␍`  prettier/prettier
  108:2   warning  Delete `␍`  prettier/prettier
  109:12  warning  Delete `␍`  prettier/prettier
  110:20  warning  Delete `␍`  prettier/prettier
  111:2   warning  Delete `␍`  prettier/prettier
  112:8   warning  Delete `␍`  prettier/prettier
  113:18  warning  Delete `␍`  prettier/prettier
  114:21  warning  Delete `␍`  prettier/prettier
  115:2   warning  Delete `␍`  prettier/prettier
  116:8   warning  Delete `␍`  prettier/prettier
  117:19  warning  Delete `␍`  prettier/prettier
  118:19  warning  Delete `␍`  prettier/prettier
  119:2   warning  Delete `␍`  prettier/prettier
  120:12  warning  Delete `␍`  prettier/prettier
  121:18  warning  Delete `␍`  prettier/prettier
  122:2   warning  Delete `␍`  prettier/prettier
  123:17  warning  Delete `␍`  prettier/prettier
  124:23  warning  Delete `␍`  prettier/prettier
  125:20  warning  Delete `␍`  prettier/prettier
  126:22  warning  Delete `␍`  prettier/prettier
  127:2   warning  Delete `␍`  prettier/prettier
  128:7   warning  Delete `␍`  prettier/prettier
  129:18  warning  Delete `␍`  prettier/prettier
  130:33  warning  Delete `␍`  prettier/prettier
  131:2   warning  Delete `␍`  prettier/prettier
  132:7   warning  Delete `␍`  prettier/prettier
  133:18  warning  Delete `␍`  prettier/prettier
  134:20  warning  Delete `␍`  prettier/prettier
  135:2   warning  Delete `␍`  prettier/prettier
  136:9   warning  Delete `␍`  prettier/prettier
  137:17  warning  Delete `␍`  prettier/prettier
  138:18  warning  Delete `␍`  prettier/prettier
  139:2   warning  Delete `␍`  prettier/prettier
  140:9   warning  Delete `␍`  prettier/prettier

H:\codex\林家餐厅小程序\family-kitchen-c01\admin\src\views\business-config\GroupCard.vue
    1:25  warning  Delete `␍`                                                                 prettier/prettier
    2:47  warning  Delete `␍`                                                                 prettier/prettier
    3:42  warning  Delete `␍`                                                                 prettier/prettier
    4:55  warning  Delete `␍`                                                                 prettier/prettier
    5:47  warning  Delete `␍`                                                                 prettier/prettier
    6:85  warning  Delete `␍`                                                                 prettier/prettier
    7:1   warning  Delete `␍`                                                                 prettier/prettier
    8:28  warning  Delete `␍`                                                                 prettier/prettier
    9:19  warning  Delete `␍`                                                                 prettier/prettier
   10:29  warning  Delete `␍`                                                                 prettier/prettier
   11:6   warning  Delete `␍`                                                                 prettier/prettier
   12:1   warning  Delete `␍`                                                                 prettier/prettier
   13:27  warning  Delete `␍`                                                                 prettier/prettier
   14:52  warning  Delete `␍`                                                                 prettier/prettier
   15:47  warning  Delete `␍`                                                                 prettier/prettier
   16:6   warning  Delete `␍`                                                                 prettier/prettier
   17:1   warning  Delete `␍`                                                                 prettier/prettier
   18:28  warning  Delete `␍`                                                                 prettier/prettier
   19:27  warning  Delete `␍`                                                                 prettier/prettier
   20:52  warning  Delete `␍`                                                                 prettier/prettier
   21:1   warning  Delete `␍`                                                                 prettier/prettier
   22:29  warning  Delete `␍`                                                                 prettier/prettier
   23:39  warning  Delete `␍`                                                                 prettier/prettier
   24:72  warning  Delete `␍`                                                                 prettier/prettier
   25:4   warning  Delete `␍`                                                                 prettier/prettier
   26:24  warning  Delete `␍`                                                                 prettier/prettier
   27:2   warning  Delete `␍`                                                                 prettier/prettier
   28:1   warning  Delete `␍`                                                                 prettier/prettier
   29:30  warning  Delete `␍`                                                                 prettier/prettier
   30:25  warning  Delete `␍`                                                                 prettier/prettier
   31:2   warning  Delete `␍`                                                                 prettier/prettier
   32:1   warning  Delete `␍`                                                                 prettier/prettier
   33:39  warning  Delete `␍`                                                                 prettier/prettier
   34:39  warning  Delete `␍`                                                                 prettier/prettier
   35:27  warning  Delete `␍`                                                                 prettier/prettier
   36:28  warning  Delete `␍`                                                                 prettier/prettier
   37:59  warning  Delete `␍`                                                                 prettier/prettier
   38:45  warning  Delete `␍`                                                                 prettier/prettier
   39:16  warning  Delete `␍`                                                                 prettier/prettier
   40:8   warning  Delete `␍`                                                                 prettier/prettier
   41:46  warning  Delete `␍`                                                                 prettier/prettier
   42:53  warning  Delete `␍`                                                                 prettier/prettier
   43:16  warning  Delete `␍`                                                                 prettier/prettier
   44:8   warning  Delete `␍`                                                                 prettier/prettier
   45:46  warning  Delete `␍`                                                                 prettier/prettier
   46:53  warning  Delete `␍`                                                                 prettier/prettier
   47:16  warning  Delete `␍`                                                                 prettier/prettier
   48:8   warning  Delete `␍`                                                                 prettier/prettier
   49:13  warning  Delete `␍`                                                                 prettier/prettier
   50:41  warning  Delete `␍`                                                                 prettier/prettier
   51:44  warning  Delete `␍`                                                                 prettier/prettier
   52:16  warning  Delete `␍`                                                                 prettier/prettier
   53:8   warning  Delete `␍`                                                                 prettier/prettier
   54:45  warning  Delete `␍`                                                                 prettier/prettier
   55:45  warning  Delete `␍`                                                                 prettier/prettier
   56:16  warning  Delete `␍`                                                                 prettier/prettier
   57:8   warning  Delete `␍`                                                                 prettier/prettier
   58:6   warning  Delete `␍`                                                                 prettier/prettier
   59:4   warning  Delete `␍`                                                                 prettier/prettier
   60:1   warning  Delete `␍`                                                                 prettier/prettier
   61:23  warning  Delete `␍`                                                                 prettier/prettier
   62:8   warning  Delete `␍`                                                                 prettier/prettier
   63:82  warning  Delete `␍`                                                                 prettier/prettier
   64:37  warning  Delete `␍`                                                                 prettier/prettier
   65:95  warning  Delete `␍`                                                                 prettier/prettier
   66:27  warning  Delete `␍`                                                                 prettier/prettier
   67:25  warning  Delete `␍`                                                                 prettier/prettier
   68:97  warning  Delete `␍`                                                                 prettier/prettier
   69:17  warning  Delete `␍`                                                                 prettier/prettier
   70:59  warning  Replace `msg·??·'保存失败');␍` with `(msg·??·'保存失败'));`                        prettier/prettier
   71:14  warning  Delete `␍`                                                                 prettier/prettier
   72:26  warning  Delete `␍`                                                                 prettier/prettier
   73:4   warning  Delete `␍`                                                                 prettier/prettier
   74:2   warning  Delete `␍`                                                                 prettier/prettier
   75:1   warning  Delete `␍`                                                                 prettier/prettier
   76:82  warning  Delete `␍`                                                                 prettier/prettier
   77:10  warning  Delete `␍`                                                                 prettier/prettier
   78:1   warning  Delete `␍`                                                                 prettier/prettier
   79:11  warning  Delete `␍`                                                                 prettier/prettier
   80:46  warning  Delete `␍`                                                                 prettier/prettier
   81:23  warning  Delete `␍`                                                                 prettier/prettier
   82:27  warning  Delete `␍`                                                                 prettier/prettier
   83:52  warning  Delete `␍`                                                                 prettier/prettier
   84:30  warning  Delete `␍`                                                                 prettier/prettier
   85:99  warning  Delete `␍`                                                                 prettier/prettier
   86:15  warning  Delete `␍`                                                                 prettier/prettier
   87:23  warning  Delete `␍`                                                                 prettier/prettier
   88:87  warning  Replace `>编辑</el-button>␍` with `⏎············>编辑</el-button⏎··········>`  prettier/prettier
   89:28  warning  Delete `␍`                                                                 prettier/prettier
   90:71  warning  Delete `␍`                                                                 prettier/prettier
   91:98  warning  Delete `␍`                                                                 prettier/prettier
   92:22  warning  Delete `␍`                                                                 prettier/prettier
   93:15  warning  Delete `␍`                                                                 prettier/prettier
   94:13  warning  Delete `␍`                                                                 prettier/prettier
   95:16  warning  Delete `␍`                                                                 prettier/prettier
   96:1   warning  Delete `␍`                                                                 prettier/prettier
   97:73  warning  Delete `␍`                                                                 prettier/prettier
   98:1   warning  Delete `␍`                                                                 prettier/prettier
   99:72  warning  Delete `␍`                                                                 prettier/prettier
  100:76  warning  Delete `␍`                                                                 prettier/prettier
  101:25  warning  Delete `␍`                                                                 prettier/prettier
  102:34  warning  Delete `␍`                                                                 prettier/prettier
  103:20  warning  Replace `(form[f.key]·as·number)"␍` with `form[f.key]·as·number"`          prettier/prettier
  104:33  warning  Delete `␍`                                                                 prettier/prettier
  105:23  warning  Delete `␍`                                                                 prettier/prettier
  106:23  warning  Delete `␍`                                                                 prettier/prettier
  107:36  warning  Delete `␍`                                                                 prettier/prettier
  108:31  warning  Delete `␍`                                                                 prettier/prettier
  109:11  warning  Delete `␍`                                                                 prettier/prettier
  110:18  warning  Delete `␍`                                                                 prettier/prettier
  111:17  warning  Delete `␍`                                                                 prettier/prettier
  112:20  warning  Replace `(form[f.key]·as·string)"␍` with `form[f.key]·as·string"`          prettier/prettier
  113:33  warning  Delete `␍`                                                                 prettier/prettier
  114:26  warning  Delete `␍`                                                                 prettier/prettier
  115:26  warning  Delete `␍`                                                                 prettier/prettier
  116:31  warning  Delete `␍`                                                                 prettier/prettier
  117:11  warning  Delete `␍`                                                                 prettier/prettier
  118:61  warning  Delete `␍`                                                                 prettier/prettier
  119:63  warning  Delete `␍`                                                                 prettier/prettier
  120:22  warning  Delete `␍`                                                                 prettier/prettier
  121:15  warning  Delete `␍`                                                                 prettier/prettier
  122:1   warning  Delete `␍`                                                                 prettier/prettier
  123:48  warning  Delete `␍`                                                                 prettier/prettier
  124:84  warning  Delete `␍`                                                                 prettier/prettier
  125:29  warning  Delete `␍`                                                                 prettier/prettier
  126:43  warning  Delete `␍`                                                                 prettier/prettier
  127:59  warning  Delete `␍`                                                                 prettier/prettier
  128:16  warning  Delete `␍`                                                                 prettier/prettier
  129:92  warning  Delete `␍`                                                                 prettier/prettier
  130:63  warning  Delete `␍`                                                                 prettier/prettier
  131:96  warning  Delete `␍`                                                                 prettier/prettier
  132:30  warning  Delete `␍`                                                                 prettier/prettier
  133:23  warning  Delete `␍`                                                                 prettier/prettier
  134:13  warning  Delete `␍`                                                                 prettier/prettier
  135:12  warning  Delete `␍`                                                                 prettier/prettier
  136:1   warning  Delete `␍`                                                                 prettier/prettier
  137:15  warning  Delete `␍`                                                                 prettier/prettier
  138:14  warning  Delete `␍`                                                                 prettier/prettier
  139:23  warning  Delete `␍`                                                                 prettier/prettier
  140:2   warning  Delete `␍`                                                                 prettier/prettier
  141:10  warning  Delete `␍`                                                                 prettier/prettier
  142:17  warning  Delete `␍`                                                                 prettier/prettier
  143:23  warning  Delete `␍`                                                                 prettier/prettier
  144:34  warning  Delete `␍`                                                                 prettier/prettier
  145:2   warning  Delete `␍`                                                                 prettier/prettier
  146:9   warning  Delete `␍`                                                                 prettier/prettier
  147:20  warning  Delete `␍`                                                                 prettier/prettier
  148:2   warning  Delete `␍`                                                                 prettier/prettier
  149:14  warning  Delete `␍`                                                                 prettier/prettier
  150:18  warning  Delete `␍`                                                                 prettier/prettier
  151:19  warning  Delete `␍`                                                                 prettier/prettier
  152:22  warning  Delete `␍`                                                                 prettier/prettier
  153:2   warning  Delete `␍`                                                                 prettier/prettier
  154:9   warning  Delete `␍`                                                                 prettier/prettier
  155:20  warning  Delete `␍`                                                                 prettier/prettier
  156:18  warning  Delete `␍`                                                                 prettier/prettier
  157:2   warning  Delete `␍`                                                                 prettier/prettier
  158:8   warning  Delete `␍`                                                                 prettier/prettier
  159:18  warning  Delete `␍`                                                                 prettier/prettier
  160:19  warning  Delete `␍`                                                                 prettier/prettier
  161:20  warning  Delete `␍`                                                                 prettier/prettier
  162:2   warning  Delete `␍`                                                                 prettier/prettier
  163:8   warning  Delete `␍`                                                                 prettier/prettier
  164:18  warning  Delete `␍`                                                                 prettier/prettier
  165:19  warning  Delete `␍`                                                                 prettier/prettier
  166:20  warning  Delete `␍`                                                                 prettier/prettier
  167:2   warning  Delete `␍`                                                                 prettier/prettier
  168:11  warning  Delete `␍`                                                                 prettier/prettier
  169:18  warning  Delete `␍`                                                                 prettier/prettier
  170:20  warning  Delete `␍`                                                                 prettier/prettier
  171:19  warning  Delete `␍`                                                                 prettier/prettier
  172:2   warning  Delete `␍`                                                                 prettier/prettier
  173:9   warning  Delete `␍`                                                                 prettier/prettier

H:\codex\林家餐厅小程序\family-kitchen-c01\admin\src\views\business-config\field-meta.ts
    1:55  warning  Delete `␍`  prettier/prettier
    2:1   warning  Delete `␍`  prettier/prettier
    3:42  warning  Delete `␍`  prettier/prettier
    4:1   warning  Delete `␍`  prettier/prettier
    5:29  warning  Delete `␍`  prettier/prettier
    6:15  warning  Delete `␍`  prettier/prettier
    7:17  warning  Delete `␍`  prettier/prettier
    8:17  warning  Delete `␍`  prettier/prettier
    9:19  warning  Delete `␍`  prettier/prettier
   10:16  warning  Delete `␍`  prettier/prettier
   11:16  warning  Delete `␍`  prettier/prettier
   12:20  warning  Delete `␍`  prettier/prettier
   13:22  warning  Delete `␍`  prettier/prettier
   14:17  warning  Delete `␍`  prettier/prettier
   15:2   warning  Delete `␍`  prettier/prettier
   16:1   warning  Delete `␍`  prettier/prettier
   17:29  warning  Delete `␍`  prettier/prettier
   18:22  warning  Delete `␍`  prettier/prettier
   19:17  warning  Delete `␍`  prettier/prettier
   20:23  warning  Delete `␍`  prettier/prettier
   21:22  warning  Delete `␍`  prettier/prettier
   22:2   warning  Delete `␍`  prettier/prettier
   23:1   warning  Delete `␍`  prettier/prettier
   24:27  warning  Delete `␍`  prettier/prettier
   25:15  warning  Delete `␍`  prettier/prettier
   26:17  warning  Delete `␍`  prettier/prettier
   27:25  warning  Delete `␍`  prettier/prettier
   28:2   warning  Delete `␍`  prettier/prettier
   29:1   warning  Delete `␍`  prettier/prettier
   30:40  warning  Delete `␍`  prettier/prettier
   31:4   warning  Delete `␍`  prettier/prettier
   32:17  warning  Delete `␍`  prettier/prettier
   33:19  warning  Delete `␍`  prettier/prettier
   34:72  warning  Delete `␍`  prettier/prettier
   35:5   warning  Delete `␍`  prettier/prettier
   36:4   warning  Delete `␍`  prettier/prettier
   37:20  warning  Delete `␍`  prettier/prettier
   38:19  warning  Delete `␍`  prettier/prettier
   39:65  warning  Delete `␍`  prettier/prettier
   40:5   warning  Delete `␍`  prettier/prettier
   41:4   warning  Delete `␍`  prettier/prettier
   42:24  warning  Delete `␍`  prettier/prettier
   43:19  warning  Delete `␍`  prettier/prettier
   44:51  warning  Delete `␍`  prettier/prettier
   45:5   warning  Delete `␍`  prettier/prettier
   46:4   warning  Delete `␍`  prettier/prettier
   47:16  warning  Delete `␍`  prettier/prettier
   48:17  warning  Delete `␍`  prettier/prettier
   49:19  warning  Delete `␍`  prettier/prettier
   50:5   warning  Delete `␍`  prettier/prettier
   51:3   warning  Delete `␍`  prettier/prettier
   52:1   warning  Delete `␍`  prettier/prettier
   53:42  warning  Delete `␍`  prettier/prettier
   54:4   warning  Delete `␍`  prettier/prettier
   55:36  warning  Delete `␍`  prettier/prettier
   56:20  warning  Delete `␍`  prettier/prettier
   57:14  warning  Delete `␍`  prettier/prettier
   58:73  warning  Delete `␍`  prettier/prettier
   59:8   warning  Delete `␍`  prettier/prettier
   60:38  warning  Delete `␍`  prettier/prettier
   61:23  warning  Delete `␍`  prettier/prettier
   62:27  warning  Delete `␍`  prettier/prettier
   63:21  warning  Delete `␍`  prettier/prettier
   64:16  warning  Delete `␍`  prettier/prettier
   65:17  warning  Delete `␍`  prettier/prettier
   66:9   warning  Delete `␍`  prettier/prettier
   67:8   warning  Delete `␍`  prettier/prettier
   68:40  warning  Delete `␍`  prettier/prettier
   69:25  warning  Delete `␍`  prettier/prettier
   70:37  warning  Delete `␍`  prettier/prettier
   71:21  warning  Delete `␍`  prettier/prettier
   72:16  warning  Delete `␍`  prettier/prettier
   73:17  warning  Delete `␍`  prettier/prettier
   74:9   warning  Delete `␍`  prettier/prettier
   75:86  warning  Delete `␍`  prettier/prettier
   76:7   warning  Delete `␍`  prettier/prettier
   77:5   warning  Delete `␍`  prettier/prettier
   78:4   warning  Delete `␍`  prettier/prettier
   79:29  warning  Delete `␍`  prettier/prettier
   80:19  warning  Delete `␍`  prettier/prettier
   81:14  warning  Delete `␍`  prettier/prettier
   82:79  warning  Delete `␍`  prettier/prettier
   83:94  warning  Delete `␍`  prettier/prettier
   84:7   warning  Delete `␍`  prettier/prettier
   85:5   warning  Delete `␍`  prettier/prettier
   86:4   warning  Delete `␍`  prettier/prettier
   87:30  warning  Delete `␍`  prettier/prettier
   88:19  warning  Delete `␍`  prettier/prettier
   89:14  warning  Delete `␍`  prettier/prettier
   90:8   warning  Delete `␍`  prettier/prettier
   91:40  warning  Delete `␍`  prettier/prettier
   92:25  warning  Delete `␍`  prettier/prettier
   93:21  warning  Delete `␍`  prettier/prettier
   94:18  warning  Delete `␍`  prettier/prettier
   95:21  warning  Delete `␍`  prettier/prettier
   96:19  warning  Delete `␍`  prettier/prettier
   97:9   warning  Delete `␍`  prettier/prettier
   98:8   warning  Delete `␍`  prettier/prettier
   99:47  warning  Delete `␍`  prettier/prettier
  100:26  warning  Delete `␍`  prettier/prettier
  101:21  warning  Delete `␍`  prettier/prettier
  102:19  warning  Delete `␍`  prettier/prettier
  103:21  warning  Delete `␍`  prettier/prettier
  104:19  warning  Delete `␍`  prettier/prettier
  105:9   warning  Delete `␍`  prettier/prettier
  106:8   warning  Delete `␍`  prettier/prettier
  107:35  warning  Delete `␍`  prettier/prettier
  108:25  warning  Delete `␍`  prettier/prettier
  109:21  warning  Delete `␍`  prettier/prettier
  110:17  warning  Delete `␍`  prettier/prettier
  111:19  warning  Delete `␍`  prettier/prettier
  112:19  warning  Delete `␍`  prettier/prettier
  113:9   warning  Delete `␍`  prettier/prettier
  114:8   warning  Delete `␍`  prettier/prettier
  115:43  warning  Delete `␍`  prettier/prettier
  116:27  warning  Delete `␍`  prettier/prettier
  117:21  warning  Delete `␍`  prettier/prettier
  118:16  warning  Delete `␍`  prettier/prettier
  119:18  warning  Delete `␍`  prettier/prettier
  120:20  warning  Delete `␍`  prettier/prettier
  121:9   warning  Delete `␍`  prettier/prettier
  122:7   warning  Delete `␍`  prettier/prettier
  123:5   warning  Delete `␍`  prettier/prettier
  124:4   warning  Delete `␍`  prettier/prettier
  125:31  warning  Delete `␍`  prettier/prettier
  126:21  warning  Delete `␍`  prettier/prettier
  127:53  warning  Delete `␍`  prettier/prettier
  128:14  warning  Delete `␍`  prettier/prettier
  129:82  warning  Delete `␍`  prettier/prettier
  130:85  warning  Delete `␍`  prettier/prettier
  131:74  warning  Delete `␍`  prettier/prettier
  132:78  warning  Delete `␍`  prettier/prettier
  133:79  warning  Delete `␍`  prettier/prettier
  134:7   warning  Delete `␍`  prettier/prettier
  135:5   warning  Delete `␍`  prettier/prettier
  136:4   warning  Delete `␍`  prettier/prettier
  137:31  warning  Delete `␍`  prettier/prettier
  138:19  warning  Delete `␍`  prettier/prettier
  139:14  warning  Delete `␍`  prettier/prettier
  140:93  warning  Delete `␍`  prettier/prettier
  141:90  warning  Delete `␍`  prettier/prettier
  142:7   warning  Delete `␍`  prettier/prettier
  143:5   warning  Delete `␍`  prettier/prettier
  144:4   warning  Delete `␍`  prettier/prettier
  145:31  warning  Delete `␍`  prettier/prettier
  146:19  warning  Delete `␍`  prettier/prettier
  147:31  warning  Delete `␍`  prettier/prettier
  148:14  warning  Delete `␍`  prettier/prettier
  149:66  warning  Delete `␍`  prettier/prettier
  150:67  warning  Delete `␍`  prettier/prettier
  151:87  warning  Delete `␍`  prettier/prettier
  152:76  warning  Delete `␍`  prettier/prettier
  153:7   warning  Delete `␍`  prettier/prettier
  154:5   warning  Delete `␍`  prettier/prettier
  155:4   warning  Delete `␍`  prettier/prettier
  156:28  warning  Delete `␍`  prettier/prettier
  157:17  warning  Delete `␍`  prettier/prettier
  158:55  warning  Delete `␍`  prettier/prettier
  159:14  warning  Delete `␍`  prettier/prettier
  160:82  warning  Delete `␍`  prettier/prettier
  161:80  warning  Delete `␍`  prettier/prettier
  162:7   warning  Delete `␍`  prettier/prettier
  163:5   warning  Delete `␍`  prettier/prettier
  164:4   warning  Delete `␍`  prettier/prettier
  165:33  warning  Delete `␍`  prettier/prettier
  166:25  warning  Delete `␍`  prettier/prettier
  167:14  warning  Delete `␍`  prettier/prettier
  168:8   warning  Delete `␍`  prettier/prettier
  169:31  warning  Delete `␍`  prettier/prettier
  170:23  warning  Delete `␍`  prettier/prettier
  171:24  warning  Delete `␍`  prettier/prettier
  172:43  warning  Delete `␍`  prettier/prettier
  173:9   warning  Delete `␍`  prettier/prettier
  174:97  warning  Delete `␍`  prettier/prettier
  175:97  warning  Delete `␍`  prettier/prettier
  176:8   warning  Delete `␍`  prettier/prettier
  177:37  warning  Delete `␍`  prettier/prettier
  178:23  warning  Delete `␍`  prettier/prettier
  179:24  warning  Delete `␍`  prettier/prettier
  180:43  warning  Delete `␍`  prettier/prettier
  181:9   warning  Delete `␍`  prettier/prettier
  182:7   warning  Delete `␍`  prettier/prettier
  183:5   warning  Delete `␍`  prettier/prettier
  184:3   warning  Delete `␍`  prettier/prettier

H:\codex\林家餐厅小程序\family-kitchen-c01\admin\src\views\chef-level\ChefLevelFormDrawer.vue
    1:25   warning  Delete `␍`                                 prettier/prettier
    2:44   warning  Delete `␍`                                 prettier/prettier
    3:42   warning  Delete `␍`                                 prettier/prettier
    4:53   warning  Delete `␍`                                 prettier/prettier
    5:75   warning  Delete `␍`                                 prettier/prettier
    6:1    warning  Delete `␍`                                 prettier/prettier
    7:28   warning  Delete `␍`                                 prettier/prettier
    8:20   warning  Delete `␍`                                 prettier/prettier
    9:37   warning  Delete `␍`                                 prettier/prettier
   10:6    warning  Delete `␍`                                 prettier/prettier
   11:1    warning  Delete `␍`                                 prettier/prettier
   12:27   warning  Delete `␍`                                 prettier/prettier
   13:47   warning  Delete `␍`                                 prettier/prettier
   14:22   warning  Delete `␍`                                 prettier/prettier
   15:6    warning  Delete `␍`                                 prettier/prettier
   16:1    warning  Delete `␍`                                 prettier/prettier
   17:46   warning  Delete `␍`                                 prettier/prettier
   18:27   warning  Delete `␍`                                 prettier/prettier
   19:36   warning  Delete `␍`                                 prettier/prettier
   20:1    warning  Delete `␍`                                 prettier/prettier
   21:21   warning  Delete `␍`                                 prettier/prettier
   22:8    warning  Delete `␍`                                 prettier/prettier
   23:11   warning  Delete `␍`                                 prettier/prettier
   24:11   warning  Delete `␍`                                 prettier/prettier
   25:11   warning  Delete `␍`                                 prettier/prettier
   26:8    warning  Delete `␍`                                 prettier/prettier
   27:8    warning  Delete `␍`                                 prettier/prettier
   28:8    warning  Delete `␍`                                 prettier/prettier
   29:8    warning  Delete `␍`                                 prettier/prettier
   30:8    warning  Delete `␍`                                 prettier/prettier
   31:8    warning  Delete `␍`                                 prettier/prettier
   32:8    warning  Delete `␍`                                 prettier/prettier
   33:8    warning  Delete `␍`                                 prettier/prettier
   34:8    warning  Delete `␍`                                 prettier/prettier
   35:9    warning  Delete `␍`                                 prettier/prettier
   36:8    warning  Delete `␍`                                 prettier/prettier
   37:7    warning  Delete `␍`                                 prettier/prettier
   38:8    warning  Delete `␍`                                 prettier/prettier
   39:7    warning  Delete `␍`                                 prettier/prettier
   40:8    warning  Delete `␍`                                 prettier/prettier
   41:8    warning  Delete `␍`                                 prettier/prettier
   42:8    warning  Delete `␍`                                 prettier/prettier
   43:8    warning  Delete `␍`                                 prettier/prettier
   44:8    warning  Delete `␍`                                 prettier/prettier
   45:8    warning  Delete `␍`                                 prettier/prettier
   46:14   warning  Delete `␍`                                 prettier/prettier
   47:14   warning  Delete `␍`                                 prettier/prettier
   48:8    warning  Delete `␍`                                 prettier/prettier
   49:8    warning  Delete `␍`                                 prettier/prettier
   50:8    warning  Delete `␍`                                 prettier/prettier
   51:8    warning  Delete `␍`                                 prettier/prettier
   52:8    warning  Delete `␍`                                 prettier/prettier
   53:8    warning  Delete `␍`                                 prettier/prettier
   54:3    warning  Delete `␍`                                 prettier/prettier
   55:1    warning  Delete `␍`                                 prettier/prettier
   56:19   warning  Delete `␍`                                 prettier/prettier
   57:11   warning  Delete `␍`                                 prettier/prettier
   58:13   warning  Delete `␍`                                 prettier/prettier
   59:13   warning  Delete `␍`                                 prettier/prettier
   60:16   warning  Delete `␍`                                 prettier/prettier
   61:19   warning  Delete `␍`                                 prettier/prettier
   62:16   warning  Delete `␍`                                 prettier/prettier
   63:4    warning  Delete `␍`                                 prettier/prettier
   64:1    warning  Delete `␍`                                 prettier/prettier
   65:7    warning  Delete `␍`                                 prettier/prettier
   66:23   warning  Delete `␍`                                 prettier/prettier
   67:13   warning  Delete `␍`                                 prettier/prettier
   68:16   warning  Delete `␍`                                 prettier/prettier
   69:37   warning  Delete `␍`                                 prettier/prettier
   70:6    warning  Delete `␍`                                 prettier/prettier
   71:15   warning  Delete `␍`                                 prettier/prettier
   72:25   warning  Delete `␍`                                 prettier/prettier
   73:23   warning  Delete `␍`                                 prettier/prettier
   74:32   warning  Delete `␍`                                 prettier/prettier
   75:36   warning  Delete `␍`                                 prettier/prettier
   76:36   warning  Delete `␍`                                 prettier/prettier
   77:44   warning  Delete `␍`                                 prettier/prettier
   78:50   warning  Delete `␍`                                 prettier/prettier
   79:44   warning  Delete `␍`                                 prettier/prettier
   80:11   warning  Delete `␍`                                 prettier/prettier
   81:15   warning  Delete `␍`                                 prettier/prettier
   82:23   warning  Delete `␍`                                 prettier/prettier
   83:19   warning  Delete `␍`                                 prettier/prettier
   84:21   warning  Delete `␍`                                 prettier/prettier
   85:21   warning  Delete `␍`                                 prettier/prettier
   86:24   warning  Delete `␍`                                 prettier/prettier
   87:27   warning  Delete `␍`                                 prettier/prettier
   88:24   warning  Delete `␍`                                 prettier/prettier
   89:11   warning  Delete `␍`                                 prettier/prettier
   90:8    warning  Delete `␍`                                 prettier/prettier
   91:6    warning  Delete `␍`                                 prettier/prettier
   92:5    warning  Delete `␍`                                 prettier/prettier
   93:3    warning  Delete `␍`                                 prettier/prettier
   94:1    warning  Delete `␍`                                 prettier/prettier
   95:45   warning  Delete `␍`                                 prettier/prettier
   96:42   warning  Delete `␍`                                 prettier/prettier
   97:36   warning  Delete `␍`                                 prettier/prettier
   98:12   warning  Delete `␍`                                 prettier/prettier
   99:4    warning  Delete `␍`                                 prettier/prettier
  100:27   warning  Delete `␍`                                 prettier/prettier
  101:32   warning  Delete `␍`                                 prettier/prettier
  102:12   warning  Delete `␍`                                 prettier/prettier
  103:4    warning  Delete `␍`                                 prettier/prettier
  104:1    warning  Delete `␍`                                 prettier/prettier
  105:23   warning  Delete `␍`                                 prettier/prettier
  106:8    warning  Delete `␍`                                 prettier/prettier
  107:24   warning  Delete `␍`                                 prettier/prettier
  108:52   warning  Delete `␍`                                 prettier/prettier
  109:33   warning  Delete `␍`                                 prettier/prettier
  110:33   warning  Delete `␍`                                 prettier/prettier
  111:41   warning  Delete `␍`                                 prettier/prettier
  112:47   warning  Delete `␍`                                 prettier/prettier
  113:41   warning  Delete `␍`                                 prettier/prettier
  114:10   warning  Delete `␍`                                 prettier/prettier
  115:33   warning  Delete `␍`                                 prettier/prettier
  116:13   warning  Delete `␍`                                 prettier/prettier
  117:34   warning  Delete `␍`                                 prettier/prettier
  118:29   warning  Delete `␍`                                 prettier/prettier
  119:33   warning  Delete `␍`                                 prettier/prettier
  120:33   warning  Delete `␍`                                 prettier/prettier
  121:41   warning  Delete `␍`                                 prettier/prettier
  122:47   warning  Delete `␍`                                 prettier/prettier
  123:41   warning  Delete `␍`                                 prettier/prettier
  124:10   warning  Delete `␍`                                 prettier/prettier
  125:33   warning  Delete `␍`                                 prettier/prettier
  126:6    warning  Delete `␍`                                 prettier/prettier
  127:19   warning  Delete `␍`                                 prettier/prettier
  128:14   warning  Delete `␍`                                 prettier/prettier
  129:26   warning  Delete `␍`                                 prettier/prettier
  130:4    warning  Delete `␍`                                 prettier/prettier
  131:2    warning  Delete `␍`                                 prettier/prettier
  132:1    warning  Delete `␍`                                 prettier/prettier
  133:31   warning  Delete `␍`                                 prettier/prettier
  134:33   warning  Delete `␍`                                 prettier/prettier
  135:2    warning  Delete `␍`                                 prettier/prettier
  136:10   warning  Delete `␍`                                 prettier/prettier
  137:1    warning  Delete `␍`                                 prettier/prettier
  138:11   warning  Delete `␍`                                 prettier/prettier
  139:13   warning  Delete `␍`                                 prettier/prettier
  140:27   warning  Delete `␍`                                 prettier/prettier
  141:38   warning  Delete `␍`                                 prettier/prettier
  142:20   warning  Delete `␍`                                 prettier/prettier
  143:17   warning  Delete `␍`                                 prettier/prettier
  144:25   warning  Delete `␍`                                 prettier/prettier
  145:4    warning  Delete `␍`                                 prettier/prettier
  146:54   warning  Delete `␍`                                 prettier/prettier
  147:36   warning  Attribute "v-if" should go before "label"  vue/attributes-order
  147:51   warning  Delete `␍`                                 prettier/prettier
  148:80   warning  Delete `␍`                                 prettier/prettier
  149:22   warning  Delete `␍`                                 prettier/prettier
  150:43   warning  Delete `␍`                                 prettier/prettier
  151:54   warning  Delete `␍`                                 prettier/prettier
  152:22   warning  Delete `␍`                                 prettier/prettier
  153:1    warning  Delete `␍`                                 prettier/prettier
  154:32   warning  Delete `␍`                                 prettier/prettier
  155:76   warning  Delete `␍`                                 prettier/prettier
  156:22   warning  Delete `␍`                                 prettier/prettier
  157:1    warning  Delete `␍`                                 prettier/prettier
  158:35   warning  Delete `␍`                                 prettier/prettier
  159:20   warning  Delete `␍`                                 prettier/prettier
  160:37   warning  Delete `␍`                                 prettier/prettier
  161:35   warning  Delete `␍`                                 prettier/prettier
  162:23   warning  Delete `␍`                                 prettier/prettier
  163:26   warning  Delete `␍`                                 prettier/prettier
  164:10   warning  Delete `␍`                                 prettier/prettier
  165:32   warning  Delete `␍`                                 prettier/prettier
  166:84   warning  Delete `␍`                                 prettier/prettier
  167:84   warning  Delete `␍`                                 prettier/prettier
  168:65   warning  Delete `␍`                                 prettier/prettier
  169:68   warning  Delete `␍`                                 prettier/prettier
  170:19   warning  Delete `␍`                                 prettier/prettier
  171:22   warning  Delete `␍`                                 prettier/prettier
  172:37   warning  Delete `␍`                                 prettier/prettier
  173:37   warning  Delete `␍`                                 prettier/prettier
  174:20   warning  Delete `␍`                                 prettier/prettier
  175:40   warning  Delete `␍`                                 prettier/prettier
  176:25   warning  Delete `␍`                                 prettier/prettier
  177:35   warning  Delete `␍`                                 prettier/prettier
  178:54   warning  Delete `␍`                                 prettier/prettier
  179:25   warning  Delete `␍`                                 prettier/prettier
  180:34   warning  Delete `␍`                                 prettier/prettier
  181:43   warning  Delete `␍`                                 prettier/prettier
  182:18   warning  Delete `␍`                                 prettier/prettier
  183:31   warning  Delete `␍`                                 prettier/prettier
  184:16   warning  Delete `␍`                                 prettier/prettier
  185:19   warning  Delete `␍`                                 prettier/prettier
  186:17   warning  Delete `␍`                                 prettier/prettier
  187:22   warning  Delete `␍`                                 prettier/prettier
  188:22   warning  Delete `␍`                                 prettier/prettier
  189:1    warning  Delete `␍`                                 prettier/prettier
  190:35   warning  Delete `␍`                                 prettier/prettier
  191:72   warning  Delete `␍`                                 prettier/prettier
  192:22   warning  Delete `␍`                                 prettier/prettier
  193:1    warning  Delete `␍`                                 prettier/prettier
  194:36   warning  Delete `␍`                                 prettier/prettier
  195:101  warning  Delete `␍`                                 prettier/prettier
  196:22   warning  Delete `␍`                                 prettier/prettier
  197:1    warning  Delete `␍`                                 prettier/prettier
  198:34   warning  Delete `␍`                                 prettier/prettier
  199:73   warning  Delete `␍`                                 prettier/prettier
  200:22   warning  Delete `␍`                                 prettier/prettier
  201:15   warning  Delete `␍`                                 prettier/prettier
  202:1    warning  Delete `␍`                                 prettier/prettier
  203:23   warning  Delete `␍`                                 prettier/prettier
  204:53   warning  Delete `␍`                                 prettier/prettier
  205:71   warning  Delete `␍`                                 prettier/prettier
  206:35   warning  Delete `␍`                                 prettier/prettier
  207:19   warning  Delete `␍`                                 prettier/prettier
  208:16   warning  Delete `␍`                                 prettier/prettier
  209:15   warning  Delete `␍`                                 prettier/prettier
  210:12   warning  Delete `␍`                                 prettier/prettier
  211:1    warning  Delete `␍`                                 prettier/prettier
  212:15   warning  Delete `␍`                                 prettier/prettier
  213:14   warning  Delete `␍`                                 prettier/prettier
  214:18   warning  Delete `␍`                                 prettier/prettier
  215:2    warning  Delete `␍`                                 prettier/prettier
  216:1    warning  Delete `␍`                                 prettier/prettier
  217:19   warning  Delete `␍`                                 prettier/prettier
  218:17   warning  Delete `␍`                                 prettier/prettier
  219:24   warning  Delete `␍`                                 prettier/prettier
  220:23   warning  Delete `␍`                                 prettier/prettier
  221:12   warning  Delete `␍`                                 prettier/prettier
  222:21   warning  Delete `␍`                                 prettier/prettier
  223:29   warning  Delete `␍`                                 prettier/prettier
  224:22   warning  Delete `␍`                                 prettier/prettier
  225:19   warning  Delete `␍`                                 prettier/prettier
  226:20   warning  Delete `␍`                                 prettier/prettier
  227:16   warning  Delete `␍`                                 prettier/prettier
  228:26   warning  Delete `␍`                                 prettier/prettier
  229:33   warning  Delete `␍`                                 prettier/prettier
  230:2    warning  Delete `␍`                                 prettier/prettier
  231:23   warning  Delete `␍`                                 prettier/prettier
  232:25   warning  Delete `␍`                                 prettier/prettier
  233:2    warning  Delete `␍`                                 prettier/prettier
  234:17   warning  Delete `␍`                                 prettier/prettier
  235:19   warning  Delete `␍`                                 prettier/prettier
  236:18   warning  Delete `␍`                                 prettier/prettier
  237:2    warning  Delete `␍`                                 prettier/prettier
  238:21   warning  Delete `␍`                                 prettier/prettier
  239:19   warning  Delete `␍`                                 prettier/prettier
  240:18   warning  Delete `␍`                                 prettier/prettier
  241:2    warning  Delete `␍`                                 prettier/prettier
  242:15   warning  Delete `␍`                                 prettier/prettier
  243:21   warning  Delete `␍`                                 prettier/prettier
  244:18   warning  Delete `␍`                                 prettier/prettier
  245:19   warning  Delete `␍`                                 prettier/prettier
  246:2    warning  Delete `␍`                                 prettier/prettier
  247:16   warning  Delete `␍`                                 prettier/prettier
  248:21   warning  Delete `␍`                                 prettier/prettier
  249:20   warning  Delete `␍`                                 prettier/prettier
  250:2    warning  Delete `␍`                                 prettier/prettier
  251:14   warning  Delete `␍`                                 prettier/prettier
  252:17   warning  Delete `␍`                                 prettier/prettier
  253:41   warning  Delete `␍`                                 prettier/prettier
  254:12   warning  Delete `␍`                                 prettier/prettier
  255:2    warning  Delete `␍`                                 prettier/prettier
  256:14   warning  Delete `␍`                                 prettier/prettier
  257:17   warning  Delete `␍`                                 prettier/prettier
  258:23   warning  Delete `␍`                                 prettier/prettier
  259:27   warning  Delete `␍`                                 prettier/prettier
  260:15   warning  Delete `␍`                                 prettier/prettier
  261:16   warning  Delete `␍`                                 prettier/prettier
  262:19   warning  Delete `␍`                                 prettier/prettier
  263:22   warning  Delete `␍`                                 prettier/prettier
  264:19   warning  Delete `␍`                                 prettier/prettier
  265:32   warning  Delete `␍`                                 prettier/prettier
  266:2    warning  Delete `␍`                                 prettier/prettier
  267:20   warning  Delete `␍`                                 prettier/prettier
  268:23   warning  Delete `␍`                                 prettier/prettier
  269:2    warning  Delete `␍`                                 prettier/prettier
  270:21   warning  Delete `␍`                                 prettier/prettier
  271:23   warning  Delete `␍`                                 prettier/prettier
  272:33   warning  Delete `␍`                                 prettier/prettier
  273:2    warning  Delete `␍`                                 prettier/prettier
  274:9    warning  Delete `␍`                                 prettier/prettier

H:\codex\林家餐厅小程序\family-kitchen-c01\admin\src\views\chef-level\ChefLevelList.vue
    1:25   warning  Delete `␍`  prettier/prettier
    2:38   warning  Delete `␍`  prettier/prettier
    3:56   warning  Delete `␍`  prettier/prettier
    4:75   warning  Delete `␍`  prettier/prettier
    5:61   warning  Delete `␍`  prettier/prettier
    6:1    warning  Delete `␍`  prettier/prettier
    7:28   warning  Delete `␍`  prettier/prettier
    8:46   warning  Delete `␍`  prettier/prettier
    9:22   warning  Delete `␍`  prettier/prettier
   10:1    warning  Delete `␍`  prettier/prettier
   11:34   warning  Delete `␍`  prettier/prettier
   12:60   warning  Delete `␍`  prettier/prettier
   13:1    warning  Delete `␍`  prettier/prettier
   14:39   warning  Delete `␍`  prettier/prettier
   15:24   warning  Delete `␍`  prettier/prettier
   16:8    warning  Delete `␍`  prettier/prettier
   17:43   warning  Delete `␍`  prettier/prettier
   18:29   warning  Delete `␍`  prettier/prettier
   19:29   warning  Delete `␍`  prettier/prettier
   20:14   warning  Delete `␍`  prettier/prettier
   21:27   warning  Delete `␍`  prettier/prettier
   22:4    warning  Delete `␍`  prettier/prettier
   23:2    warning  Delete `␍`  prettier/prettier
   24:1    warning  Delete `␍`  prettier/prettier
   25:32   warning  Delete `␍`  prettier/prettier
   26:29   warning  Delete `␍`  prettier/prettier
   27:30   warning  Delete `␍`  prettier/prettier
   28:2    warning  Delete `␍`  prettier/prettier
   29:1    warning  Delete `␍`  prettier/prettier
   30:56   warning  Delete `␍`  prettier/prettier
   31:30   warning  Delete `␍`  prettier/prettier
   32:30   warning  Delete `␍`  prettier/prettier
   33:2    warning  Delete `␍`  prettier/prettier
   34:1    warning  Delete `␍`  prettier/prettier
   35:73   warning  Delete `␍`  prettier/prettier
   36:8    warning  Delete `␍`  prettier/prettier
   37:42   warning  Delete `␍`  prettier/prettier
   38:55   warning  Delete `␍`  prettier/prettier
   39:17   warning  Delete `␍`  prettier/prettier
   40:12   warning  Delete `␍`  prettier/prettier
   41:14   warning  Delete `␍`  prettier/prettier
   42:4    warning  Delete `␍`  prettier/prettier
   43:2    warning  Delete `␍`  prettier/prettier
   44:1    warning  Delete `␍`  prettier/prettier
   45:73   warning  Delete `␍`  prettier/prettier
   46:8    warning  Delete `␍`  prettier/prettier
   47:68   warning  Delete `␍`  prettier/prettier
   48:31   warning  Delete `␍`  prettier/prettier
   49:30   warning  Delete `␍`  prettier/prettier
   50:23   warning  Delete `␍`  prettier/prettier
   51:8    warning  Delete `␍`  prettier/prettier
   52:42   warning  Delete `␍`  prettier/prettier
   53:30   warning  Delete `␍`  prettier/prettier
   54:17   warning  Delete `␍`  prettier/prettier
   55:12   warning  Delete `␍`  prettier/prettier
   56:14   warning  Delete `␍`  prettier/prettier
   57:4    warning  Delete `␍`  prettier/prettier
   58:2    warning  Delete `␍`  prettier/prettier
   59:1    warning  Delete `␍`  prettier/prettier
   60:45   warning  Delete `␍`  prettier/prettier
   61:8    warning  Delete `␍`  prettier/prettier
   62:32   warning  Delete `␍`  prettier/prettier
   63:39   warning  Delete `␍`  prettier/prettier
   64:14   warning  Delete `␍`  prettier/prettier
   65:8    warning  Delete `␍`  prettier/prettier
   66:33   warning  Delete `␍`  prettier/prettier
   67:32   warning  Delete `␍`  prettier/prettier
   68:25   warning  Delete `␍`  prettier/prettier
   69:9    warning  Delete `␍`  prettier/prettier
   70:7    warning  Delete `␍`  prettier/prettier
   71:31   warning  Delete `␍`  prettier/prettier
   72:36   warning  Delete `␍`  prettier/prettier
   73:17   warning  Delete `␍`  prettier/prettier
   74:12   warning  Delete `␍`  prettier/prettier
   75:14   warning  Delete `␍`  prettier/prettier
   76:4    warning  Delete `␍`  prettier/prettier
   77:2    warning  Delete `␍`  prettier/prettier
   78:1    warning  Delete `␍`  prettier/prettier
   79:33   warning  Delete `␍`  prettier/prettier
   80:31   warning  Delete `␍`  prettier/prettier
   81:15   warning  Delete `␍`  prettier/prettier
   82:2    warning  Delete `␍`  prettier/prettier
   83:1    warning  Delete `␍`  prettier/prettier
   84:17   warning  Delete `␍`  prettier/prettier
   85:10   warning  Delete `␍`  prettier/prettier
   86:1    warning  Delete `␍`  prettier/prettier
   87:11   warning  Delete `␍`  prettier/prettier
   88:8    warning  Delete `␍`  prettier/prettier
   89:29   warning  Delete `␍`  prettier/prettier
   90:33   warning  Delete `␍`  prettier/prettier
   91:35   warning  Delete `␍`  prettier/prettier
   92:60   warning  Delete `␍`  prettier/prettier
   93:15   warning  Delete `␍`  prettier/prettier
   94:36   warning  Delete `␍`  prettier/prettier
   95:61   warning  Delete `␍`  prettier/prettier
   96:75   warning  Delete `␍`  prettier/prettier
   97:15   warning  Delete `␍`  prettier/prettier
   98:13   warning  Delete `␍`  prettier/prettier
   99:1    warning  Delete `␍`  prettier/prettier
  100:58   warning  Delete `␍`  prettier/prettier
  101:66   warning  Delete `␍`  prettier/prettier
  102:40   warning  Delete `␍`  prettier/prettier
  103:61   warning  Delete `␍`  prettier/prettier
  104:22   warning  Delete `␍`  prettier/prettier
  105:27   warning  Delete `␍`  prettier/prettier
  106:59   warning  Delete `␍`  prettier/prettier
  107:40   warning  Delete `␍`  prettier/prettier
  108:59   warning  Delete `␍`  prettier/prettier
  109:55   warning  Delete `␍`  prettier/prettier
  110:22   warning  Delete `␍`  prettier/prettier
  111:27   warning  Delete `␍`  prettier/prettier
  112:67   warning  Delete `␍`  prettier/prettier
  113:40   warning  Delete `␍`  prettier/prettier
  114:32   warning  Delete `␍`  prettier/prettier
  115:22   warning  Delete `␍`  prettier/prettier
  116:27   warning  Delete `␍`  prettier/prettier
  117:66   warning  Delete `␍`  prettier/prettier
  118:40   warning  Delete `␍`  prettier/prettier
  119:35   warning  Delete `␍`  prettier/prettier
  120:22   warning  Delete `␍`  prettier/prettier
  121:27   warning  Delete `␍`  prettier/prettier
  122:82   warning  Delete `␍`  prettier/prettier
  123:63   warning  Delete `␍`  prettier/prettier
  124:40   warning  Delete `␍`  prettier/prettier
  125:76   warning  Delete `␍`  prettier/prettier
  126:47   warning  Delete `␍`  prettier/prettier
  127:22   warning  Delete `␍`  prettier/prettier
  128:22   warning  Delete `␍`  prettier/prettier
  129:27   warning  Delete `␍`  prettier/prettier
  130:63   warning  Delete `␍`  prettier/prettier
  131:40   warning  Delete `␍`  prettier/prettier
  132:83   warning  Delete `␍`  prettier/prettier
  133:101  warning  Delete `␍`  prettier/prettier
  134:47   warning  Delete `␍`  prettier/prettier
  135:25   warning  Delete `␍`  prettier/prettier
  136:84   warning  Delete `␍`  prettier/prettier
  137:22   warning  Delete `␍`  prettier/prettier
  138:27   warning  Delete `␍`  prettier/prettier
  139:18   warning  Delete `␍`  prettier/prettier
  140:15   warning  Delete `␍`  prettier/prettier
  141:1    warning  Delete `␍`  prettier/prettier
  142:25   warning  Delete `␍`  prettier/prettier
  143:38   warning  Delete `␍`  prettier/prettier
  144:28   warning  Delete `␍`  prettier/prettier
  145:29   warning  Delete `␍`  prettier/prettier
  146:7    warning  Delete `␍`  prettier/prettier
  147:9    warning  Delete `␍`  prettier/prettier
  148:12   warning  Delete `␍`  prettier/prettier
  149:1    warning  Delete `␍`  prettier/prettier
  150:15   warning  Delete `␍`  prettier/prettier
  151:16   warning  Delete `␍`  prettier/prettier
  152:17   warning  Delete `␍`  prettier/prettier
  153:34   warning  Delete `␍`  prettier/prettier
  154:23   warning  Delete `␍`  prettier/prettier
  155:23   warning  Delete `␍`  prettier/prettier
  156:2    warning  Delete `␍`  prettier/prettier
  157:16   warning  Delete `␍`  prettier/prettier
  158:17   warning  Delete `␍`  prettier/prettier
  159:23   warning  Delete `␍`  prettier/prettier
  160:13   warning  Delete `␍`  prettier/prettier
  161:2    warning  Delete `␍`  prettier/prettier
  162:14   warning  Delete `␍`  prettier/prettier
  163:19   warning  Delete `␍`  prettier/prettier
  164:18   warning  Delete `␍`  prettier/prettier
  165:2    warning  Delete `␍`  prettier/prettier
  166:15   warning  Delete `␍`  prettier/prettier
  167:19   warning  Delete `␍`  prettier/prettier
  168:2    warning  Delete `␍`  prettier/prettier
  169:15   warning  Delete `␍`  prettier/prettier
  170:20   warning  Delete `␍`  prettier/prettier
  171:2    warning  Delete `␍`  prettier/prettier
  172:13   warning  Delete `␍`  prettier/prettier
  173:19   warning  Delete `␍`  prettier/prettier
  174:18   warning  Delete `␍`  prettier/prettier
  175:26   warning  Delete `␍`  prettier/prettier
  176:2    warning  Delete `␍`  prettier/prettier
  177:9    warning  Delete `␍`  prettier/prettier

H:\codex\林家餐厅小程序\family-kitchen-c01\admin\src\views\family\FamilyDetail.vue
    1:25  warning  Delete `␍`  prettier/prettier
    2:38  warning  Delete `␍`  prettier/prettier
    3:50  warning  Delete `␍`  prettier/prettier
    4:9   warning  Delete `␍`  prettier/prettier
    5:12  warning  Delete `␍`  prettier/prettier
    6:25  warning  Delete `␍`  prettier/prettier
    7:26  warning  Delete `␍`  prettier/prettier
    8:29  warning  Delete `␍`  prettier/prettier
    9:26  warning  Delete `␍`  prettier/prettier
   10:22  warning  Delete `␍`  prettier/prettier
   11:67  warning  Delete `␍`  prettier/prettier
   12:9   warning  Delete `␍`  prettier/prettier
   13:15  warning  Delete `␍`  prettier/prettier
   14:23  warning  Delete `␍`  prettier/prettier
   15:23  warning  Delete `␍`  prettier/prettier
   16:25  warning  Delete `␍`  prettier/prettier
   17:22  warning  Delete `␍`  prettier/prettier
   18:22  warning  Delete `␍`  prettier/prettier
   19:14  warning  Delete `␍`  prettier/prettier
   20:25  warning  Delete `␍`  prettier/prettier
   21:1   warning  Delete `␍`  prettier/prettier
   22:26  warning  Delete `␍`  prettier/prettier
   23:28  warning  Delete `␍`  prettier/prettier
   24:42  warning  Delete `␍`  prettier/prettier
   25:44  warning  Delete `␍`  prettier/prettier
   26:1   warning  Delete `␍`  prettier/prettier
   27:50  warning  Delete `␍`  prettier/prettier
   28:28  warning  Delete `␍`  prettier/prettier
   29:27  warning  Delete `␍`  prettier/prettier
   30:1   warning  Delete `␍`  prettier/prettier
   31:48  warning  Delete `␍`  prettier/prettier
   32:28  warning  Delete `␍`  prettier/prettier
   33:34  warning  Delete `␍`  prettier/prettier
   34:52  warning  Delete `␍`  prettier/prettier
   35:1   warning  Delete `␍`  prettier/prettier
   36:46  warning  Delete `␍`  prettier/prettier
   37:29  warning  Delete `␍`  prettier/prettier
   38:35  warning  Delete `␍`  prettier/prettier
   39:53  warning  Delete `␍`  prettier/prettier
   40:1   warning  Delete `␍`  prettier/prettier
   41:50  warning  Delete `␍`  prettier/prettier
   42:40  warning  Delete `␍`  prettier/prettier
   43:1   warning  Delete `␍`  prettier/prettier
   44:45  warning  Delete `␍`  prettier/prettier
   45:24  warning  Delete `␍`  prettier/prettier
   46:8   warning  Delete `␍`  prettier/prettier
   47:53  warning  Delete `␍`  prettier/prettier
   48:14  warning  Delete `␍`  prettier/prettier
   49:27  warning  Delete `␍`  prettier/prettier
   50:4   warning  Delete `␍`  prettier/prettier
   51:2   warning  Delete `␍`  prettier/prettier
   52:1   warning  Delete `␍`  prettier/prettier
   53:45  warning  Delete `␍`  prettier/prettier
   54:30  warning  Delete `␍`  prettier/prettier
   55:8   warning  Delete `␍`  prettier/prettier
   56:77  warning  Delete `␍`  prettier/prettier
   57:30  warning  Delete `␍`  prettier/prettier
   58:35  warning  Delete `␍`  prettier/prettier
   59:14  warning  Delete `␍`  prettier/prettier
   60:33  warning  Delete `␍`  prettier/prettier
   61:4   warning  Delete `␍`  prettier/prettier
   62:2   warning  Delete `␍`  prettier/prettier
   63:1   warning  Delete `␍`  prettier/prettier
   64:46  warning  Delete `␍`  prettier/prettier
   65:31  warning  Delete `␍`  prettier/prettier
   66:8   warning  Delete `␍`  prettier/prettier
   67:79  warning  Delete `␍`  prettier/prettier
   68:31  warning  Delete `␍`  prettier/prettier
   69:36  warning  Delete `␍`  prettier/prettier
   70:14  warning  Delete `␍`  prettier/prettier
   71:34  warning  Delete `␍`  prettier/prettier
   72:4   warning  Delete `␍`  prettier/prettier
   73:2   warning  Delete `␍`  prettier/prettier
   74:1   warning  Delete `␍`  prettier/prettier
   75:51  warning  Delete `␍`  prettier/prettier
   76:36  warning  Delete `␍`  prettier/prettier
   77:8   warning  Delete `␍`  prettier/prettier
   78:73  warning  Delete `␍`  prettier/prettier
   79:14  warning  Delete `␍`  prettier/prettier
   80:39  warning  Delete `␍`  prettier/prettier
   81:4   warning  Delete `␍`  prettier/prettier
   82:2   warning  Delete `␍`  prettier/prettier
   83:1   warning  Delete `␍`  prettier/prettier
   84:43  warning  Delete `␍`  prettier/prettier
   85:68  warning  Delete `␍`  prettier/prettier
   86:71  warning  Delete `␍`  prettier/prettier
   87:86  warning  Delete `␍`  prettier/prettier
   88:2   warning  Delete `␍`  prettier/prettier
   89:1   warning  Delete `␍`  prettier/prettier
   90:44  warning  Delete `␍`  prettier/prettier
   91:70  warning  Delete `␍`  prettier/prettier
   92:2   warning  Delete `␍`  prettier/prettier
   93:1   warning  Delete `␍`  prettier/prettier
   94:23  warning  Delete `␍`  prettier/prettier
   95:10  warning  Delete `␍`  prettier/prettier
   96:1   warning  Delete `␍`  prettier/prettier
   97:11  warning  Delete `␍`  prettier/prettier
   98:28  warning  Delete `␍`  prettier/prettier
   99:43  warning  Delete `␍`  prettier/prettier
  100:26  warning  Delete `␍`  prettier/prettier
  101:49  warning  Delete `␍`  prettier/prettier
  102:18  warning  Delete `␍`  prettier/prettier
  103:22  warning  Delete `␍`  prettier/prettier
  104:1   warning  Delete `␍`  prettier/prettier
  105:91  warning  Delete `␍`  prettier/prettier
  106:40  warning  Delete `␍`  prettier/prettier
  107:48  warning  Delete `␍`  prettier/prettier
  108:30  warning  Delete `␍`  prettier/prettier
  109:78  warning  Delete `␍`  prettier/prettier
  110:40  warning  Delete `␍`  prettier/prettier
  111:90  warning  Delete `␍`  prettier/prettier
  112:64  warning  Delete `␍`  prettier/prettier
  113:18  warning  Delete `␍`  prettier/prettier
  114:30  warning  Delete `␍`  prettier/prettier
  115:86  warning  Delete `␍`  prettier/prettier
  116:86  warning  Delete `␍`  prettier/prettier
  117:42  warning  Delete `␍`  prettier/prettier
  118:41  warning  Delete `␍`  prettier/prettier
  119:30  warning  Delete `␍`  prettier/prettier
  120:23  warning  Delete `␍`  prettier/prettier
  121:1   warning  Delete `␍`  prettier/prettier
  122:66  warning  Delete `␍`  prettier/prettier
  123:65  warning  Delete `␍`  prettier/prettier
  124:45  warning  Delete `␍`  prettier/prettier
  125:54  warning  Delete `␍`  prettier/prettier
  126:40  warning  Delete `␍`  prettier/prettier
  127:23  warning  Delete `␍`  prettier/prettier
  128:19  warning  Delete `␍`  prettier/prettier
  129:29  warning  Delete `␍`  prettier/prettier
  130:27  warning  Delete `␍`  prettier/prettier
  131:87  warning  Delete `␍`  prettier/prettier
  132:14  warning  Delete `␍`  prettier/prettier
  133:31  warning  Delete `␍`  prettier/prettier
  134:25  warning  Delete `␍`  prettier/prettier
  135:22  warning  Delete `␍`  prettier/prettier
  136:27  warning  Delete `␍`  prettier/prettier
  137:37  warning  Delete `␍`  prettier/prettier
  138:40  warning  Delete `␍`  prettier/prettier
  139:81  warning  Delete `␍`  prettier/prettier
  140:69  warning  Delete `␍`  prettier/prettier
  141:22  warning  Delete `␍`  prettier/prettier
  142:27  warning  Delete `␍`  prettier/prettier
  143:61  warning  Delete `␍`  prettier/prettier
  144:40  warning  Delete `␍`  prettier/prettier
  145:86  warning  Delete `␍`  prettier/prettier
  146:58  warning  Delete `␍`  prettier/prettier
  147:22  warning  Delete `␍`  prettier/prettier
  148:22  warning  Delete `␍`  prettier/prettier
  149:27  warning  Delete `␍`  prettier/prettier
  150:39  warning  Delete `␍`  prettier/prettier
  151:81  warning  Delete `␍`  prettier/prettier
  152:27  warning  Delete `␍`  prettier/prettier
  153:18  warning  Delete `␍`  prettier/prettier
  154:15  warning  Delete `␍`  prettier/prettier
  155:1   warning  Delete `␍`  prettier/prettier
  156:66  warning  Delete `␍`  prettier/prettier
  157:56  warning  Delete `␍`  prettier/prettier
  158:52  warning  Delete `␍`  prettier/prettier
  159:75  warning  Delete `␍`  prettier/prettier
  160:20  warning  Delete `␍`  prettier/prettier
  161:19  warning  Delete `␍`  prettier/prettier
  162:38  warning  Delete `␍`  prettier/prettier
  163:19  warning  Delete `␍`  prettier/prettier
  164:36  warning  Delete `␍`  prettier/prettier
  165:52  warning  Delete `␍`  prettier/prettier
  166:12  warning  Delete `␍`  prettier/prettier
  167:68  warning  Delete `␍`  prettier/prettier
  168:53  warning  Delete `␍`  prettier/prettier
  169:44  warning  Delete `␍`  prettier/prettier
  170:96  warning  Delete `␍`  prettier/prettier
  171:69  warning  Delete `␍`  prettier/prettier
  172:26  warning  Delete `␍`  prettier/prettier
  173:26  warning  Delete `␍`  prettier/prettier
  174:31  warning  Delete `␍`  prettier/prettier
  175:43  warning  Delete `␍`  prettier/prettier
  176:86  warning  Delete `␍`  prettier/prettier
  177:31  warning  Delete `␍`  prettier/prettier
  178:22  warning  Delete `␍`  prettier/prettier
  179:23  warning  Delete `␍`  prettier/prettier
  180:1   warning  Delete `␍`  prettier/prettier
  181:50  warning  Delete `␍`  prettier/prettier
  182:69  warning  Delete `␍`  prettier/prettier
  183:53  warning  Delete `␍`  prettier/prettier
  184:44  warning  Delete `␍`  prettier/prettier
  185:27  warning  Delete `␍`  prettier/prettier
  186:23  warning  Delete `␍`  prettier/prettier
  187:33  warning  Delete `␍`  prettier/prettier
  188:91  warning  Delete `␍`  prettier/prettier
  189:18  warning  Delete `␍`  prettier/prettier
  190:41  warning  Delete `␍`  prettier/prettier
  191:29  warning  Delete `␍`  prettier/prettier
  192:26  warning  Delete `␍`  prettier/prettier
  193:31  warning  Delete `␍`  prettier/prettier
  194:53  warning  Delete `␍`  prettier/prettier
  195:44  warning  Delete `␍`  prettier/prettier
  196:78  warning  Delete `␍`  prettier/prettier
  197:26  warning  Delete `␍`  prettier/prettier
  198:31  warning  Delete `␍`  prettier/prettier
  199:67  warning  Delete `␍`  prettier/prettier
  200:44  warning  Delete `␍`  prettier/prettier
  201:80  warning  Delete `␍`  prettier/prettier
  202:79  warning  Delete `␍`  prettier/prettier
  203:24  warning  Delete `␍`  prettier/prettier
  204:26  warning  Delete `␍`  prettier/prettier
  205:31  warning  Delete `␍`  prettier/prettier
  206:78  warning  Delete `␍`  prettier/prettier
  207:67  warning  Delete `␍`  prettier/prettier
  208:44  warning  Delete `␍`  prettier/prettier
  209:87  warning  Delete `␍`  prettier/prettier
  210:26  warning  Delete `␍`  prettier/prettier
  211:31  warning  Delete `␍`  prettier/prettier
  212:53  warning  Delete `␍`  prettier/prettier
  213:86  warning  Delete `␍`  prettier/prettier
  214:31  warning  Delete `␍`  prettier/prettier
  215:22  warning  Delete `␍`  prettier/prettier
  216:25  warning  Delete `␍`  prettier/prettier
  217:52  warning  Delete `␍`  prettier/prettier
  218:53  warning  Delete `␍`  prettier/prettier
  219:33  warning  Delete `␍`  prettier/prettier
  220:39  warning  Delete `␍`  prettier/prettier
  221:53  warning  Delete `␍`  prettier/prettier
  222:23  warning  Delete `␍`  prettier/prettier
  223:31  warning  Delete `␍`  prettier/prettier
  224:41  warning  Delete `␍`  prettier/prettier
  225:38  warning  Delete `␍`  prettier/prettier
  226:13  warning  Delete `␍`  prettier/prettier
  227:23  warning  Delete `␍`  prettier/prettier
  228:1   warning  Delete `␍`  prettier/prettier
  229:50  warning  Delete `␍`  prettier/prettier
  230:71  warning  Delete `␍`  prettier/prettier
  231:69  warning  Delete `␍`  prettier/prettier
  232:44  warning  Delete `␍`  prettier/prettier
  233:82  warning  Delete `␍`  prettier/prettier
  234:96  warning  Delete `␍`  prettier/prettier
  235:21  warning  Delete `␍`  prettier/prettier
  236:26  warning  Delete `␍`  prettier/prettier
  237:26  warning  Delete `␍`  prettier/prettier
  238:31  warning  Delete `␍`  prettier/prettier
  239:68  warning  Delete `␍`  prettier/prettier
  240:44  warning  Delete `␍`  prettier/prettier
  241:67  warning  Delete `␍`  prettier/prettier
  242:26  warning  Delete `␍`  prettier/prettier
  243:31  warning  Delete `␍`  prettier/prettier
  244:88  warning  Delete `␍`  prettier/prettier
  245:68  warning  Delete `␍`  prettier/prettier
  246:44  warning  Delete `␍`  prettier/prettier
  247:77  warning  Delete `␍`  prettier/prettier
  248:26  warning  Delete `␍`  prettier/prettier
  249:31  warning  Delete `␍`  prettier/prettier
  250:55  warning  Delete `␍`  prettier/prettier
  251:86  warning  Delete `␍`  prettier/prettier
  252:31  warning  Delete `␍`  prettier/prettier
  253:22  warning  Delete `␍`  prettier/prettier
  254:25  warning  Delete `␍`  prettier/prettier
  255:53  warning  Delete `␍`  prettier/prettier
  256:54  warning  Delete `␍`  prettier/prettier
  257:34  warning  Delete `␍`  prettier/prettier
  258:39  warning  Delete `␍`  prettier/prettier
  259:53  warning  Delete `␍`  prettier/prettier
  260:23  warning  Delete `␍`  prettier/prettier
  261:31  warning  Delete `␍`  prettier/prettier
  262:42  warning  Delete `␍`  prettier/prettier
  263:39  warning  Delete `␍`  prettier/prettier
  264:13  warning  Delete `␍`  prettier/prettier
  265:23  warning  Delete `␍`  prettier/prettier
  266:1   warning  Delete `␍`  prettier/prettier
  267:55  warning  Delete `␍`  prettier/prettier
  268:20  warning  Delete `␍`  prettier/prettier
  269:64  warning  Delete `␍`  prettier/prettier
  270:36  warning  Delete `␍`  prettier/prettier
  271:13  warning  Delete `␍`  prettier/prettier
  272:74  warning  Delete `␍`  prettier/prettier
  273:94  warning  Delete `␍`  prettier/prettier
  274:96  warning  Delete `␍`  prettier/prettier
  275:93  warning  Delete `␍`  prettier/prettier
  276:75  warning  Delete `␍`  prettier/prettier
  277:23  warning  Delete `␍`  prettier/prettier
  278:17  warning  Delete `␍`  prettier/prettier
  279:23  warning  Delete `␍`  prettier/prettier
  280:17  warning  Delete `␍`  prettier/prettier
  281:15  warning  Delete `␍`  prettier/prettier
  282:9   warning  Delete `␍`  prettier/prettier
  283:12  warning  Delete `␍`  prettier/prettier
  284:1   warning  Delete `␍`  prettier/prettier
  285:15  warning  Delete `␍`  prettier/prettier
  286:8   warning  Delete `␍`  prettier/prettier
  287:26  warning  Delete `␍`  prettier/prettier
  288:19  warning  Delete `␍`  prettier/prettier
  289:2   warning  Delete `␍`  prettier/prettier
  290:9   warning  Delete `␍`  prettier/prettier
  291:18  warning  Delete `␍`  prettier/prettier
  292:2   warning  Delete `␍`  prettier/prettier
  293:12  warning  Delete `␍`  prettier/prettier
  294:18  warning  Delete `␍`  prettier/prettier
  295:2   warning  Delete `␍`  prettier/prettier
  296:12  warning  Delete `␍`  prettier/prettier
  297:18  warning  Delete `␍`  prettier/prettier
  298:2   warning  Delete `␍`  prettier/prettier
  299:14  warning  Delete `␍`  prettier/prettier
  300:20  warning  Delete `␍`  prettier/prettier
  301:17  warning  Delete `␍`  prettier/prettier
  302:29  warning  Delete `␍`  prettier/prettier
  303:2   warning  Delete `␍`  prettier/prettier
  304:14  warning  Delete `␍`  prettier/prettier
  305:17  warning  Delete `␍`  prettier/prettier
  306:64  warning  Delete `␍`  prettier/prettier
  307:13  warning  Delete `␍`  prettier/prettier
  308:2   warning  Delete `␍`  prettier/prettier
  309:14  warning  Delete `␍`  prettier/prettier
  310:16  warning  Delete `␍`  prettier/prettier
  311:2   warning  Delete `␍`  prettier/prettier
  312:15  warning  Delete `␍`  prettier/prettier
  313:19  warning  Delete `␍`  prettier/prettier
  314:20  warning  Delete `␍`  prettier/prettier
  315:18  warning  Delete `␍`  prettier/prettier
  316:2   warning  Delete `␍`  prettier/prettier
  317:14  warning  Delete `␍`  prettier/prettier
  318:19  warning  Delete `␍`  prettier/prettier
  319:18  warning  Delete `␍`  prettier/prettier
  320:19  warning  Delete `␍`  prettier/prettier
  321:2   warning  Delete `␍`  prettier/prettier
  322:14  warning  Delete `␍`  prettier/prettier
  323:19  warning  Delete `␍`  prettier/prettier
  324:18  warning  Delete `␍`  prettier/prettier
  325:19  warning  Delete `␍`  prettier/prettier
  326:2   warning  Delete `␍`  prettier/prettier
  327:9   warning  Delete `␍`  prettier/prettier

H:\codex\林家餐厅小程序\family-kitchen-c01\admin\src\views\family\FamilyList.vue
    1:25  warning  Delete `␍`                                       prettier/prettier
    2:38  warning  Delete `␍`                                       prettier/prettier
    3:40  warning  Delete `␍`                                       prettier/prettier
    4:89  warning  Delete `␍`                                       prettier/prettier
    5:87  warning  Delete `␍`                                       prettier/prettier
    6:62  warning  Delete `␍`                                       prettier/prettier
    7:1   warning  Delete `␍`                                       prettier/prettier
    8:28  warning  Delete `␍`                                       prettier/prettier
    9:28  warning  Delete `␍`                                       prettier/prettier
   10:45  warning  Delete `␍`                                       prettier/prettier
   11:22  warning  Delete `␍`                                       prettier/prettier
   12:1   warning  Delete `␍`                                       prettier/prettier
   13:39  warning  Delete `␍`                                       prettier/prettier
   14:11  warning  Delete `␍`                                       prettier/prettier
   15:16  warning  Delete `␍`                                       prettier/prettier
   16:14  warning  Delete `␍`                                       prettier/prettier
   17:16  warning  Delete `␍`                                       prettier/prettier
   18:4   warning  Delete `␍`                                       prettier/prettier
   19:1   warning  Delete `␍`                                       prettier/prettier
   20:24  warning  Delete `␍`                                       prettier/prettier
   21:36  warning  Delete `␍`                                       prettier/prettier
   22:41  warning  Delete `␍`                                       prettier/prettier
   23:40  warning  Delete `␍`                                       prettier/prettier
   24:3   warning  Delete `␍`                                       prettier/prettier
   25:1   warning  Delete `␍`                                       prettier/prettier
   26:39  warning  Delete `␍`                                       prettier/prettier
   27:24  warning  Delete `␍`                                       prettier/prettier
   28:8   warning  Delete `␍`                                       prettier/prettier
   29:46  warning  Delete `␍`                                       prettier/prettier
   30:30  warning  Delete `␍`                                       prettier/prettier
   31:38  warning  Delete `␍`                                       prettier/prettier
   32:47  warning  Delete `␍`                                       prettier/prettier
   33:81  warning  Delete `␍`                                       prettier/prettier
   34:8   warning  Delete `␍`                                       prettier/prettier
   35:29  warning  Delete `␍`                                       prettier/prettier
   36:29  warning  Delete `␍`                                       prettier/prettier
   37:14  warning  Delete `␍`                                       prettier/prettier
   38:27  warning  Delete `␍`                                       prettier/prettier
   39:4   warning  Delete `␍`                                       prettier/prettier
   40:2   warning  Delete `␍`                                       prettier/prettier
   41:1   warning  Delete `␍`                                       prettier/prettier
   42:25  warning  Delete `␍`                                       prettier/prettier
   43:69  warning  Delete `␍`                                       prettier/prettier
   44:15  warning  Delete `␍`                                       prettier/prettier
   45:2   warning  Delete `␍`                                       prettier/prettier
   46:1   warning  Delete `␍`                                       prettier/prettier
   47:53  warning  Delete `␍`                                       prettier/prettier
   48:70  warning  Delete `␍`                                       prettier/prettier
   49:2   warning  Delete `␍`                                       prettier/prettier
   50:1   warning  Delete `␍`                                       prettier/prettier
   51:54  warning  Delete `␍`                                       prettier/prettier
   52:30  warning  Delete `␍`                                       prettier/prettier
   53:32  warning  Delete `␍`                                       prettier/prettier
   54:4   warning  Delete `␍`                                       prettier/prettier
   55:19  warning  Delete `␍`                                       prettier/prettier
   56:17  warning  Delete `␍`                                       prettier/prettier
   57:73  warning  Delete `␍`                                       prettier/prettier
   58:5   warning  Delete `␍`                                       prettier/prettier
   59:40  warning  Delete `␍`                                       prettier/prettier
   60:39  warning  Delete `␍`                                       prettier/prettier
   61:86  warning  Delete `␍`                                       prettier/prettier
   62:3   warning  Delete `␍`                                       prettier/prettier
   63:1   warning  Delete `␍`                                       prettier/prettier
   64:32  warning  Delete `␍`                                       prettier/prettier
   65:40  warning  Delete `␍`                                       prettier/prettier
   66:70  warning  Delete `␍`                                       prettier/prettier
   67:2   warning  Delete `␍`                                       prettier/prettier
   68:1   warning  Delete `␍`                                       prettier/prettier
   69:17  warning  Delete `␍`                                       prettier/prettier
   70:10  warning  Delete `␍`                                       prettier/prettier
   71:1   warning  Delete `␍`                                       prettier/prettier
   72:11  warning  Delete `␍`                                       prettier/prettier
   73:8   warning  Delete `␍`                                       prettier/prettier
   74:48  warning  Delete `␍`                                       prettier/prettier
   75:46  warning  Delete `␍`                                       prettier/prettier
   76:34  warning  Delete `␍`                                       prettier/prettier
   77:20  warning  Delete `␍`                                       prettier/prettier
   78:35  warning  Delete `␍`                                       prettier/prettier
   79:36  warning  Delete `␍`                                       prettier/prettier
   80:22  warning  Delete `␍`                                       prettier/prettier
   81:33  warning  Delete `␍`                                       prettier/prettier
   82:32  warning  Delete `␍`                                       prettier/prettier
   83:13  warning  Delete `␍`                                       prettier/prettier
   84:24  warning  Delete `␍`                                       prettier/prettier
   85:34  warning  Delete `␍`                                       prettier/prettier
   86:21  warning  Delete `␍`                                       prettier/prettier
   87:37  warning  Delete `␍`                                       prettier/prettier
   88:21  warning  Delete `␍`                                       prettier/prettier
   89:26  warning  Delete `␍`                                       prettier/prettier
   90:31  warning  Delete `␍`                                       prettier/prettier
   91:33  warning  Delete `␍`                                       prettier/prettier
   92:12  warning  Delete `␍`                                       prettier/prettier
   93:23  warning  Delete `␍`                                       prettier/prettier
   94:41  warning  Delete `␍`                                       prettier/prettier
   95:29  warning  Delete `␍`                                       prettier/prettier
   96:31  warning  Delete `␍`                                       prettier/prettier
   97:31  warning  Delete `␍`                                       prettier/prettier
   98:15  warning  Delete `␍`                                       prettier/prettier
   99:23  warning  Delete `␍`                                       prettier/prettier
  100:24  warning  Delete `␍`                                       prettier/prettier
  101:23  warning  Delete `␍`                                       prettier/prettier
  102:65  warning  Delete `␍`                                       prettier/prettier
  103:51  warning  Delete `␍`                                       prettier/prettier
  104:90  warning  Delete `␍`                                       prettier/prettier
  105:24  warning  Delete `␍`                                       prettier/prettier
  106:17  warning  Delete `␍`                                       prettier/prettier
  107:15  warning  Delete `␍`                                       prettier/prettier
  108:1   warning  Delete `␍`                                       prettier/prettier
  109:29  warning  Delete `␍`                                       prettier/prettier
  110:16  warning  Delete `␍`                                       prettier/prettier
  111:28  warning  Delete `␍`                                       prettier/prettier
  112:22  warning  Delete `␍`                                       prettier/prettier
  113:15  warning  Delete `␍`                                       prettier/prettier
  114:32  warning  Delete `␍`                                       prettier/prettier
  115:9   warning  Attribute "style" should go before "@row-click"  vue/attributes-order
  115:32  warning  Delete `␍`                                       prettier/prettier
  116:8   warning  Delete `␍`                                       prettier/prettier
  117:61  warning  Delete `␍`                                       prettier/prettier
  118:69  warning  Delete `␍`                                       prettier/prettier
  119:49  warning  Delete `␍`                                       prettier/prettier
  120:40  warning  Delete `␍`                                       prettier/prettier
  121:93  warning  Delete `␍`                                       prettier/prettier
  122:66  warning  Delete `␍`                                       prettier/prettier
  123:22  warning  Delete `␍`                                       prettier/prettier
  124:22  warning  Delete `␍`                                       prettier/prettier
  125:27  warning  Delete `␍`                                       prettier/prettier
  126:86  warning  Delete `␍`                                       prettier/prettier
  127:86  warning  Delete `␍`                                       prettier/prettier
  128:51  warning  Delete `␍`                                       prettier/prettier
  129:82  warning  Delete `␍`                                       prettier/prettier
  130:27  warning  Delete `␍`                                       prettier/prettier
  131:18  warning  Delete `␍`                                       prettier/prettier
  132:1   warning  Delete `␍`                                       prettier/prettier
  133:21  warning  Delete `␍`                                       prettier/prettier
  134:42  warning  Delete `␍`                                       prettier/prettier
  135:43  warning  Delete `␍`                                       prettier/prettier
  136:23  warning  Delete `␍`                                       prettier/prettier
  137:40  warning  Delete `␍`                                       prettier/prettier
  138:57  warning  Delete `␍`                                       prettier/prettier
  139:19  warning  Delete `␍`                                       prettier/prettier
  140:27  warning  Delete `␍`                                       prettier/prettier
  141:31  warning  Delete `␍`                                       prettier/prettier
  142:28  warning  Delete `␍`                                       prettier/prettier
  143:9   warning  Delete `␍`                                       prettier/prettier
  144:15  warning  Delete `␍`                                       prettier/prettier
  145:9   warning  Delete `␍`                                       prettier/prettier
  146:12  warning  Delete `␍`                                       prettier/prettier
  147:1   warning  Delete `␍`                                       prettier/prettier
  148:15  warning  Delete `␍`                                       prettier/prettier
  149:14  warning  Delete `␍`                                       prettier/prettier
  150:23  warning  Delete `␍`                                       prettier/prettier
  151:2   warning  Delete `␍`                                       prettier/prettier
  152:35  warning  Delete `␍`                                       prettier/prettier
  153:20  warning  Delete `␍`                                       prettier/prettier
  154:2   warning  Delete `␍`                                       prettier/prettier
  155:14  warning  Delete `␍`                                       prettier/prettier
  156:20  warning  Delete `␍`                                       prettier/prettier
  157:17  warning  Delete `␍`                                       prettier/prettier
  158:29  warning  Delete `␍`                                       prettier/prettier
  159:2   warning  Delete `␍`                                       prettier/prettier
  160:9   warning  Delete `␍`                                       prettier/prettier

H:\codex\林家餐厅小程序\family-kitchen-c01\admin\src\views\feedback\FeedbackList.vue
    1:25  warning  Delete `␍`  prettier/prettier
    2:38  warning  Delete `␍`  prettier/prettier
    3:42  warning  Delete `␍`  prettier/prettier
    4:86  warning  Delete `␍`  prettier/prettier
    5:91  warning  Delete `␍`  prettier/prettier
    6:62  warning  Delete `␍`  prettier/prettier
    7:1   warning  Delete `␍`  prettier/prettier
    8:28  warning  Delete `␍`  prettier/prettier
    9:40  warning  Delete `␍`  prettier/prettier
   10:22  warning  Delete `␍`  prettier/prettier
   11:1   warning  Delete `␍`  prettier/prettier
   12:41  warning  Delete `␍`  prettier/prettier
   13:11  warning  Delete `␍`  prettier/prettier
   14:16  warning  Delete `␍`  prettier/prettier
   15:16  warning  Delete `␍`  prettier/prettier
   16:4   warning  Delete `␍`  prettier/prettier
   17:1   warning  Delete `␍`  prettier/prettier
   18:87  warning  Delete `␍`  prettier/prettier
   19:9   warning  Delete `␍`  prettier/prettier
   20:9   warning  Delete `␍`  prettier/prettier
   21:5   warning  Delete `␍`  prettier/prettier
   22:1   warning  Delete `␍`  prettier/prettier
   23:39  warning  Delete `␍`  prettier/prettier
   24:24  warning  Delete `␍`  prettier/prettier
   25:8   warning  Delete `␍`  prettier/prettier
   26:46  warning  Delete `␍`  prettier/prettier
   27:30  warning  Delete `␍`  prettier/prettier
   28:38  warning  Delete `␍`  prettier/prettier
   29:81  warning  Delete `␍`  prettier/prettier
   30:8   warning  Delete `␍`  prettier/prettier
   31:29  warning  Delete `␍`  prettier/prettier
   32:29  warning  Delete `␍`  prettier/prettier
   33:14  warning  Delete `␍`  prettier/prettier
   34:27  warning  Delete `␍`  prettier/prettier
   35:4   warning  Delete `␍`  prettier/prettier
   36:2   warning  Delete `␍`  prettier/prettier
   37:1   warning  Delete `␍`  prettier/prettier
   38:25  warning  Delete `␍`  prettier/prettier
   39:57  warning  Delete `␍`  prettier/prettier
   40:15  warning  Delete `␍`  prettier/prettier
   41:2   warning  Delete `␍`  prettier/prettier
   42:1   warning  Delete `␍`  prettier/prettier
   43:82  warning  Delete `␍`  prettier/prettier
   44:8   warning  Delete `␍`  prettier/prettier
   45:58  warning  Delete `␍`  prettier/prettier
   46:32  warning  Delete `␍`  prettier/prettier
   47:17  warning  Delete `␍`  prettier/prettier
   48:12  warning  Delete `␍`  prettier/prettier
   49:14  warning  Delete `␍`  prettier/prettier
   50:4   warning  Delete `␍`  prettier/prettier
   51:2   warning  Delete `␍`  prettier/prettier
   52:1   warning  Delete `␍`  prettier/prettier
   53:49  warning  Delete `␍`  prettier/prettier
   54:30  warning  Delete `␍`  prettier/prettier
   55:4   warning  Delete `␍`  prettier/prettier
   56:19  warning  Delete `␍`  prettier/prettier
   57:17  warning  Delete `␍`  prettier/prettier
   58:75  warning  Delete `␍`  prettier/prettier
   59:5   warning  Delete `␍`  prettier/prettier
   60:35  warning  Delete `␍`  prettier/prettier
   61:37  warning  Delete `␍`  prettier/prettier
   62:36  warning  Delete `␍`  prettier/prettier
   63:38  warning  Delete `␍`  prettier/prettier
   64:34  warning  Delete `␍`  prettier/prettier
   65:86  warning  Delete `␍`  prettier/prettier
   66:3   warning  Delete `␍`  prettier/prettier
   67:1   warning  Delete `␍`  prettier/prettier
   68:32  warning  Delete `␍`  prettier/prettier
   69:40  warning  Delete `␍`  prettier/prettier
   70:70  warning  Delete `␍`  prettier/prettier
   71:2   warning  Delete `␍`  prettier/prettier
   72:1   warning  Delete `␍`  prettier/prettier
   73:17  warning  Delete `␍`  prettier/prettier
   74:10  warning  Delete `␍`  prettier/prettier
   75:1   warning  Delete `␍`  prettier/prettier
   76:11  warning  Delete `␍`  prettier/prettier
   77:8   warning  Delete `␍`  prettier/prettier
   78:48  warning  Delete `␍`  prettier/prettier
   79:46  warning  Delete `␍`  prettier/prettier
   80:34  warning  Delete `␍`  prettier/prettier
   81:21  warning  Delete `␍`  prettier/prettier
   82:37  warning  Delete `␍`  prettier/prettier
   83:21  warning  Delete `␍`  prettier/prettier
   84:26  warning  Delete `␍`  prettier/prettier
   85:31  warning  Delete `␍`  prettier/prettier
   86:33  warning  Delete `␍`  prettier/prettier
   87:12  warning  Delete `␍`  prettier/prettier
   88:23  warning  Delete `␍`  prettier/prettier
   89:41  warning  Delete `␍`  prettier/prettier
   90:29  warning  Delete `␍`  prettier/prettier
   91:31  warning  Delete `␍`  prettier/prettier
   92:31  warning  Delete `␍`  prettier/prettier
   93:15  warning  Delete `␍`  prettier/prettier
   94:23  warning  Delete `␍`  prettier/prettier
   95:24  warning  Delete `␍`  prettier/prettier
   96:23  warning  Delete `␍`  prettier/prettier
   97:65  warning  Delete `␍`  prettier/prettier
   98:51  warning  Delete `␍`  prettier/prettier
   99:90  warning  Delete `␍`  prettier/prettier
  100:24  warning  Delete `␍`  prettier/prettier
  101:17  warning  Delete `␍`  prettier/prettier
  102:15  warning  Delete `␍`  prettier/prettier
  103:1   warning  Delete `␍`  prettier/prettier
  104:29  warning  Delete `␍`  prettier/prettier
  105:58  warning  Delete `␍`  prettier/prettier
  106:49  warning  Delete `␍`  prettier/prettier
  107:40  warning  Delete `␍`  prettier/prettier
  108:95  warning  Delete `␍`  prettier/prettier
  109:68  warning  Delete `␍`  prettier/prettier
  110:22  warning  Delete `␍`  prettier/prettier
  111:22  warning  Delete `␍`  prettier/prettier
  112:27  warning  Delete `␍`  prettier/prettier
  113:92  warning  Delete `␍`  prettier/prettier
  114:66  warning  Delete `␍`  prettier/prettier
  115:40  warning  Delete `␍`  prettier/prettier
  116:62  warning  Delete `␍`  prettier/prettier
  117:48  warning  Delete `␍`  prettier/prettier
  118:22  warning  Delete `␍`  prettier/prettier
  119:27  warning  Delete `␍`  prettier/prettier
  120:65  warning  Delete `␍`  prettier/prettier
  121:40  warning  Delete `␍`  prettier/prettier
  122:38  warning  Delete `␍`  prettier/prettier
  123:22  warning  Delete `␍`  prettier/prettier
  124:27  warning  Delete `␍`  prettier/prettier
  125:67  warning  Delete `␍`  prettier/prettier
  126:40  warning  Delete `␍`  prettier/prettier
  127:40  warning  Delete `␍`  prettier/prettier
  128:22  warning  Delete `␍`  prettier/prettier
  129:27  warning  Delete `␍`  prettier/prettier
  130:67  warning  Delete `␍`  prettier/prettier
  131:40  warning  Delete `␍`  prettier/prettier
  132:73  warning  Delete `␍`  prettier/prettier
  133:49  warning  Delete `␍`  prettier/prettier
  134:22  warning  Delete `␍`  prettier/prettier
  135:27  warning  Delete `␍`  prettier/prettier
  136:51  warning  Delete `␍`  prettier/prettier
  137:82  warning  Delete `␍`  prettier/prettier
  138:27  warning  Delete `␍`  prettier/prettier
  139:63  warning  Delete `␍`  prettier/prettier
  140:40  warning  Delete `␍`  prettier/prettier
  141:77  warning  Delete `␍`  prettier/prettier
  142:46  warning  Delete `␍`  prettier/prettier
  143:76  warning  Delete `␍`  prettier/prettier
  144:27  warning  Delete `␍`  prettier/prettier
  145:35  warning  Delete `␍`  prettier/prettier
  146:35  warning  Delete `␍`  prettier/prettier
  147:92  warning  Delete `␍`  prettier/prettier
  148:24  warning  Delete `␍`  prettier/prettier
  149:38  warning  Delete `␍`  prettier/prettier
  150:96  warning  Delete `␍`  prettier/prettier
  151:24  warning  Delete `␍`  prettier/prettier
  152:38  warning  Delete `␍`  prettier/prettier
  153:90  warning  Delete `␍`  prettier/prettier
  154:24  warning  Delete `␍`  prettier/prettier
  155:38  warning  Delete `␍`  prettier/prettier
  156:36  warning  Delete `␍`  prettier/prettier
  157:26  warning  Delete `␍`  prettier/prettier
  158:27  warning  Delete `␍`  prettier/prettier
  159:22  warning  Delete `␍`  prettier/prettier
  160:27  warning  Delete `␍`  prettier/prettier
  161:18  warning  Delete `␍`  prettier/prettier
  162:1   warning  Delete `␍`  prettier/prettier
  163:21  warning  Delete `␍`  prettier/prettier
  164:42  warning  Delete `␍`  prettier/prettier
  165:43  warning  Delete `␍`  prettier/prettier
  166:23  warning  Delete `␍`  prettier/prettier
  167:40  warning  Delete `␍`  prettier/prettier
  168:57  warning  Delete `␍`  prettier/prettier
  169:19  warning  Delete `␍`  prettier/prettier
  170:27  warning  Delete `␍`  prettier/prettier
  171:31  warning  Delete `␍`  prettier/prettier
  172:28  warning  Delete `␍`  prettier/prettier
  173:9   warning  Delete `␍`  prettier/prettier
  174:15  warning  Delete `␍`  prettier/prettier
  175:9   warning  Delete `␍`  prettier/prettier
  176:12  warning  Delete `␍`  prettier/prettier
  177:1   warning  Delete `␍`  prettier/prettier
  178:15  warning  Delete `␍`  prettier/prettier
  179:14  warning  Delete `␍`  prettier/prettier
  180:23  warning  Delete `␍`  prettier/prettier
  181:2   warning  Delete `␍`  prettier/prettier
  182:35  warning  Delete `␍`  prettier/prettier
  183:20  warning  Delete `␍`  prettier/prettier
  184:2   warning  Delete `␍`  prettier/prettier
  185:14  warning  Delete `␍`  prettier/prettier
  186:20  warning  Delete `␍`  prettier/prettier
  187:17  warning  Delete `␍`  prettier/prettier
  188:29  warning  Delete `␍`  prettier/prettier
  189:2   warning  Delete `␍`  prettier/prettier
  190:8   warning  Delete `␍`  prettier/prettier
  191:26  warning  Delete `␍`  prettier/prettier
  192:19  warning  Delete `␍`  prettier/prettier
  193:18  warning  Delete `␍`  prettier/prettier
  194:2   warning  Delete `␍`  prettier/prettier
  195:9   warning  Delete `␍`  prettier/prettier
  196:18  warning  Delete `␍`  prettier/prettier
  197:2   warning  Delete `␍`  prettier/prettier
  198:9   warning  Delete `␍`  prettier/prettier

H:\codex\林家餐厅小程序\family-kitchen-c01\admin\src\views\order\OrderDetail.vue
    1:25  warning  Delete `␍`  prettier/prettier
    2:48  warning  Delete `␍`  prettier/prettier
    3:50  warning  Delete `␍`  prettier/prettier
    4:56  warning  Delete `␍`  prettier/prettier
    5:87  warning  Delete `␍`  prettier/prettier
    6:9   warning  Delete `␍`  prettier/prettier
    7:28  warning  Delete `␍`  prettier/prettier
    8:22  warning  Delete `␍`  prettier/prettier
    9:22  warning  Delete `␍`  prettier/prettier
   10:14  warning  Delete `␍`  prettier/prettier
   11:25  warning  Delete `␍`  prettier/prettier
   12:1   warning  Delete `␍`  prettier/prettier
   13:26  warning  Delete `␍`  prettier/prettier
   14:28  warning  Delete `␍`  prettier/prettier
   15:49  warning  Delete `␍`  prettier/prettier
   16:47  warning  Delete `␍`  prettier/prettier
   17:28  warning  Delete `␍`  prettier/prettier
   18:1   warning  Delete `␍`  prettier/prettier
   19:81  warning  Delete `␍`  prettier/prettier
   20:92  warning  Delete `␍`  prettier/prettier
   21:1   warning  Delete `␍`  prettier/prettier
   22:39  warning  Delete `␍`  prettier/prettier
   23:40  warning  Delete `␍`  prettier/prettier
   24:24  warning  Delete `␍`  prettier/prettier
   25:8   warning  Delete `␍`  prettier/prettier
   26:47  warning  Delete `␍`  prettier/prettier
   27:29  warning  Delete `␍`  prettier/prettier
   28:37  warning  Delete `␍`  prettier/prettier
   29:8   warning  Delete `␍`  prettier/prettier
   30:25  warning  Delete `␍`  prettier/prettier
   31:27  warning  Delete `␍`  prettier/prettier
   32:14  warning  Delete `␍`  prettier/prettier
   33:27  warning  Delete `␍`  prettier/prettier
   34:4   warning  Delete `␍`  prettier/prettier
   35:2   warning  Delete `␍`  prettier/prettier
   36:1   warning  Delete `␍`  prettier/prettier
   37:47  warning  Delete `␍`  prettier/prettier
   38:27  warning  Delete `␍`  prettier/prettier
   39:19  warning  Delete `␍`  prettier/prettier
   40:8   warning  Delete `␍`  prettier/prettier
   41:68  warning  Delete `␍`  prettier/prettier
   42:31  warning  Delete `␍`  prettier/prettier
   43:30  warning  Delete `␍`  prettier/prettier
   44:23  warning  Delete `␍`  prettier/prettier
   45:65  warning  Delete `␍`  prettier/prettier
   46:8   warning  Delete `␍`  prettier/prettier
   47:27  warning  Delete `␍`  prettier/prettier
   48:12  warning  Delete `␍`  prettier/prettier
   49:12  warning  Delete `␍`  prettier/prettier
   50:4   warning  Delete `␍`  prettier/prettier
   51:8   warning  Delete `␍`  prettier/prettier
   52:55  warning  Delete `␍`  prettier/prettier
   53:30  warning  Delete `␍`  prettier/prettier
   54:17  warning  Delete `␍`  prettier/prettier
   55:12  warning  Delete `␍`  prettier/prettier
   56:14  warning  Delete `␍`  prettier/prettier
   57:4   warning  Delete `␍`  prettier/prettier
   58:2   warning  Delete `␍`  prettier/prettier
   59:1   warning  Delete `␍`  prettier/prettier
   60:65  warning  Delete `␍`  prettier/prettier
   61:68  warning  Delete `␍`  prettier/prettier
   62:2   warning  Delete `␍`  prettier/prettier
   63:1   warning  Delete `␍`  prettier/prettier
   64:71  warning  Delete `␍`  prettier/prettier
   65:76  warning  Delete `␍`  prettier/prettier
   66:2   warning  Delete `␍`  prettier/prettier
   67:1   warning  Delete `␍`  prettier/prettier
   68:55  warning  Delete `␍`  prettier/prettier
   69:25  warning  Delete `␍`  prettier/prettier
   70:22  warning  Delete `␍`  prettier/prettier
   71:17  warning  Delete `␍`  prettier/prettier
   72:35  warning  Delete `␍`  prettier/prettier
   73:18  warning  Delete `␍`  prettier/prettier
   74:47  warning  Delete `␍`  prettier/prettier
   75:18  warning  Delete `␍`  prettier/prettier
   76:39  warning  Delete `␍`  prettier/prettier
   77:17  warning  Delete `␍`  prettier/prettier
   78:20  warning  Delete `␍`  prettier/prettier
   79:16  warning  Delete `␍`  prettier/prettier
   80:92  warning  Delete `␍`  prettier/prettier
   81:19  warning  Delete `␍`  prettier/prettier
   82:32  warning  Delete `␍`  prettier/prettier
   83:13  warning  Delete `␍`  prettier/prettier
   84:32  warning  Delete `␍`  prettier/prettier
   85:4   warning  Delete `␍`  prettier/prettier
   86:2   warning  Delete `␍`  prettier/prettier
   87:1   warning  Delete `␍`  prettier/prettier
   88:55  warning  Delete `␍`  prettier/prettier
   89:38  warning  Delete `␍`  prettier/prettier
   90:53  warning  Delete `␍`  prettier/prettier
   91:77  warning  Delete `␍`  prettier/prettier
   92:50  warning  Delete `␍`  prettier/prettier
   93:2   warning  Delete `␍`  prettier/prettier
   94:1   warning  Delete `␍`  prettier/prettier
   95:17  warning  Delete `␍`  prettier/prettier
   96:10  warning  Delete `␍`  prettier/prettier
   97:1   warning  Delete `␍`  prettier/prettier
   98:11  warning  Delete `␍`  prettier/prettier
   99:28  warning  Delete `␍`  prettier/prettier
  100:43  warning  Delete `␍`  prettier/prettier
  101:41  warning  Delete `␍`  prettier/prettier
  102:24  warning  Delete `␍`  prettier/prettier
  103:91  warning  Delete `␍`  prettier/prettier
  104:18  warning  Delete `␍`  prettier/prettier
  105:22  warning  Delete `␍`  prettier/prettier
  106:1   warning  Delete `␍`  prettier/prettier
  107:91  warning  Delete `␍`  prettier/prettier
  108:43  warning  Delete `␍`  prettier/prettier
  109:48  warning  Delete `␍`  prettier/prettier
  110:30  warning  Delete `␍`  prettier/prettier
  111:40  warning  Delete `␍`  prettier/prettier
  112:89  warning  Delete `␍`  prettier/prettier
  113:63  warning  Delete `␍`  prettier/prettier
  114:18  warning  Delete `␍`  prettier/prettier
  115:30  warning  Delete `␍`  prettier/prettier
  116:90  warning  Delete `␍`  prettier/prettier
  117:40  warning  Delete `␍`  prettier/prettier
  118:19  warning  Delete `␍`  prettier/prettier
  119:15  warning  Delete `␍`  prettier/prettier
  120:25  warning  Delete `␍`  prettier/prettier
  121:88  warning  Delete `␍`  prettier/prettier
  122:10  warning  Delete `␍`  prettier/prettier
  123:30  warning  Delete `␍`  prettier/prettier
  124:21  warning  Delete `␍`  prettier/prettier
  125:30  warning  Delete `␍`  prettier/prettier
  126:40  warning  Delete `␍`  prettier/prettier
  127:19  warning  Delete `␍`  prettier/prettier
  128:15  warning  Delete `␍`  prettier/prettier
  129:25  warning  Delete `␍`  prettier/prettier
  130:92  warning  Delete `␍`  prettier/prettier
  131:10  warning  Delete `␍`  prettier/prettier
  132:63  warning  Delete `␍`  prettier/prettier
  133:21  warning  Delete `␍`  prettier/prettier
  134:30  warning  Delete `␍`  prettier/prettier
  135:40  warning  Delete `␍`  prettier/prettier
  136:19  warning  Delete `␍`  prettier/prettier
  137:15  warning  Delete `␍`  prettier/prettier
  138:25  warning  Delete `␍`  prettier/prettier
  139:88  warning  Delete `␍`  prettier/prettier
  140:10  warning  Delete `␍`  prettier/prettier
  141:55  warning  Delete `␍`  prettier/prettier
  142:21  warning  Delete `␍`  prettier/prettier
  143:30  warning  Delete `␍`  prettier/prettier
  144:42  warning  Delete `␍`  prettier/prettier
  145:40  warning  Delete `␍`  prettier/prettier
  146:30  warning  Delete `␍`  prettier/prettier
  147:45  warning  Delete `␍`  prettier/prettier
  148:39  warning  Delete `␍`  prettier/prettier
  149:30  warning  Delete `␍`  prettier/prettier
  150:44  warning  Delete `␍`  prettier/prettier
  151:47  warning  Delete `␍`  prettier/prettier
  152:30  warning  Delete `␍`  prettier/prettier
  153:42  warning  Delete `␍`  prettier/prettier
  154:40  warning  Delete `␍`  prettier/prettier
  155:30  warning  Delete `␍`  prettier/prettier
  156:42  warning  Delete `␍`  prettier/prettier
  157:43  warning  Delete `␍`  prettier/prettier
  158:30  warning  Delete `␍`  prettier/prettier
  159:42  warning  Delete `␍`  prettier/prettier
  160:41  warning  Delete `␍`  prettier/prettier
  161:30  warning  Delete `␍`  prettier/prettier
  162:23  warning  Delete `␍`  prettier/prettier
  163:1   warning  Delete `␍`  prettier/prettier
  164:66  warning  Delete `␍`  prettier/prettier
  165:63  warning  Delete `␍`  prettier/prettier
  166:43  warning  Delete `␍`  prettier/prettier
  167:53  warning  Delete `␍`  prettier/prettier
  168:40  warning  Delete `␍`  prettier/prettier
  169:49  warning  Delete `␍`  prettier/prettier
  170:22  warning  Delete `␍`  prettier/prettier
  171:27  warning  Delete `␍`  prettier/prettier
  172:64  warning  Delete `␍`  prettier/prettier
  173:40  warning  Delete `␍`  prettier/prettier
  174:85  warning  Delete `␍`  prettier/prettier
  175:22  warning  Delete `␍`  prettier/prettier
  176:27  warning  Delete `␍`  prettier/prettier
  177:74  warning  Delete `␍`  prettier/prettier
  178:40  warning  Delete `␍`  prettier/prettier
  179:41  warning  Delete `␍`  prettier/prettier
  180:22  warning  Delete `␍`  prettier/prettier
  181:27  warning  Delete `␍`  prettier/prettier
  182:71  warning  Delete `␍`  prettier/prettier
  183:40  warning  Delete `␍`  prettier/prettier
  184:77  warning  Delete `␍`  prettier/prettier
  185:50  warning  Delete `␍`  prettier/prettier
  186:22  warning  Delete `␍`  prettier/prettier
  187:27  warning  Delete `␍`  prettier/prettier
  188:18  warning  Delete `␍`  prettier/prettier
  189:15  warning  Delete `␍`  prettier/prettier
  190:1   warning  Delete `␍`  prettier/prettier
  191:97  warning  Delete `␍`  prettier/prettier
  192:76  warning  Delete `␍`  prettier/prettier
  193:31  warning  Delete `␍`  prettier/prettier
  194:18  warning  Delete `␍`  prettier/prettier
  195:46  warning  Delete `␍`  prettier/prettier
  196:21  warning  Delete `␍`  prettier/prettier
  197:21  warning  Delete `␍`  prettier/prettier
  198:51  warning  Delete `␍`  prettier/prettier
  199:22  warning  Delete `␍`  prettier/prettier
  200:31  warning  Delete `␍`  prettier/prettier
  201:11  warning  Delete `␍`  prettier/prettier
  202:13  warning  Delete `␍`  prettier/prettier
  203:15  warning  Delete `␍`  prettier/prettier
  204:1   warning  Delete `␍`  prettier/prettier
  205:74  warning  Delete `␍`  prettier/prettier
  206:40  warning  Delete `␍`  prettier/prettier
  207:43  warning  Delete `␍`  prettier/prettier
  208:42  warning  Delete `␍`  prettier/prettier
  209:75  warning  Delete `␍`  prettier/prettier
  210:32  warning  Delete `␍`  prettier/prettier
  211:44  warning  Delete `␍`  prettier/prettier
  212:50  warning  Delete `␍`  prettier/prettier
  213:32  warning  Delete `␍`  prettier/prettier
  214:54  warning  Delete `␍`  prettier/prettier
  215:43  warning  Delete `␍`  prettier/prettier
  216:32  warning  Delete `␍`  prettier/prettier
  217:46  warning  Delete `␍`  prettier/prettier
  218:82  warning  Delete `␍`  prettier/prettier
  219:21  warning  Delete `␍`  prettier/prettier
  220:20  warning  Delete `␍`  prettier/prettier
  221:32  warning  Delete `␍`  prettier/prettier
  222:32  warning  Delete `␍`  prettier/prettier
  223:42  warning  Delete `␍`  prettier/prettier
  224:76  warning  Delete `␍`  prettier/prettier
  225:42  warning  Delete `␍`  prettier/prettier
  226:22  warning  Delete `␍`  prettier/prettier
  227:51  warning  Delete `␍`  prettier/prettier
  228:25  warning  Delete `␍`  prettier/prettier
  229:25  warning  Delete `␍`  prettier/prettier
  230:56  warning  Delete `␍`  prettier/prettier
  231:26  warning  Delete `␍`  prettier/prettier
  232:41  warning  Delete `␍`  prettier/prettier
  233:15  warning  Delete `␍`  prettier/prettier
  234:17  warning  Delete `␍`  prettier/prettier
  235:32  warning  Delete `␍`  prettier/prettier
  236:25  warning  Delete `␍`  prettier/prettier
  237:15  warning  Delete `␍`  prettier/prettier
  238:1   warning  Delete `␍`  prettier/prettier
  239:54  warning  Delete `␍`  prettier/prettier
  240:62  warning  Delete `␍`  prettier/prettier
  241:62  warning  Delete `␍`  prettier/prettier
  242:40  warning  Delete `␍`  prettier/prettier
  243:72  warning  Delete `␍`  prettier/prettier
  244:37  warning  Delete `␍`  prettier/prettier
  245:46  warning  Delete `␍`  prettier/prettier
  246:67  warning  Delete `␍`  prettier/prettier
  247:22  warning  Delete `␍`  prettier/prettier
  248:63  warning  Delete `␍`  prettier/prettier
  249:71  warning  Delete `␍`  prettier/prettier
  250:17  warning  Delete `␍`  prettier/prettier
  251:37  warning  Delete `␍`  prettier/prettier
  252:22  warning  Delete `␍`  prettier/prettier
  253:42  warning  Delete `␍`  prettier/prettier
  254:38  warning  Delete `␍`  prettier/prettier
  255:53  warning  Delete `␍`  prettier/prettier
  256:26  warning  Delete `␍`  prettier/prettier
  257:41  warning  Delete `␍`  prettier/prettier
  258:15  warning  Delete `␍`  prettier/prettier
  259:55  warning  Delete `␍`  prettier/prettier
  260:17  warning  Delete `␍`  prettier/prettier
  261:15  warning  Delete `␍`  prettier/prettier
  262:13  warning  Delete `␍`  prettier/prettier
  263:15  warning  Delete `␍`  prettier/prettier
  264:9   warning  Delete `␍`  prettier/prettier
  265:12  warning  Delete `␍`  prettier/prettier
  266:1   warning  Delete `␍`  prettier/prettier
  267:15  warning  Delete `␍`  prettier/prettier
  268:8   warning  Delete `␍`  prettier/prettier
  269:26  warning  Delete `␍`  prettier/prettier
  270:19  warning  Delete `␍`  prettier/prettier
  271:2   warning  Delete `␍`  prettier/prettier
  272:9   warning  Delete `␍`  prettier/prettier
  273:18  warning  Delete `␍`  prettier/prettier
  274:2   warning  Delete `␍`  prettier/prettier
  275:14  warning  Delete `␍`  prettier/prettier
  276:17  warning  Delete `␍`  prettier/prettier
  277:19  warning  Delete `␍`  prettier/prettier
  278:12  warning  Delete `␍`  prettier/prettier
  279:2   warning  Delete `␍`  prettier/prettier
  280:16  warning  Delete `␍`  prettier/prettier
  281:16  warning  Delete `␍`  prettier/prettier
  282:17  warning  Delete `␍`  prettier/prettier
  283:22  warning  Delete `␍`  prettier/prettier
  284:2   warning  Delete `␍`  prettier/prettier
  285:22  warning  Delete `␍`  prettier/prettier
  286:15  warning  Delete `␍`  prettier/prettier
  287:16  warning  Delete `␍`  prettier/prettier
  288:2   warning  Delete `␍`  prettier/prettier
  289:16  warning  Delete `␍`  prettier/prettier
  290:17  warning  Delete `␍`  prettier/prettier
  291:26  warning  Delete `␍`  prettier/prettier
  292:12  warning  Delete `␍`  prettier/prettier
  293:2   warning  Delete `␍`  prettier/prettier
  294:15  warning  Delete `␍`  prettier/prettier
  295:21  warning  Delete `␍`  prettier/prettier
  296:22  warning  Delete `␍`  prettier/prettier
  297:23  warning  Delete `␍`  prettier/prettier
  298:2   warning  Delete `␍`  prettier/prettier
  299:16  warning  Delete `␍`  prettier/prettier
  300:17  warning  Delete `␍`  prettier/prettier
  301:23  warning  Delete `␍`  prettier/prettier
  302:12  warning  Delete `␍`  prettier/prettier
  303:19  warning  Delete `␍`  prettier/prettier
  304:2   warning  Delete `␍`  prettier/prettier
  305:10  warning  Delete `␍`  prettier/prettier
  306:20  warning  Delete `␍`  prettier/prettier
  307:18  warning  Delete `␍`  prettier/prettier
  308:2   warning  Delete `␍`  prettier/prettier
  309:16  warning  Delete `␍`  prettier/prettier
  310:19  warning  Delete `␍`  prettier/prettier
  311:18  warning  Delete `␍`  prettier/prettier
  312:25  warning  Delete `␍`  prettier/prettier
  313:2   warning  Delete `␍`  prettier/prettier
  314:9   warning  Delete `␍`  prettier/prettier

H:\codex\林家餐厅小程序\family-kitchen-c01\admin\src\views\order\OrderList.vue
    1:25   warning  Delete `␍`  prettier/prettier
    2:38   warning  Delete `␍`  prettier/prettier
    3:40   warning  Delete `␍`  prettier/prettier
    4:56   warning  Delete `␍`  prettier/prettier
    5:87   warning  Delete `␍`  prettier/prettier
    6:85   warning  Delete `␍`  prettier/prettier
    7:62   warning  Delete `␍`  prettier/prettier
    8:67   warning  Delete `␍`  prettier/prettier
    9:1    warning  Delete `␍`  prettier/prettier
   10:28   warning  Delete `␍`  prettier/prettier
   11:42   warning  Delete `␍`  prettier/prettier
   12:28   warning  Delete `␍`  prettier/prettier
   13:44   warning  Delete `␍`  prettier/prettier
   14:22   warning  Delete `␍`  prettier/prettier
   15:1    warning  Delete `␍`  prettier/prettier
   16:38   warning  Delete `␍`  prettier/prettier
   17:11   warning  Delete `␍`  prettier/prettier
   18:16   warning  Delete `␍`  prettier/prettier
   19:16   warning  Delete `␍`  prettier/prettier
   20:16   warning  Delete `␍`  prettier/prettier
   21:4    warning  Delete `␍`  prettier/prettier
   22:1    warning  Delete `␍`  prettier/prettier
   23:84   warning  Delete `␍`  prettier/prettier
   24:9    warning  Delete `␍`  prettier/prettier
   25:9    warning  Delete `␍`  prettier/prettier
   26:5    warning  Delete `␍`  prettier/prettier
   27:1    warning  Delete `␍`  prettier/prettier
   28:81   warning  Delete `␍`  prettier/prettier
   29:1    warning  Delete `␍`  prettier/prettier
   30:39   warning  Delete `␍`  prettier/prettier
   31:24   warning  Delete `␍`  prettier/prettier
   32:8    warning  Delete `␍`  prettier/prettier
   33:44   warning  Delete `␍`  prettier/prettier
   34:30   warning  Delete `␍`  prettier/prettier
   35:38   warning  Delete `␍`  prettier/prettier
   36:81   warning  Delete `␍`  prettier/prettier
   37:51   warning  Delete `␍`  prettier/prettier
   38:8    warning  Delete `␍`  prettier/prettier
   39:29   warning  Delete `␍`  prettier/prettier
   40:29   warning  Delete `␍`  prettier/prettier
   41:14   warning  Delete `␍`  prettier/prettier
   42:27   warning  Delete `␍`  prettier/prettier
   43:4    warning  Delete `␍`  prettier/prettier
   44:2    warning  Delete `␍`  prettier/prettier
   45:1    warning  Delete `␍`  prettier/prettier
   46:25   warning  Delete `␍`  prettier/prettier
   47:71   warning  Delete `␍`  prettier/prettier
   48:15   warning  Delete `␍`  prettier/prettier
   49:2    warning  Delete `␍`  prettier/prettier
   50:1    warning  Delete `␍`  prettier/prettier
   51:52   warning  Delete `␍`  prettier/prettier
   52:69   warning  Delete `␍`  prettier/prettier
   53:2    warning  Delete `␍`  prettier/prettier
   54:1    warning  Delete `␍`  prettier/prettier
   55:69   warning  Delete `␍`  prettier/prettier
   56:19   warning  Delete `␍`  prettier/prettier
   57:8    warning  Delete `␍`  prettier/prettier
   58:68   warning  Delete `␍`  prettier/prettier
   59:31   warning  Delete `␍`  prettier/prettier
   60:30   warning  Delete `␍`  prettier/prettier
   61:23   warning  Delete `␍`  prettier/prettier
   62:52   warning  Delete `␍`  prettier/prettier
   63:65   warning  Delete `␍`  prettier/prettier
   64:8    warning  Delete `␍`  prettier/prettier
   65:27   warning  Delete `␍`  prettier/prettier
   66:12   warning  Delete `␍`  prettier/prettier
   67:12   warning  Delete `␍`  prettier/prettier
   68:4    warning  Delete `␍`  prettier/prettier
   69:8    warning  Delete `␍`  prettier/prettier
   70:48   warning  Delete `␍`  prettier/prettier
   71:43   warning  Delete `␍`  prettier/prettier
   72:17   warning  Delete `␍`  prettier/prettier
   73:12   warning  Delete `␍`  prettier/prettier
   74:14   warning  Delete `␍`  prettier/prettier
   75:4    warning  Delete `␍`  prettier/prettier
   76:2    warning  Delete `␍`  prettier/prettier
   77:1    warning  Delete `␍`  prettier/prettier
   78:46   warning  Delete `␍`  prettier/prettier
   79:42   warning  Delete `␍`  prettier/prettier
   80:2    warning  Delete `␍`  prettier/prettier
   81:1    warning  Delete `␍`  prettier/prettier
   82:53   warning  Delete `␍`  prettier/prettier
   83:30   warning  Delete `␍`  prettier/prettier
   84:4    warning  Delete `␍`  prettier/prettier
   85:19   warning  Delete `␍`  prettier/prettier
   86:17   warning  Delete `␍`  prettier/prettier
   87:72   warning  Delete `␍`  prettier/prettier
   88:5    warning  Delete `␍`  prettier/prettier
   89:39   warning  Delete `␍`  prettier/prettier
   90:45   warning  Delete `␍`  prettier/prettier
   91:41   warning  Delete `␍`  prettier/prettier
   92:44   warning  Delete `␍`  prettier/prettier
   93:86   warning  Delete `␍`  prettier/prettier
   94:88   warning  Delete `␍`  prettier/prettier
   95:3    warning  Delete `␍`  prettier/prettier
   96:1    warning  Delete `␍`  prettier/prettier
   97:32   warning  Delete `␍`  prettier/prettier
   98:40   warning  Delete `␍`  prettier/prettier
   99:68   warning  Delete `␍`  prettier/prettier
  100:2    warning  Delete `␍`  prettier/prettier
  101:1    warning  Delete `␍`  prettier/prettier
  102:17   warning  Delete `␍`  prettier/prettier
  103:10   warning  Delete `␍`  prettier/prettier
  104:1    warning  Delete `␍`  prettier/prettier
  105:11   warning  Delete `␍`  prettier/prettier
  106:8    warning  Delete `␍`  prettier/prettier
  107:48   warning  Delete `␍`  prettier/prettier
  108:46   warning  Delete `␍`  prettier/prettier
  109:37   warning  Delete `␍`  prettier/prettier
  110:20   warning  Delete `␍`  prettier/prettier
  111:37   warning  Delete `␍`  prettier/prettier
  112:41   warning  Delete `␍`  prettier/prettier
  113:22   warning  Delete `␍`  prettier/prettier
  114:33   warning  Delete `␍`  prettier/prettier
  115:32   warning  Delete `␍`  prettier/prettier
  116:13   warning  Delete `␍`  prettier/prettier
  117:24   warning  Delete `␍`  prettier/prettier
  118:34   warning  Delete `␍`  prettier/prettier
  119:21   warning  Delete `␍`  prettier/prettier
  120:37   warning  Delete `␍`  prettier/prettier
  121:21   warning  Delete `␍`  prettier/prettier
  122:26   warning  Delete `␍`  prettier/prettier
  123:31   warning  Delete `␍`  prettier/prettier
  124:33   warning  Delete `␍`  prettier/prettier
  125:12   warning  Delete `␍`  prettier/prettier
  126:23   warning  Delete `␍`  prettier/prettier
  127:41   warning  Delete `␍`  prettier/prettier
  128:29   warning  Delete `␍`  prettier/prettier
  129:31   warning  Delete `␍`  prettier/prettier
  130:31   warning  Delete `␍`  prettier/prettier
  131:15   warning  Delete `␍`  prettier/prettier
  132:23   warning  Delete `␍`  prettier/prettier
  133:24   warning  Delete `␍`  prettier/prettier
  134:23   warning  Delete `␍`  prettier/prettier
  135:65   warning  Delete `␍`  prettier/prettier
  136:51   warning  Delete `␍`  prettier/prettier
  137:90   warning  Delete `␍`  prettier/prettier
  138:24   warning  Delete `␍`  prettier/prettier
  139:17   warning  Delete `␍`  prettier/prettier
  140:15   warning  Delete `␍`  prettier/prettier
  141:1    warning  Delete `␍`  prettier/prettier
  142:29   warning  Delete `␍`  prettier/prettier
  143:58   warning  Delete `␍`  prettier/prettier
  144:62   warning  Delete `␍`  prettier/prettier
  145:40   warning  Delete `␍`  prettier/prettier
  146:93   warning  Delete `␍`  prettier/prettier
  147:22   warning  Delete `␍`  prettier/prettier
  148:27   warning  Delete `␍`  prettier/prettier
  149:49   warning  Delete `␍`  prettier/prettier
  150:40   warning  Delete `␍`  prettier/prettier
  151:92   warning  Delete `␍`  prettier/prettier
  152:65   warning  Delete `␍`  prettier/prettier
  153:22   warning  Delete `␍`  prettier/prettier
  154:22   warning  Delete `␍`  prettier/prettier
  155:27   warning  Delete `␍`  prettier/prettier
  156:69   warning  Delete `␍`  prettier/prettier
  157:40   warning  Delete `␍`  prettier/prettier
  158:57   warning  Delete `␍`  prettier/prettier
  159:22   warning  Delete `␍`  prettier/prettier
  160:27   warning  Delete `␍`  prettier/prettier
  161:53   warning  Delete `␍`  prettier/prettier
  162:40   warning  Delete `␍`  prettier/prettier
  163:101  warning  Delete `␍`  prettier/prettier
  164:101  warning  Delete `␍`  prettier/prettier
  165:22   warning  Delete `␍`  prettier/prettier
  166:27   warning  Delete `␍`  prettier/prettier
  167:53   warning  Delete `␍`  prettier/prettier
  168:40   warning  Delete `␍`  prettier/prettier
  169:93   warning  Delete `␍`  prettier/prettier
  170:93   warning  Delete `␍`  prettier/prettier
  171:22   warning  Delete `␍`  prettier/prettier
  172:27   warning  Delete `␍`  prettier/prettier
  173:89   warning  Delete `␍`  prettier/prettier
  174:51   warning  Delete `␍`  prettier/prettier
  175:82   warning  Delete `␍`  prettier/prettier
  176:27   warning  Delete `␍`  prettier/prettier
  177:63   warning  Delete `␍`  prettier/prettier
  178:40   warning  Delete `␍`  prettier/prettier
  179:99   warning  Delete `␍`  prettier/prettier
  180:17   warning  Delete `␍`  prettier/prettier
  181:25   warning  Delete `␍`  prettier/prettier
  182:48   warning  Delete `␍`  prettier/prettier
  183:22   warning  Delete `␍`  prettier/prettier
  184:27   warning  Delete `␍`  prettier/prettier
  185:18   warning  Delete `␍`  prettier/prettier
  186:1    warning  Delete `␍`  prettier/prettier
  187:21   warning  Delete `␍`  prettier/prettier
  188:42   warning  Delete `␍`  prettier/prettier
  189:43   warning  Delete `␍`  prettier/prettier
  190:23   warning  Delete `␍`  prettier/prettier
  191:40   warning  Delete `␍`  prettier/prettier
  192:57   warning  Delete `␍`  prettier/prettier
  193:19   warning  Delete `␍`  prettier/prettier
  194:27   warning  Delete `␍`  prettier/prettier
  195:31   warning  Delete `␍`  prettier/prettier
  196:28   warning  Delete `␍`  prettier/prettier
  197:9    warning  Delete `␍`  prettier/prettier
  198:15   warning  Delete `␍`  prettier/prettier
  199:9    warning  Delete `␍`  prettier/prettier
  200:12   warning  Delete `␍`  prettier/prettier
  201:1    warning  Delete `␍`  prettier/prettier
  202:15   warning  Delete `␍`  prettier/prettier
  203:14   warning  Delete `␍`  prettier/prettier
  204:23   warning  Delete `␍`  prettier/prettier
  205:2    warning  Delete `␍`  prettier/prettier
  206:35   warning  Delete `␍`  prettier/prettier
  207:20   warning  Delete `␍`  prettier/prettier
  208:2    warning  Delete `␍`  prettier/prettier
  209:14   warning  Delete `␍`  prettier/prettier
  210:20   warning  Delete `␍`  prettier/prettier
  211:17   warning  Delete `␍`  prettier/prettier
  212:29   warning  Delete `␍`  prettier/prettier
  213:2    warning  Delete `␍`  prettier/prettier
  214:8    warning  Delete `␍`  prettier/prettier
  215:26   warning  Delete `␍`  prettier/prettier
  216:19   warning  Delete `␍`  prettier/prettier
  217:18   warning  Delete `␍`  prettier/prettier
  218:2    warning  Delete `␍`  prettier/prettier
  219:9    warning  Delete `␍`  prettier/prettier
  220:18   warning  Delete `␍`  prettier/prettier
  221:2    warning  Delete `␍`  prettier/prettier
  222:9    warning  Delete `␍`  prettier/prettier

H:\codex\林家餐厅小程序\family-kitchen-c01\admin\src\views\user\UserDetail.vue
    1:25  warning  Delete `␍`  prettier/prettier
    2:38  warning  Delete `␍`  prettier/prettier
    3:50  warning  Delete `␍`  prettier/prettier
    4:9   warning  Delete `␍`  prettier/prettier
    5:12  warning  Delete `␍`  prettier/prettier
    6:25  warning  Delete `␍`  prettier/prettier
    7:26  warning  Delete `␍`  prettier/prettier
    8:24  warning  Delete `␍`  prettier/prettier
    9:30  warning  Delete `␍`  prettier/prettier
   10:22  warning  Delete `␍`  prettier/prettier
   11:67  warning  Delete `␍`  prettier/prettier
   12:9   warning  Delete `␍`  prettier/prettier
   13:15  warning  Delete `␍`  prettier/prettier
   14:25  warning  Delete `␍`  prettier/prettier
   15:22  warning  Delete `␍`  prettier/prettier
   16:22  warning  Delete `␍`  prettier/prettier
   17:14  warning  Delete `␍`  prettier/prettier
   18:25  warning  Delete `␍`  prettier/prettier
   19:1   warning  Delete `␍`  prettier/prettier
   20:26  warning  Delete `␍`  prettier/prettier
   21:28  warning  Delete `␍`  prettier/prettier
   22:42  warning  Delete `␍`  prettier/prettier
   23:42  warning  Delete `␍`  prettier/prettier
   24:1   warning  Delete `␍`  prettier/prettier
   25:48  warning  Delete `␍`  prettier/prettier
   26:28  warning  Delete `␍`  prettier/prettier
   27:25  warning  Delete `␍`  prettier/prettier
   28:1   warning  Delete `␍`  prettier/prettier
   29:8   warning  Delete `␍`  prettier/prettier
   30:47  warning  Delete `␍`  prettier/prettier
   31:26  warning  Delete `␍`  prettier/prettier
   32:32  warning  Delete `␍`  prettier/prettier
   33:50  warning  Delete `␍`  prettier/prettier
   34:1   warning  Delete `␍`  prettier/prettier
   35:16  warning  Delete `␍`  prettier/prettier
   36:50  warning  Delete `␍`  prettier/prettier
   37:40  warning  Delete `␍`  prettier/prettier
   38:1   warning  Delete `␍`  prettier/prettier
   39:10  warning  Delete `␍`  prettier/prettier
   40:45  warning  Delete `␍`  prettier/prettier
   41:28  warning  Delete `␍`  prettier/prettier
   42:34  warning  Delete `␍`  prettier/prettier
   43:52  warning  Delete `␍`  prettier/prettier
   44:1   warning  Delete `␍`  prettier/prettier
   45:45  warning  Delete `␍`  prettier/prettier
   46:24  warning  Delete `␍`  prettier/prettier
   47:8   warning  Delete `␍`  prettier/prettier
   48:49  warning  Delete `␍`  prettier/prettier
   49:14  warning  Delete `␍`  prettier/prettier
   50:27  warning  Delete `␍`  prettier/prettier
   51:4   warning  Delete `␍`  prettier/prettier
   52:2   warning  Delete `␍`  prettier/prettier
   53:1   warning  Delete `␍`  prettier/prettier
   54:43  warning  Delete `␍`  prettier/prettier
   55:28  warning  Delete `␍`  prettier/prettier
   56:8   warning  Delete `␍`  prettier/prettier
   57:78  warning  Delete `␍`  prettier/prettier
   58:28  warning  Delete `␍`  prettier/prettier
   59:33  warning  Delete `␍`  prettier/prettier
   60:14  warning  Delete `␍`  prettier/prettier
   61:31  warning  Delete `␍`  prettier/prettier
   62:4   warning  Delete `␍`  prettier/prettier
   63:2   warning  Delete `␍`  prettier/prettier
   64:1   warning  Delete `␍`  prettier/prettier
   65:51  warning  Delete `␍`  prettier/prettier
   66:36  warning  Delete `␍`  prettier/prettier
   67:8   warning  Delete `␍`  prettier/prettier
   68:69  warning  Delete `␍`  prettier/prettier
   69:14  warning  Delete `␍`  prettier/prettier
   70:39  warning  Delete `␍`  prettier/prettier
   71:4   warning  Delete `␍`  prettier/prettier
   72:2   warning  Delete `␍`  prettier/prettier
   73:1   warning  Delete `␍`  prettier/prettier
   74:45  warning  Delete `␍`  prettier/prettier
   75:30  warning  Delete `␍`  prettier/prettier
   76:8   warning  Delete `␍`  prettier/prettier
   77:73  warning  Delete `␍`  prettier/prettier
   78:30  warning  Delete `␍`  prettier/prettier
   79:35  warning  Delete `␍`  prettier/prettier
   80:14  warning  Delete `␍`  prettier/prettier
   81:33  warning  Delete `␍`  prettier/prettier
   82:4   warning  Delete `␍`  prettier/prettier
   83:2   warning  Delete `␍`  prettier/prettier
   84:1   warning  Delete `␍`  prettier/prettier
   85:43  warning  Delete `␍`  prettier/prettier
   86:62  warning  Delete `␍`  prettier/prettier
   87:86  warning  Delete `␍`  prettier/prettier
   88:68  warning  Delete `␍`  prettier/prettier
   89:2   warning  Delete `␍`  prettier/prettier
   90:1   warning  Delete `␍`  prettier/prettier
   91:24  warning  Delete `␍`  prettier/prettier
   92:22  warning  Delete `␍`  prettier/prettier
   93:36  warning  Delete `␍`  prettier/prettier
   94:4   warning  Delete `␍`  prettier/prettier
   95:10  warning  Delete `␍`  prettier/prettier
   96:1   warning  Delete `␍`  prettier/prettier
   97:11  warning  Delete `␍`  prettier/prettier
   98:28  warning  Delete `␍`  prettier/prettier
   99:43  warning  Delete `␍`  prettier/prettier
  100:26  warning  Delete `␍`  prettier/prettier
  101:53  warning  Delete `␍`  prettier/prettier
  102:18  warning  Delete `␍`  prettier/prettier
  103:22  warning  Delete `␍`  prettier/prettier
  104:1   warning  Delete `␍`  prettier/prettier
  105:91  warning  Delete `␍`  prettier/prettier
  106:40  warning  Delete `␍`  prettier/prettier
  107:48  warning  Delete `␍`  prettier/prettier
  108:30  warning  Delete `␍`  prettier/prettier
  109:40  warning  Delete `␍`  prettier/prettier
  110:79  warning  Delete `␍`  prettier/prettier
  111:66  warning  Delete `␍`  prettier/prettier
  112:30  warning  Delete `␍`  prettier/prettier
  113:40  warning  Delete `␍`  prettier/prettier
  114:38  warning  Delete `␍`  prettier/prettier
  115:92  warning  Delete `␍`  prettier/prettier
  116:20  warning  Delete `␍`  prettier/prettier
  117:46  warning  Delete `␍`  prettier/prettier
  118:30  warning  Delete `␍`  prettier/prettier
  119:41  warning  Delete `␍`  prettier/prettier
  120:69  warning  Delete `␍`  prettier/prettier
  121:46  warning  Delete `␍`  prettier/prettier
  122:30  warning  Delete `␍`  prettier/prettier
  123:42  warning  Delete `␍`  prettier/prettier
  124:36  warning  Delete `␍`  prettier/prettier
  125:30  warning  Delete `␍`  prettier/prettier
  126:42  warning  Delete `␍`  prettier/prettier
  127:19  warning  Delete `␍`  prettier/prettier
  128:38  warning  Delete `␍`  prettier/prettier
  129:15  warning  Delete `␍`  prettier/prettier
  130:25  warning  Delete `␍`  prettier/prettier
  131:95  warning  Delete `␍`  prettier/prettier
  132:10  warning  Delete `␍`  prettier/prettier
  133:37  warning  Delete `␍`  prettier/prettier
  134:21  warning  Delete `␍`  prettier/prettier
  135:46  warning  Delete `␍`  prettier/prettier
  136:30  warning  Delete `␍`  prettier/prettier
  137:43  warning  Delete `␍`  prettier/prettier
  138:60  warning  Delete `␍`  prettier/prettier
  139:30  warning  Delete `␍`  prettier/prettier
  140:86  warning  Delete `␍`  prettier/prettier
  141:93  warning  Delete `␍`  prettier/prettier
  142:42  warning  Delete `␍`  prettier/prettier
  143:78  warning  Delete `␍`  prettier/prettier
  144:63  warning  Delete `␍`  prettier/prettier
  145:30  warning  Delete `␍`  prettier/prettier
  146:52  warning  Delete `␍`  prettier/prettier
  147:41  warning  Delete `␍`  prettier/prettier
  148:30  warning  Delete `␍`  prettier/prettier
  149:23  warning  Delete `␍`  prettier/prettier
  150:1   warning  Delete `␍`  prettier/prettier
  151:66  warning  Delete `␍`  prettier/prettier
  152:56  warning  Delete `␍`  prettier/prettier
  153:48  warning  Delete `␍`  prettier/prettier
  154:65  warning  Delete `␍`  prettier/prettier
  155:53  warning  Delete `␍`  prettier/prettier
  156:44  warning  Delete `␍`  prettier/prettier
  157:78  warning  Delete `␍`  prettier/prettier
  158:26  warning  Delete `␍`  prettier/prettier
  159:31  warning  Delete `␍`  prettier/prettier
  160:67  warning  Delete `␍`  prettier/prettier
  161:44  warning  Delete `␍`  prettier/prettier
  162:80  warning  Delete `␍`  prettier/prettier
  163:79  warning  Delete `␍`  prettier/prettier
  164:24  warning  Delete `␍`  prettier/prettier
  165:26  warning  Delete `␍`  prettier/prettier
  166:31  warning  Delete `␍`  prettier/prettier
  167:89  warning  Delete `␍`  prettier/prettier
  168:78  warning  Delete `␍`  prettier/prettier
  169:55  warning  Delete `␍`  prettier/prettier
  170:44  warning  Delete `␍`  prettier/prettier
  171:27  warning  Delete `␍`  prettier/prettier
  172:43  warning  Delete `␍`  prettier/prettier
  173:23  warning  Delete `␍`  prettier/prettier
  174:33  warning  Delete `␍`  prettier/prettier
  175:31  warning  Delete `␍`  prettier/prettier
  176:99  warning  Delete `␍`  prettier/prettier
  177:18  warning  Delete `␍`  prettier/prettier
  178:42  warning  Delete `␍`  prettier/prettier
  179:29  warning  Delete `␍`  prettier/prettier
  180:52  warning  Delete `␍`  prettier/prettier
  181:26  warning  Delete `␍`  prettier/prettier
  182:31  warning  Delete `␍`  prettier/prettier
  183:67  warning  Delete `␍`  prettier/prettier
  184:44  warning  Delete `␍`  prettier/prettier
  185:87  warning  Delete `␍`  prettier/prettier
  186:26  warning  Delete `␍`  prettier/prettier
  187:31  warning  Delete `␍`  prettier/prettier
  188:53  warning  Delete `␍`  prettier/prettier
  189:86  warning  Delete `␍`  prettier/prettier
  190:31  warning  Delete `␍`  prettier/prettier
  191:22  warning  Delete `␍`  prettier/prettier
  192:25  warning  Delete `␍`  prettier/prettier
  193:50  warning  Delete `␍`  prettier/prettier
  194:51  warning  Delete `␍`  prettier/prettier
  195:31  warning  Delete `␍`  prettier/prettier
  196:39  warning  Delete `␍`  prettier/prettier
  197:53  warning  Delete `␍`  prettier/prettier
  198:23  warning  Delete `␍`  prettier/prettier
  199:31  warning  Delete `␍`  prettier/prettier
  200:39  warning  Delete `␍`  prettier/prettier
  201:36  warning  Delete `␍`  prettier/prettier
  202:13  warning  Delete `␍`  prettier/prettier
  203:23  warning  Delete `␍`  prettier/prettier
  204:1   warning  Delete `␍`  prettier/prettier
  205:55  warning  Delete `␍`  prettier/prettier
  206:20  warning  Delete `␍`  prettier/prettier
  207:64  warning  Delete `␍`  prettier/prettier
  208:36  warning  Delete `␍`  prettier/prettier
  209:13  warning  Delete `␍`  prettier/prettier
  210:74  warning  Delete `␍`  prettier/prettier
  211:94  warning  Delete `␍`  prettier/prettier
  212:96  warning  Delete `␍`  prettier/prettier
  213:93  warning  Delete `␍`  prettier/prettier
  214:75  warning  Delete `␍`  prettier/prettier
  215:23  warning  Delete `␍`  prettier/prettier
  216:17  warning  Delete `␍`  prettier/prettier
  217:23  warning  Delete `␍`  prettier/prettier
  218:1   warning  Delete `␍`  prettier/prettier
  219:50  warning  Delete `␍`  prettier/prettier
  220:69  warning  Delete `␍`  prettier/prettier
  221:66  warning  Delete `␍`  prettier/prettier
  222:44  warning  Delete `␍`  prettier/prettier
  223:27  warning  Delete `␍`  prettier/prettier
  224:23  warning  Delete `␍`  prettier/prettier
  225:33  warning  Delete `␍`  prettier/prettier
  226:88  warning  Delete `␍`  prettier/prettier
  227:18  warning  Delete `␍`  prettier/prettier
  228:31  warning  Delete `␍`  prettier/prettier
  229:29  warning  Delete `␍`  prettier/prettier
  230:26  warning  Delete `␍`  prettier/prettier
  231:31  warning  Delete `␍`  prettier/prettier
  232:52  warning  Delete `␍`  prettier/prettier
  233:44  warning  Delete `␍`  prettier/prettier
  234:97  warning  Delete `␍`  prettier/prettier
  235:65  warning  Delete `␍`  prettier/prettier
  236:26  warning  Delete `␍`  prettier/prettier
  237:26  warning  Delete `␍`  prettier/prettier
  238:31  warning  Delete `␍`  prettier/prettier
  239:53  warning  Delete `␍`  prettier/prettier
  240:44  warning  Delete `␍`  prettier/prettier
  241:96  warning  Delete `␍`  prettier/prettier
  242:69  warning  Delete `␍`  prettier/prettier
  243:26  warning  Delete `␍`  prettier/prettier
  244:26  warning  Delete `␍`  prettier/prettier
  245:31  warning  Delete `␍`  prettier/prettier
  246:93  warning  Delete `␍`  prettier/prettier
  247:55  warning  Delete `␍`  prettier/prettier
  248:86  warning  Delete `␍`  prettier/prettier
  249:31  warning  Delete `␍`  prettier/prettier
  250:22  warning  Delete `␍`  prettier/prettier
  251:25  warning  Delete `␍`  prettier/prettier
  252:52  warning  Delete `␍`  prettier/prettier
  253:53  warning  Delete `␍`  prettier/prettier
  254:33  warning  Delete `␍`  prettier/prettier
  255:39  warning  Delete `␍`  prettier/prettier
  256:53  warning  Delete `␍`  prettier/prettier
  257:23  warning  Delete `␍`  prettier/prettier
  258:31  warning  Delete `␍`  prettier/prettier
  259:41  warning  Delete `␍`  prettier/prettier
  260:38  warning  Delete `␍`  prettier/prettier
  261:13  warning  Delete `␍`  prettier/prettier
  262:23  warning  Delete `␍`  prettier/prettier
  263:17  warning  Delete `␍`  prettier/prettier
  264:15  warning  Delete `␍`  prettier/prettier
  265:9   warning  Delete `␍`  prettier/prettier
  266:12  warning  Delete `␍`  prettier/prettier
  267:1   warning  Delete `␍`  prettier/prettier
  268:15  warning  Delete `␍`  prettier/prettier
  269:8   warning  Delete `␍`  prettier/prettier
  270:26  warning  Delete `␍`  prettier/prettier
  271:19  warning  Delete `␍`  prettier/prettier
  272:2   warning  Delete `␍`  prettier/prettier
  273:9   warning  Delete `␍`  prettier/prettier
  274:18  warning  Delete `␍`  prettier/prettier
  275:2   warning  Delete `␍`  prettier/prettier
  276:6   warning  Delete `␍`  prettier/prettier
  277:18  warning  Delete `␍`  prettier/prettier
  278:20  warning  Delete `␍`  prettier/prettier
  279:2   warning  Delete `␍`  prettier/prettier
  280:12  warning  Delete `␍`  prettier/prettier
  281:18  warning  Delete `␍`  prettier/prettier
  282:2   warning  Delete `␍`  prettier/prettier
  283:12  warning  Delete `␍`  prettier/prettier
  284:18  warning  Delete `␍`  prettier/prettier
  285:2   warning  Delete `␍`  prettier/prettier
  286:14  warning  Delete `␍`  prettier/prettier
  287:20  warning  Delete `␍`  prettier/prettier
  288:17  warning  Delete `␍`  prettier/prettier
  289:29  warning  Delete `␍`  prettier/prettier
  290:2   warning  Delete `␍`  prettier/prettier
  291:14  warning  Delete `␍`  prettier/prettier
  292:17  warning  Delete `␍`  prettier/prettier
  293:64  warning  Delete `␍`  prettier/prettier
  294:13  warning  Delete `␍`  prettier/prettier
  295:2   warning  Delete `␍`  prettier/prettier
  296:14  warning  Delete `␍`  prettier/prettier
  297:16  warning  Delete `␍`  prettier/prettier
  298:2   warning  Delete `␍`  prettier/prettier
  299:15  warning  Delete `␍`  prettier/prettier
  300:19  warning  Delete `␍`  prettier/prettier
  301:20  warning  Delete `␍`  prettier/prettier
  302:18  warning  Delete `␍`  prettier/prettier
  303:2   warning  Delete `␍`  prettier/prettier
  304:14  warning  Delete `␍`  prettier/prettier
  305:19  warning  Delete `␍`  prettier/prettier
  306:18  warning  Delete `␍`  prettier/prettier
  307:19  warning  Delete `␍`  prettier/prettier
  308:2   warning  Delete `␍`  prettier/prettier
  309:14  warning  Delete `␍`  prettier/prettier
  310:19  warning  Delete `␍`  prettier/prettier
  311:18  warning  Delete `␍`  prettier/prettier
  312:19  warning  Delete `␍`  prettier/prettier
  313:2   warning  Delete `␍`  prettier/prettier
  314:9   warning  Delete `␍`  prettier/prettier

H:\codex\林家餐厅小程序\family-kitchen-c01\admin\src\views\user\UserList.vue
    1:25  warning  Delete `␍`                                       prettier/prettier
    2:38  warning  Delete `␍`                                       prettier/prettier
    3:40  warning  Delete `␍`                                       prettier/prettier
    4:85  warning  Delete `␍`                                       prettier/prettier
    5:45  warning  Delete `␍`                                       prettier/prettier
    6:67  warning  Delete `␍`                                       prettier/prettier
    7:62  warning  Delete `␍`                                       prettier/prettier
    8:1   warning  Delete `␍`                                       prettier/prettier
    9:28  warning  Delete `␍`                                       prettier/prettier
   10:42  warning  Delete `␍`                                       prettier/prettier
   11:28  warning  Delete `␍`                                       prettier/prettier
   12:43  warning  Delete `␍`                                       prettier/prettier
   13:22  warning  Delete `␍`                                       prettier/prettier
   14:1   warning  Delete `␍`                                       prettier/prettier
   15:37  warning  Delete `␍`                                       prettier/prettier
   16:11  warning  Delete `␍`                                       prettier/prettier
   17:16  warning  Delete `␍`                                       prettier/prettier
   18:14  warning  Delete `␍`                                       prettier/prettier
   19:4   warning  Delete `␍`                                       prettier/prettier
   20:1   warning  Delete `␍`                                       prettier/prettier
   21:39  warning  Delete `␍`                                       prettier/prettier
   22:24  warning  Delete `␍`                                       prettier/prettier
   23:8   warning  Delete `␍`                                       prettier/prettier
   24:43  warning  Delete `␍`                                       prettier/prettier
   25:30  warning  Delete `␍`                                       prettier/prettier
   26:38  warning  Delete `␍`                                       prettier/prettier
   27:47  warning  Delete `␍`                                       prettier/prettier
   28:8   warning  Delete `␍`                                       prettier/prettier
   29:29  warning  Delete `␍`                                       prettier/prettier
   30:29  warning  Delete `␍`                                       prettier/prettier
   31:14  warning  Delete `␍`                                       prettier/prettier
   32:27  warning  Delete `␍`                                       prettier/prettier
   33:4   warning  Delete `␍`                                       prettier/prettier
   34:2   warning  Delete `␍`                                       prettier/prettier
   35:1   warning  Delete `␍`                                       prettier/prettier
   36:25  warning  Delete `␍`                                       prettier/prettier
   37:55  warning  Delete `␍`                                       prettier/prettier
   38:15  warning  Delete `␍`                                       prettier/prettier
   39:2   warning  Delete `␍`                                       prettier/prettier
   40:1   warning  Delete `␍`                                       prettier/prettier
   41:51  warning  Delete `␍`                                       prettier/prettier
   42:68  warning  Delete `␍`                                       prettier/prettier
   43:2   warning  Delete `␍`                                       prettier/prettier
   44:1   warning  Delete `␍`                                       prettier/prettier
   45:52  warning  Delete `␍`                                       prettier/prettier
   46:30  warning  Delete `␍`                                       prettier/prettier
   47:36  warning  Delete `␍`                                       prettier/prettier
   48:45  warning  Delete `␍`                                       prettier/prettier
   49:39  warning  Delete `␍`                                       prettier/prettier
   50:86  warning  Delete `␍`                                       prettier/prettier
   51:3   warning  Delete `␍`                                       prettier/prettier
   52:1   warning  Delete `␍`                                       prettier/prettier
   53:32  warning  Delete `␍`                                       prettier/prettier
   54:40  warning  Delete `␍`                                       prettier/prettier
   55:67  warning  Delete `␍`                                       prettier/prettier
   56:2   warning  Delete `␍`                                       prettier/prettier
   57:1   warning  Delete `␍`                                       prettier/prettier
   58:17  warning  Delete `␍`                                       prettier/prettier
   59:10  warning  Delete `␍`                                       prettier/prettier
   60:1   warning  Delete `␍`                                       prettier/prettier
   61:11  warning  Delete `␍`                                       prettier/prettier
   62:8   warning  Delete `␍`                                       prettier/prettier
   63:48  warning  Delete `␍`                                       prettier/prettier
   64:46  warning  Delete `␍`                                       prettier/prettier
   65:34  warning  Delete `␍`                                       prettier/prettier
   66:20  warning  Delete `␍`                                       prettier/prettier
   67:35  warning  Delete `␍`                                       prettier/prettier
   68:32  warning  Delete `␍`                                       prettier/prettier
   69:22  warning  Delete `␍`                                       prettier/prettier
   70:33  warning  Delete `␍`                                       prettier/prettier
   71:32  warning  Delete `␍`                                       prettier/prettier
   72:13  warning  Delete `␍`                                       prettier/prettier
   73:24  warning  Delete `␍`                                       prettier/prettier
   74:23  warning  Delete `␍`                                       prettier/prettier
   75:65  warning  Delete `␍`                                       prettier/prettier
   76:51  warning  Delete `␍`                                       prettier/prettier
   77:90  warning  Delete `␍`                                       prettier/prettier
   78:24  warning  Delete `␍`                                       prettier/prettier
   79:17  warning  Delete `␍`                                       prettier/prettier
   80:15  warning  Delete `␍`                                       prettier/prettier
   81:1   warning  Delete `␍`                                       prettier/prettier
   82:29  warning  Delete `␍`                                       prettier/prettier
   83:16  warning  Delete `␍`                                       prettier/prettier
   84:28  warning  Delete `␍`                                       prettier/prettier
   85:22  warning  Delete `␍`                                       prettier/prettier
   86:15  warning  Delete `␍`                                       prettier/prettier
   87:32  warning  Delete `␍`                                       prettier/prettier
   88:9   warning  Attribute "style" should go before "@row-click"  vue/attributes-order
   88:32  warning  Delete `␍`                                       prettier/prettier
   89:8   warning  Delete `␍`                                       prettier/prettier
   90:61  warning  Delete `␍`                                       prettier/prettier
   91:37  warning  Delete `␍`                                       prettier/prettier
   92:40  warning  Delete `␍`                                       prettier/prettier
   93:81  warning  Delete `␍`                                       prettier/prettier
   94:69  warning  Delete `␍`                                       prettier/prettier
   95:22  warning  Delete `␍`                                       prettier/prettier
   96:27  warning  Delete `␍`                                       prettier/prettier
   97:78  warning  Delete `␍`                                       prettier/prettier
   98:40  warning  Delete `␍`                                       prettier/prettier
   99:91  warning  Delete `␍`                                       prettier/prettier
  100:50  warning  Delete `␍`                                       prettier/prettier
  101:22  warning  Delete `␍`                                       prettier/prettier
  102:27  warning  Delete `␍`                                       prettier/prettier
  103:86  warning  Delete `␍`                                       prettier/prettier
  104:51  warning  Delete `␍`                                       prettier/prettier
  105:82  warning  Delete `␍`                                       prettier/prettier
  106:27  warning  Delete `␍`                                       prettier/prettier
  107:18  warning  Delete `␍`                                       prettier/prettier
  108:1   warning  Delete `␍`                                       prettier/prettier
  109:21  warning  Delete `␍`                                       prettier/prettier
  110:42  warning  Delete `␍`                                       prettier/prettier
  111:43  warning  Delete `␍`                                       prettier/prettier
  112:23  warning  Delete `␍`                                       prettier/prettier
  113:40  warning  Delete `␍`                                       prettier/prettier
  114:57  warning  Delete `␍`                                       prettier/prettier
  115:19  warning  Delete `␍`                                       prettier/prettier
  116:27  warning  Delete `␍`                                       prettier/prettier
  117:31  warning  Delete `␍`                                       prettier/prettier
  118:28  warning  Delete `␍`                                       prettier/prettier
  119:9   warning  Delete `␍`                                       prettier/prettier
  120:15  warning  Delete `␍`                                       prettier/prettier
  121:9   warning  Delete `␍`                                       prettier/prettier
  122:12  warning  Delete `␍`                                       prettier/prettier
  123:1   warning  Delete `␍`                                       prettier/prettier
  124:15  warning  Delete `␍`                                       prettier/prettier
  125:14  warning  Delete `␍`                                       prettier/prettier
  126:23  warning  Delete `␍`                                       prettier/prettier
  127:2   warning  Delete `␍`                                       prettier/prettier
  128:35  warning  Delete `␍`                                       prettier/prettier
  129:20  warning  Delete `␍`                                       prettier/prettier
  130:2   warning  Delete `␍`                                       prettier/prettier
  131:14  warning  Delete `␍`                                       prettier/prettier
  132:20  warning  Delete `␍`                                       prettier/prettier
  133:17  warning  Delete `␍`                                       prettier/prettier
  134:29  warning  Delete `␍`                                       prettier/prettier
  135:2   warning  Delete `␍`                                       prettier/prettier
  136:8   warning  Delete `␍`                                       prettier/prettier
  137:26  warning  Delete `␍`                                       prettier/prettier
  138:19  warning  Delete `␍`                                       prettier/prettier
  139:18  warning  Delete `␍`                                       prettier/prettier
  140:2   warning  Delete `␍`                                       prettier/prettier
  141:9   warning  Delete `␍`                                       prettier/prettier
  142:18  warning  Delete `␍`                                       prettier/prettier
  143:2   warning  Delete `␍`                                       prettier/prettier
  144:9   warning  Delete `␍`                                       prettier/prettier

H:\codex\林家餐厅小程序\family-kitchen-c01\admin\vite.config.ts
   1:46  warning  Delete `␍`  prettier/prettier
   2:38  warning  Delete `␍`  prettier/prettier
   3:52  warning  Delete `␍`  prettier/prettier
   4:55  warning  Delete `␍`  prettier/prettier
   5:73  warning  Delete `␍`  prettier/prettier
   6:30  warning  Delete `␍`  prettier/prettier
   7:1   warning  Delete `␍`  prettier/prettier
   8:44  warning  Delete `␍`  prettier/prettier
   9:48  warning  Delete `␍`  prettier/prettier
  10:11  warning  Delete `␍`  prettier/prettier
  11:15  warning  Delete `␍`  prettier/prettier
  12:13  warning  Delete `␍`  prettier/prettier
  13:19  warning  Delete `␍`  prettier/prettier
  14:49  warning  Delete `␍`  prettier/prettier
  15:44  warning  Delete `␍`  prettier/prettier
  16:38  warning  Delete `␍`  prettier/prettier
  17:10  warning  Delete `␍`  prettier/prettier
  18:19  warning  Delete `␍`  prettier/prettier
  19:44  warning  Delete `␍`  prettier/prettier
  20:36  warning  Delete `␍`  prettier/prettier
  21:10  warning  Delete `␍`  prettier/prettier
  22:7   warning  Delete `␍`  prettier/prettier
  23:15  warning  Delete `␍`  prettier/prettier
  24:15  warning  Delete `␍`  prettier/prettier
  25:47  warning  Delete `␍`  prettier/prettier
  26:9   warning  Delete `␍`  prettier/prettier
  27:7   warning  Delete `␍`  prettier/prettier
  28:14  warning  Delete `␍`  prettier/prettier
  29:18  warning  Delete `␍`  prettier/prettier
  30:15  warning  Delete `␍`  prettier/prettier
  31:18  warning  Delete `␍`  prettier/prettier
  32:68  warning  Delete `␍`  prettier/prettier
  33:30  warning  Delete `␍`  prettier/prettier
  34:11  warning  Delete `␍`  prettier/prettier
  35:9   warning  Delete `␍`  prettier/prettier
  36:7   warning  Delete `␍`  prettier/prettier
  37:12  warning  Delete `␍`  prettier/prettier
  38:28  warning  Delete `␍`  prettier/prettier
  39:21  warning  Delete `␍`  prettier/prettier
  40:7   warning  Delete `␍`  prettier/prettier
  41:5   warning  Delete `␍`  prettier/prettier
  42:4   warning  Delete `␍`  prettier/prettier

✖ 8615 problems (1 error, 8614 warnings)
  0 errors and 8614 warnings potentially fixable with the `--fix` option.

H:\codex\林家餐厅小程序\family-kitchen-c01\admin:
 ERR_PNPM_RECURSIVE_RUN_FIRST_FAIL  @family-kitchen/admin@0.1.0 lint: `eslint . --max-warnings 0`
Exit status 1

{"label":"65-admin-lint","cwd":"H:\\codex\\林家餐厅小程序\\family-kitchen-c01","node":"v24.19.0","pnpmCli":"C:\\Users\\Administrator\\AppData\\Local\\pnpm\\store\\v11\\links\\@\\pnpm\\9.12.0\\49d8fa80e8205096741f5238215a507a7cc04fc3d20ff2b1c8b726b65d71c883\\node_modules\\pnpm\\bin\\pnpm.cjs","args":["--filter","@family-kitchen/admin","lint"],"started":"2026-09-03T16:21:42.013Z","timeoutSeconds":120,"sourceChanged":false,"databaseName":"c01_baseline_audit","localServicePorts":[33300,33301,33316,33319],"pid":15208,"code":1,"signal":null,"timedOut":false,"seconds":4.452}
